-- phpMyAdmin SQL Dump
-- version 4.6.6deb5
-- https://www.phpmyadmin.net/
--
-- Host: localhost:3306
-- Generation Time: Jan 14, 2020 at 02:56 PM
-- Server version: 8.0.17
-- PHP Version: 7.2.24-0ubuntu0.18.04.1

SET SQL_MODE = "NO_AUTO_VALUE_ON_ZERO";
SET time_zone = "+00:00";


/*!40101 SET @OLD_CHARACTER_SET_CLIENT=@@CHARACTER_SET_CLIENT */;
/*!40101 SET @OLD_CHARACTER_SET_RESULTS=@@CHARACTER_SET_RESULTS */;
/*!40101 SET @OLD_COLLATION_CONNECTION=@@COLLATION_CONNECTION */;
/*!40101 SET NAMES utf8mb4 */;

--
-- Database: `LMS_V2`
--

DELIMITER $$
--
-- Procedures
--
CREATE DEFINER=`parthiban`@`%` PROCEDURE `employee` (IN `id` INT(10))  NO SQL
    COMMENT 'TO GET EMPLOYEE DETAILS'
select * from employee_details a where a.employee_id=id$$

CREATE DEFINER=`parthiban`@`%` PROCEDURE `insert_employee` (IN `name` VARCHAR(255), IN `stat` INT(10), IN `created_at` DATETIME, IN `created_by` INT(10), IN `update_at` DATETIME, IN `update_by` INT(10))  NO SQL
    COMMENT 'INSERT EMPLOYEE TYPE'
INSERT INTO `employee_type` (`id`, `emptype_name`, `status`, `created_at`, `created_by`, `updated_at`, `updated_by`) VALUES (NULL, name, stat, created_at, created_by, update_at, update_by)$$

DELIMITER ;

-- --------------------------------------------------------

--
-- Table structure for table `activity_master`
--

CREATE TABLE `activity_master` (
  `id` int(11) NOT NULL,
  `activity_name` varchar(50) NOT NULL,
  `activity_type_id` int(10) NOT NULL,
  `apntmnt_related` int(1) NOT NULL COMMENT '1=Yes;2=No',
  `status` int(1) NOT NULL DEFAULT '1',
  `color` varchar(60) DEFAULT NULL,
  `created_at` datetime NOT NULL,
  `created_by` int(10) NOT NULL
) ENGINE=InnoDB DEFAULT CHARSET=latin1;

--
-- Dumping data for table `activity_master`
--

INSERT INTO `activity_master` (`id`, `activity_name`, `activity_type_id`, `apntmnt_related`, `status`, `color`, `created_at`, `created_by`) VALUES
(1, 'Sale', 1, 2, 1, '#F57F68', '2018-10-19 16:29:07', 1),
(2, 'Dropped', 1, 2, 1, '#F8B552', '2018-10-19 16:29:15', 1),
(3, 'Demo', 2, 2, 1, '#51B88A', '2018-10-20 09:25:43', 1),
(4, 'Call', 2, 1, 1, '#F8B552', '2018-10-20 09:25:53', 1),
(5, 'Follow up', 1, 1, 1, '#F57F68', '2018-10-23 00:00:00', 1),
(6, 'Document Pending', 1, 1, 1, '#24A2E5', '2018-10-23 00:00:00', 1),
(7, 'Cheque Pending', 1, 1, 1, '#C13360', '2018-10-24 00:00:00', 1),
(8, 'Lead', 1, 1, 1, '#51B88A', '2019-04-08 00:00:00', 1),
(9, 'Missed Appointments', 1, 1, 1, '#51B88A', '2019-04-08 00:00:00', 1);

-- --------------------------------------------------------

--
-- Table structure for table `activity_master_datafield`
--

CREATE TABLE `activity_master_datafield` (
  `activity_datafield_id` int(11) NOT NULL,
  `activity_id` int(11) NOT NULL,
  `field_label` varchar(50) NOT NULL,
  `data_type` int(1) NOT NULL,
  `status` int(1) NOT NULL COMMENT '1=Active;2=Inactive',
  `created_at` datetime DEFAULT NULL ON UPDATE CURRENT_TIMESTAMP,
  `created_by` int(1) NOT NULL
) ENGINE=InnoDB DEFAULT CHARSET=latin1;

-- --------------------------------------------------------

--
-- Table structure for table `activity_outcome`
--

CREATE TABLE `activity_outcome` (
  `id` int(11) NOT NULL,
  `activity_outcome_name` varchar(50) NOT NULL,
  `status` int(1) NOT NULL DEFAULT '1',
  `created_at` datetime NOT NULL,
  `created_by` int(10) NOT NULL
) ENGINE=InnoDB DEFAULT CHARSET=latin1;

-- --------------------------------------------------------

--
-- Table structure for table `activity_status`
--

CREATE TABLE `activity_status` (
  `id` int(11) NOT NULL,
  `activity_status_name` varchar(50) NOT NULL,
  `status` int(1) NOT NULL,
  `created_at` datetime NOT NULL,
  `created_by` int(10) NOT NULL
) ENGINE=InnoDB DEFAULT CHARSET=latin1;

-- --------------------------------------------------------

--
-- Table structure for table `activity_types`
--

CREATE TABLE `activity_types` (
  `id` int(11) NOT NULL,
  `activity_type_name` varchar(50) NOT NULL,
  `status` int(1) NOT NULL,
  `related_party_reference_id` int(10) DEFAULT NULL,
  `created_at` datetime NOT NULL,
  `created_by` int(10) NOT NULL
) ENGINE=InnoDB DEFAULT CHARSET=latin1;

-- --------------------------------------------------------

--
-- Table structure for table `apikey`
--

CREATE TABLE `apikey` (
  `id` int(11) NOT NULL,
  `type` varchar(50) NOT NULL,
  `apikey` longtext NOT NULL,
  `url` varchar(200) NOT NULL,
  `created_by` int(10) NOT NULL DEFAULT '0',
  `created_at` datetime DEFAULT NULL
) ENGINE=MyISAM DEFAULT CHARSET=latin1;

--
-- Dumping data for table `apikey`
--

INSERT INTO `apikey` (`id`, `type`, `apikey`, `url`, `created_by`, `created_at`) VALUES
(1, 'Android', 'AAAAVJLKM38:APA91bH3cVSJr5rHcXMwXg1n1nkCjcv8rqW03bancxC0FzrWrUr2iFik6ZzjELadTU1Nwi9XSKPRYGgVCF1VB57rKtCSrM1cdAMdBFLb0FnhaG7Y2MJEuLR3eM8MbSqRVH8m4wbhfS60', 'https://fcm.googleapis.com/fcm/send', 0, NULL);

-- --------------------------------------------------------

--
-- Table structure for table `appointments`
--

CREATE TABLE `appointments` (
  `id` int(11) NOT NULL,
  `year` varchar(4) NOT NULL,
  `month` int(2) NOT NULL,
  `prospect_id` int(11) NOT NULL,
  `employee_id` int(10) NOT NULL,
  `appoint_date` datetime NOT NULL,
  `activity_id` int(11) NOT NULL,
  `related_party_id` int(11) DEFAULT NULL COMMENT 'If ActivityType is internal, this refers to Managerid. If it is ClientInteraction, this refers to ProspectID',
  `time_in` datetime NOT NULL,
  `time_out` datetime NOT NULL,
  `gps_location` varchar(255) DEFAULT NULL,
  `activity_status_id` int(10) DEFAULT NULL COMMENT 'Scheduled, Cancelled, Held, Rescheduled',
  `activity_outcome_id` int(10) DEFAULT NULL COMMENT 'Dropped, Followup, Demo, Sale Initated',
  `status_update_time` datetime NOT NULL,
  `next_appointment_id` int(10) DEFAULT NULL COMMENT 'If Rescheduled',
  `remarks` varchar(255) DEFAULT NULL,
  `status` int(2) NOT NULL,
  `demo_status` int(1) DEFAULT '0' COMMENT '1=Demo not given ; 2=Demo; 3=After demo',
  `created_at` datetime NOT NULL,
  `created_by` int(10) NOT NULL,
  `updated_at` datetime DEFAULT NULL ON UPDATE CURRENT_TIMESTAMP,
  `updated_by` int(10) NOT NULL
) ENGINE=InnoDB DEFAULT CHARSET=latin1;

--
-- Dumping data for table `appointments`
--

INSERT INTO `appointments` (`id`, `year`, `month`, `prospect_id`, `employee_id`, `appoint_date`, `activity_id`, `related_party_id`, `time_in`, `time_out`, `gps_location`, `activity_status_id`, `activity_outcome_id`, `status_update_time`, `next_appointment_id`, `remarks`, `status`, `demo_status`, `created_at`, `created_by`, `updated_at`, `updated_by`) VALUES
(1, '2019', 11, 12, 320, '2019-11-30 00:00:00', 4, NULL, '2019-11-30 10:00:00', '2019-11-30 10:15:00', '13.03654033,80.25389597', NULL, 2, '2019-11-29 12:25:10', NULL, 'cancelled due to weather', 2, 0, '2019-11-29 12:25:10', 320, '2019-11-29 12:26:10', 320),
(2, '2019', 11, 2, 320, '2019-11-29 00:00:00', 3, NULL, '2019-11-29 22:00:00', '2019-11-29 22:15:00', '13.03662346,80.25385965', NULL, 1, '2019-11-29 12:48:45', NULL, 'completed at the line', 2, 0, '2019-11-29 12:48:45', 320, '2019-11-29 12:49:08', 320),
(3, '2019', 11, 5, 322, '2019-11-29 00:00:00', 5, NULL, '2019-11-29 14:50:00', '2019-11-29 15:15:00', '13.03658405,80.25389368', NULL, NULL, '2019-11-29 14:02:40', NULL, 'follow up with divya', 1, 0, '2019-11-29 14:02:40', 322, NULL, 322),
(4, '2019', 11, 35, 321, '2019-11-29 00:00:00', 7, NULL, '2019-11-29 17:12:00', '2019-11-29 18:57:00', '13.0366125,80.2538985', NULL, NULL, '2019-11-29 17:13:36', NULL, 'check the sales with cheque pending ', 1, 0, '2019-11-29 17:13:36', 321, NULL, 321),
(5, '2019', 11, 34, 321, '2019-12-01 00:00:00', 3, NULL, '2019-12-01 09:00:00', '2019-12-01 09:30:00', '13.03658256,80.25388857', NULL, 1, '2019-11-30 11:54:58', NULL, 'finished with a friend', 2, 0, '2019-11-30 11:54:58', 321, '2019-12-12 14:24:28', 321),
(6, '2019', 11, 33, 321, '2019-11-30 00:00:00', 5, NULL, '2019-11-30 16:00:00', '2019-11-30 16:30:00', '13.03658395,80.25388855', NULL, NULL, '2019-11-30 11:55:44', NULL, 'follow up with the customer', 2, 0, '2019-11-30 11:55:44', 321, '2019-12-12 16:11:26', 321),
(7, '2019', 11, 36, 323, '2019-11-30 00:00:00', 3, NULL, '2019-11-30 20:00:00', '2019-11-30 22:30:00', '13.03662912,80.25389781', NULL, 1, '2019-11-30 12:57:57', NULL, 'completed the first demo planned', 2, 0, '2019-11-30 12:57:57', 323, '2019-11-30 12:58:35', 323),
(8, '2019', 11, 13, 320, '2019-11-30 00:00:00', 4, NULL, '2019-11-30 18:00:00', '2019-11-30 18:10:00', '13.0365161,80.25396852', NULL, NULL, '2019-11-30 17:49:31', NULL, 'call', 1, 0, '2019-11-30 17:49:31', 320, NULL, 320),
(9, '2019', 12, 12, 320, '2019-12-02 00:00:00', 3, NULL, '2019-12-02 08:00:00', '2019-12-02 08:30:00', '13.03626572,80.25372332', NULL, 1, '2019-12-02 10:46:31', NULL, 'completed on 12th of dec', 2, 0, '2019-12-02 10:46:31', 320, '2019-12-12 11:10:56', 320),
(10, '2019', 12, 32, 321, '2019-12-02 00:00:00', 3, NULL, '2019-12-02 11:00:00', '2019-12-02 11:50:00', '13.03664789,80.25402469', NULL, NULL, '2019-12-02 10:51:05', NULL, 'demo place', 2, 0, '2019-12-02 10:51:05', 321, '2019-12-12 15:13:02', 321),
(11, '2019', 12, 31, 321, '2019-12-03 00:00:00', 4, NULL, '2019-12-03 09:00:00', '2019-12-03 09:15:00', '13.03626467,80.25419839', NULL, NULL, '2019-12-02 11:08:08', NULL, 'call', 2, 0, '2019-12-02 11:08:08', 321, '2019-12-11 15:52:29', 321),
(12, '2019', 12, 49, 330, '2019-12-10 00:00:00', 3, NULL, '2019-12-10 17:30:00', '2019-12-10 18:00:00', '13.03643833,80.253974', NULL, NULL, '2019-12-10 17:21:57', NULL, 'demo', 2, 0, '2019-12-10 17:21:57', 330, '2019-12-10 18:21:21', 330),
(13, '2019', 12, 48, 330, '2019-12-10 00:00:00', 4, NULL, '2019-12-10 18:00:00', '2019-12-10 18:10:00', '13.03656692,80.25388762', NULL, NULL, '2019-12-10 17:22:51', NULL, 'call', 1, 0, '2019-12-10 17:22:51', 330, NULL, 330),
(14, '2019', 12, 47, 330, '2019-12-10 00:00:00', 5, NULL, '2019-12-10 18:10:00', '2019-12-10 18:30:00', '13.03656262,80.25388686', NULL, NULL, '2019-12-10 17:23:53', NULL, 'first follow up', 1, 0, '2019-12-10 17:23:53', 330, NULL, 330),
(15, '2019', 12, 46, 330, '2019-12-10 00:00:00', 6, NULL, '2019-12-10 18:30:00', '2019-12-10 18:40:00', '13.03656262,80.25388686', NULL, NULL, '2019-12-10 17:24:28', NULL, 'document', 1, 0, '2019-12-10 17:24:28', 330, NULL, 330),
(16, '2019', 12, 50, 330, '2019-12-10 00:00:00', 7, NULL, '2019-12-10 18:40:00', '2019-12-10 18:50:00', '13.03658066,80.25389952', NULL, NULL, '2019-12-10 17:25:08', NULL, 'cheque', 1, 0, '2019-12-10 17:25:08', 330, NULL, 330),
(17, '2019', 12, 52, 330, '2019-12-10 00:00:00', 3, NULL, '2019-12-10 19:00:00', '2019-12-10 19:15:00', '13.03658804,80.25386807', NULL, 1, '2019-12-10 18:42:10', NULL, 'finished', 2, 0, '2019-12-10 18:42:10', 330, '2019-12-10 18:46:51', 330),
(18, '2019', 12, 53, 330, '2019-12-10 00:00:00', 3, NULL, '2019-12-10 19:20:00', '2019-12-10 19:25:00', '13.03659822,80.25387189', NULL, 1, '2019-12-10 18:53:10', NULL, 'test completed', 2, 0, '2019-12-10 18:53:10', 330, '2019-12-10 18:53:56', 330),
(19, '2019', 12, 59, 333, '2019-12-11 00:00:00', 4, NULL, '2019-12-11 12:00:00', '2019-12-11 12:10:00', '0.0,0.0', NULL, NULL, '2019-12-11 11:58:30', NULL, 'call', 1, 0, '2019-12-11 11:58:30', 333, NULL, 333),
(20, '2019', 12, 58, 333, '2019-12-11 00:00:00', 3, NULL, '2019-12-11 12:10:00', '2019-12-11 12:15:00', '0.0,0.0', NULL, NULL, '2019-12-11 11:59:20', NULL, 'demo', 1, 0, '2019-12-11 11:59:20', 333, NULL, 333),
(21, '2019', 12, 57, 333, '2019-12-11 00:00:00', 5, NULL, '2019-12-11 12:15:00', '2019-12-11 12:20:00', '0.0,0.0', NULL, NULL, '2019-12-11 11:59:53', NULL, 'follow up ', 1, 0, '2019-12-11 11:59:53', 333, NULL, 333),
(22, '2019', 12, 56, 333, '2019-12-11 00:00:00', 6, NULL, '2019-12-11 12:20:00', '2019-12-11 12:25:00', '0.0,0.0', NULL, NULL, '2019-12-11 12:00:20', NULL, 'document ', 1, 0, '2019-12-11 12:00:20', 333, NULL, 333),
(23, '2019', 12, 55, 333, '2019-12-11 00:00:00', 7, NULL, '2019-12-11 12:25:00', '2019-12-11 12:30:00', '0.0,0.0', NULL, 1, '2019-12-11 12:00:38', NULL, 'completed', 2, 0, '2019-12-11 12:00:38', 333, '2019-12-13 14:05:53', 333),
(24, '2019', 12, 9, 322, '2019-12-12 00:00:00', 4, NULL, '2019-12-12 17:00:00', '2019-12-12 17:15:00', '0.0,0.0', NULL, 1, '2019-12-12 16:15:15', NULL, 'call finished', 2, 0, '2019-12-12 16:15:15', 322, '2019-12-12 16:15:33', 322),
(25, '2019', 12, 10, 322, '2019-12-12 00:00:00', 5, NULL, '2019-12-12 16:50:00', '2019-12-12 17:10:00', '0.0,0.0', NULL, 2, '2019-12-12 16:16:03', NULL, 'call cancelled and removed', 2, 0, '2019-12-12 16:16:03', 322, '2019-12-12 16:17:26', 322),
(26, '2019', 12, 11, 322, '2019-12-12 00:00:00', 6, NULL, '2019-12-12 20:00:00', '2019-12-12 20:14:00', '0.0,0.0', NULL, 1, '2019-12-12 16:17:56', NULL, 'collected from online... so it completed', 2, 0, '2019-12-12 16:17:56', 322, '2019-12-12 16:18:39', 322),
(27, '2019', 12, 14, 322, '2019-12-12 00:00:00', 5, NULL, '2019-12-12 19:00:00', '2019-12-12 19:15:00', '0.0,0.0', NULL, NULL, '2019-12-12 16:21:50', NULL, 'follow up on 12', 1, 0, '2019-12-12 16:21:50', 322, NULL, 322),
(28, '2019', 12, 65, 326, '2019-12-12 00:00:00', 4, NULL, '2019-12-12 18:00:00', '2019-12-12 18:15:00', '0.0,0.0', NULL, 1, '2019-12-12 17:34:06', NULL, 'completed', 2, 0, '2019-12-12 17:34:06', 326, '2019-12-12 19:03:25', 326),
(29, '2019', 12, 65, 326, '2019-12-12 00:00:00', 3, NULL, '2019-12-12 21:00:00', '2019-12-12 21:15:00', '0.0,0.0', NULL, NULL, '2019-12-12 19:03:40', NULL, 'demi', 1, 0, '2019-12-12 19:03:40', 326, NULL, 326),
(30, '2019', 12, 66, 321, '2019-12-13 00:00:00', 4, NULL, '2019-12-13 11:00:00', '2019-12-13 11:20:00', '0.0,0.0', NULL, NULL, '2019-12-13 10:42:12', NULL, 'call on 13th dec', 1, 0, '2019-12-13 10:42:12', 321, NULL, 321),
(31, '2019', 12, 15, 322, '2019-12-13 00:00:00', 4, NULL, '2019-12-13 10:00:00', '2019-12-13 11:20:00', '0.0,0.0', NULL, NULL, '2019-12-13 11:37:28', NULL, 'call with clients', 1, 0, '2019-12-13 11:37:28', 322, NULL, 322),
(32, '2019', 12, 68, 321, '2019-12-13 00:00:00', 3, NULL, '2019-12-13 09:00:00', '2019-12-13 10:00:00', '0.0,0.0', NULL, 1, '2019-12-13 11:54:42', NULL, 'demo scheduled was completed successfully', 2, 0, '2019-12-13 11:54:42', 321, '2019-12-13 11:56:40', 321),
(33, '2019', 12, 69, 321, '2019-12-13 00:00:00', 3, NULL, '2019-12-13 06:00:00', '2019-12-13 07:00:00', '0.0,0.0', NULL, 1, '2019-12-13 11:58:02', NULL, 'completed the online application', 2, 0, '2019-12-13 11:58:02', 321, '2019-12-13 15:45:42', 321),
(34, '2019', 12, 72, 328, '2019-12-13 00:00:00', 7, NULL, '2019-12-13 13:55:00', '2019-12-13 14:15:00', '0.0,0.0', NULL, NULL, '2019-12-13 12:07:05', NULL, 'Chennai cheque pending for water purifier', 1, 0, '2019-12-13 12:07:05', 328, NULL, 328),
(35, '2019', 12, 71, 324, '2019-12-13 00:00:00', 7, NULL, '2019-12-13 22:00:00', '2019-12-13 23:19:00', '0.0,0.0', NULL, NULL, '2019-12-13 12:40:14', NULL, 'cheque for the use', 1, 0, '2019-12-13 12:40:14', 324, NULL, 324),
(36, '2019', 12, 16, 322, '2019-12-13 00:00:00', 4, NULL, '2019-12-13 19:00:00', '2019-12-13 19:15:00', '0.0,0.0', NULL, NULL, '2019-12-13 12:51:02', NULL, 'call', 1, 0, '2019-12-13 12:51:02', 322, NULL, 322),
(37, '2019', 12, 17, 322, '2019-12-13 00:00:00', 3, NULL, '2019-12-13 19:15:00', '2019-12-13 19:30:00', '0.0,0.0', NULL, NULL, '2019-12-13 12:52:04', NULL, 'demo for water purifier and vaccum cleaner', 1, 0, '2019-12-13 12:52:04', 322, NULL, 322),
(38, '2019', 12, 18, 322, '2019-12-13 00:00:00', 5, NULL, '2019-12-13 19:30:00', '2019-12-13 19:54:00', '0.0,0.0', NULL, NULL, '2019-12-13 13:55:41', NULL, 'follow up with customers', 1, 0, '2019-12-13 13:55:41', 322, NULL, 322),
(39, '2019', 12, 19, 322, '2019-12-13 00:00:00', 6, NULL, '2019-12-13 20:00:00', '2019-12-13 20:30:00', '0.0,0.0', NULL, NULL, '2019-12-13 13:56:04', NULL, 'document collection', 1, 0, '2019-12-13 13:56:04', 322, NULL, 322),
(40, '2019', 12, 20, 322, '2019-12-13 00:00:00', 7, NULL, '2019-12-13 21:10:00', '2019-12-13 21:20:00', '0.0,0.0', NULL, NULL, '2019-12-13 13:56:27', NULL, 'cheque collection', 2, 0, '2019-12-13 13:56:27', 322, '2020-01-08 12:52:58', 322),
(41, '2019', 12, 73, 326, '2019-12-13 00:00:00', 4, NULL, '2019-12-13 12:00:00', '2019-12-13 12:20:00', '0.0,0.0', NULL, NULL, '2019-12-13 13:59:48', NULL, 'call ', 1, 0, '2019-12-13 13:59:48', 326, NULL, 326),
(42, '2019', 12, 74, 326, '2019-12-13 00:00:00', 5, NULL, '2019-12-13 13:00:00', '2019-12-13 13:30:00', '0.0,0.0', NULL, NULL, '2019-12-13 14:00:08', NULL, 'follow up', 1, 0, '2019-12-13 14:00:08', 326, NULL, 326),
(43, '2019', 12, 75, 326, '2019-12-13 00:00:00', 6, NULL, '2019-12-13 13:45:00', '2019-12-13 13:55:00', '0.0,0.0', NULL, NULL, '2019-12-13 14:00:37', NULL, 'do cumevt collection', 1, 0, '2019-12-13 14:00:37', 326, NULL, 326),
(44, '2019', 12, 76, 326, '2019-12-13 00:00:00', 7, NULL, '2019-12-13 14:05:00', '2019-12-13 14:30:00', '0.0,0.0', NULL, NULL, '2019-12-13 14:00:55', NULL, 'cheque collection', 1, 0, '2019-12-13 14:00:55', 326, NULL, 326),
(45, '2019', 12, 55, 333, '2019-12-13 00:00:00', 7, NULL, '2019-12-13 18:00:00', '2019-12-13 18:20:00', '0.0,0.0', NULL, NULL, '2019-12-13 14:06:15', NULL, 'hag', 1, 0, '2019-12-13 14:06:15', 333, NULL, 333),
(46, '2019', 12, 69, 321, '2019-12-13 00:00:00', 7, NULL, '2019-12-13 18:00:00', '2019-12-13 18:35:00', '0.0,0.0', NULL, NULL, '2019-12-13 15:46:17', NULL, 'cheque', 1, 0, '2019-12-13 15:46:17', 321, NULL, 321),
(47, '2019', 12, 79, 321, '2019-12-14 00:00:00', 3, NULL, '2019-12-14 21:00:00', '2019-12-14 21:30:00', '0.0,0.0', NULL, NULL, '2019-12-13 15:56:15', NULL, 'demo scheduled for water purifier', 1, 0, '2019-12-13 15:56:15', 321, NULL, 321),
(48, '2019', 12, 80, 321, '2019-12-14 00:00:00', 5, NULL, '2019-12-14 21:35:00', '2019-12-14 22:00:00', '0.0,0.0', NULL, NULL, '2019-12-13 16:04:39', NULL, 'follow up on 14th dec', 1, 0, '2019-12-13 16:04:39', 321, NULL, 321),
(49, '2019', 12, 81, 321, '2019-12-14 00:00:00', 6, NULL, '2019-12-14 22:10:00', '2019-12-14 22:30:00', '13.037026666666668,80.25403833333333', NULL, NULL, '2019-12-13 16:09:26', NULL, 'documents to be collected ', 1, 0, '2019-12-13 16:09:26', 321, NULL, 321),
(50, '2019', 12, 82, 321, '2019-12-14 00:00:00', 4, NULL, '2019-12-14 22:45:00', '2019-12-14 23:00:00', '0.0,0.0', NULL, NULL, '2019-12-13 16:19:35', NULL, 'call of duty', 1, 0, '2019-12-13 16:19:35', 321, NULL, 321),
(51, '2019', 12, 83, 321, '2019-12-14 00:00:00', 6, NULL, '2019-12-14 23:00:00', '2019-12-14 23:30:00', '0.0,0.0', NULL, NULL, '2019-12-13 16:27:42', NULL, 'document pending', 1, 0, '2019-12-13 16:27:42', 321, NULL, 321),
(52, '2019', 12, 21, 322, '2019-12-27 00:00:00', 4, NULL, '2019-12-27 18:00:00', '2019-12-27 18:22:00', '0.0,0.0', NULL, NULL, '2019-12-27 15:23:34', NULL, 'call', 2, 0, '2019-12-27 15:23:34', 322, '2020-01-08 11:55:10', 322),
(53, '2019', 12, 92, 334, '2019-12-30 00:00:00', 4, NULL, '2019-12-30 10:00:00', '2019-12-30 10:30:00', '13.03658641,80.25388773', NULL, NULL, '2019-12-30 10:34:57', NULL, 'client Cal', 1, 0, '2019-12-30 10:34:57', 334, NULL, 334),
(54, '2019', 12, 37, 323, '2019-12-30 00:00:00', 3, NULL, '2019-12-30 11:00:00', '2019-12-30 11:45:00', '13.03658804,80.25389001', NULL, NULL, '2019-12-30 10:49:42', NULL, 'demo planned for the product water purifier', 2, 0, '2019-12-30 10:49:42', 323, '2020-01-08 14:07:34', 323),
(55, '2019', 12, 93, 338, '2019-12-30 00:00:00', 5, NULL, '2019-12-30 00:15:00', '2019-12-30 00:30:00', '13.03657119,80.25388852', NULL, NULL, '2019-12-30 11:08:41', NULL, 'follow up added with WP product', 1, 0, '2019-12-30 11:08:41', 338, NULL, 338),
(56, '2019', 12, 95, 337, '2019-12-30 00:00:00', 6, NULL, '2019-12-30 11:14:00', '2019-12-30 11:30:00', '13.0364917,80.25383398', NULL, NULL, '2019-12-30 11:15:10', NULL, 'document collection', 1, 0, '2019-12-30 11:15:10', 337, NULL, 337),
(57, '2019', 12, 96, 337, '2019-12-30 00:00:00', 7, NULL, '2019-12-30 11:45:00', '2019-12-30 12:10:00', '13.03641187,80.25384922', NULL, NULL, '2019-12-30 11:16:18', NULL, 'cheque cc collection', 1, 0, '2019-12-30 11:16:18', 337, NULL, 337),
(58, '2019', 12, 101, 336, '2019-12-30 00:00:00', 4, NULL, '2019-12-30 09:00:00', '2019-12-30 10:30:00', '13.03656001,80.25388741', NULL, NULL, '2019-12-30 11:20:48', NULL, 'call ', 2, 0, '2019-12-30 11:20:48', 336, '2020-01-08 18:53:12', 336),
(59, '2019', 12, 102, 335, '2019-12-30 00:00:00', 6, NULL, '2019-12-30 07:00:00', '2019-12-30 07:45:00', '13.03655395,80.25387045', NULL, NULL, '2019-12-30 11:26:04', NULL, 'document collection near by star labs', 2, 0, '2019-12-30 11:26:04', 335, '2020-01-08 17:48:11', 335),
(60, '2019', 12, 116, 328, '2019-12-30 00:00:00', 7, NULL, '2019-12-30 18:00:00', '2019-12-30 18:45:00', '13.03662945,80.25358879', NULL, NULL, '2019-12-30 14:48:26', NULL, 'fvbj', 1, 0, '2019-12-30 14:48:26', 328, NULL, 328),
(61, '2019', 12, 86, 321, '2019-12-30 00:00:00', 6, NULL, '2019-12-30 18:00:00', '2019-12-30 18:20:00', '13.03657948,80.25389165', NULL, NULL, '2019-12-30 14:55:47', NULL, 'ygxyhc', 1, 0, '2019-12-30 14:55:47', 321, NULL, 321),
(62, '2019', 12, 119, 328, '2020-01-01 00:00:00', 4, NULL, '2020-01-01 18:02:00', '2020-01-01 18:45:00', '13.03657967,80.2538925', NULL, NULL, '2019-12-31 12:03:07', NULL, 'call', 1, 0, '2019-12-31 12:03:07', 328, NULL, 328),
(63, '2020', 1, 120, 321, '2020-01-06 00:00:00', 3, NULL, '2020-01-06 16:15:00', '2020-01-06 16:55:00', '0.0,0.0', NULL, NULL, '2020-01-06 15:57:14', NULL, 'demo for the product water purifier', 1, 0, '2020-01-06 15:57:14', 321, NULL, 321),
(64, '2020', 1, 97, 337, '2020-01-07 00:00:00', 3, NULL, '2020-01-07 20:00:00', '2020-01-07 20:30:00', '0.0,0.0', NULL, NULL, '2020-01-06 18:01:06', NULL, 'demand', 1, 0, '2020-01-06 18:01:06', 337, NULL, 337),
(65, '2020', 1, 122, 321, '2020-01-07 00:00:00', 3, NULL, '2020-01-07 04:00:00', '2020-01-07 05:00:00', '0.0,0.0', NULL, NULL, '2020-01-07 10:30:17', NULL, 'demand for water purifier', 1, 0, '2020-01-07 10:30:17', 321, NULL, 321),
(66, '2020', 1, 131, 340, '2020-01-08 00:00:00', 3, NULL, '2020-01-08 17:00:00', '2020-01-08 17:20:00', '13.036650000000002,80.25379500000001', NULL, 1, '2020-01-08 16:46:25', NULL, 'reset ', 2, 0, '2020-01-08 16:46:25', 340, '2020-01-13 15:20:05', 340),
(67, '2020', 1, 99, 336, '2020-01-08 00:00:00', 5, NULL, '2020-01-08 18:13:00', '2020-01-08 18:55:00', '13.036650000000002,80.25379500000001', NULL, NULL, '2020-01-08 17:13:57', NULL, 'follow up', 2, 0, '2020-01-08 17:13:57', 336, '2020-01-08 19:01:26', 336),
(68, '2020', 1, 98, 336, '2020-01-08 00:00:00', 7, NULL, '2020-01-08 19:00:00', '2020-01-08 19:15:00', '13.036650000000002,80.25379500000001', NULL, NULL, '2020-01-08 17:14:14', NULL, 'cheque', 1, 0, '2020-01-08 17:14:14', 336, NULL, 336),
(69, '2020', 1, 132, 336, '2020-01-08 00:00:00', 6, NULL, '2020-01-08 19:19:00', '2020-01-08 19:50:00', '13.036650000000002,80.25379500000001', NULL, NULL, '2020-01-08 17:16:08', NULL, 'teyssh', 2, 0, '2020-01-08 17:16:08', 336, '2020-01-08 19:05:07', 336),
(70, '2020', 1, 105, 335, '2020-01-08 00:00:00', 3, NULL, '2020-01-08 18:00:00', '2020-01-08 18:30:00', '13.036650000000002,80.25379500000001', NULL, NULL, '2020-01-08 17:17:17', NULL, 'teyshs', 1, 0, '2020-01-08 17:17:17', 335, NULL, 335),
(71, '2020', 1, 138, 335, '2020-01-08 00:00:00', 4, NULL, '2020-01-08 22:00:00', '2020-01-08 22:15:00', '13.036715,80.25382166666667', NULL, NULL, '2020-01-08 18:22:43', NULL, 'hsbxb', 1, 0, '2020-01-08 18:22:43', 335, NULL, 335),
(72, '2020', 1, 142, 321, '2020-01-10 00:00:00', 3, NULL, '2020-01-10 19:59:00', '2020-01-10 20:22:00', '13.03670596,80.25415695', NULL, NULL, '2020-01-10 18:39:30', NULL, 'gxif', 1, 0, '2020-01-10 18:39:30', 321, NULL, 321),
(73, '2020', 1, 143, 321, '2020-01-10 00:00:00', 6, NULL, '2020-01-10 20:30:00', '2020-01-10 20:35:00', '13.03670596,80.25415695', NULL, NULL, '2020-01-10 18:40:25', NULL, 'doevs', 1, 0, '2020-01-10 18:40:25', 321, NULL, 321),
(74, '2020', 1, 144, 321, '2020-01-10 00:00:00', 7, NULL, '2020-01-10 20:40:00', '2020-01-10 20:50:00', '13.03670596,80.25415695', NULL, NULL, '2020-01-10 18:41:01', NULL, 'gsvsv', 1, 0, '2020-01-10 18:41:01', 321, NULL, 321),
(75, '2020', 1, 145, 321, '2020-01-10 00:00:00', 4, NULL, '2020-01-10 20:55:00', '2020-01-10 21:14:00', '13.03670596,80.25415695', NULL, NULL, '2020-01-10 18:41:37', NULL, 'ywh', 1, 0, '2020-01-10 18:41:37', 321, NULL, 321),
(76, '2020', 1, 146, 321, '2020-01-10 00:00:00', 5, NULL, '2020-01-10 21:25:00', '2020-01-10 21:55:00', '13.03670596,80.25415695', NULL, NULL, '2020-01-10 18:42:26', NULL, 'ta ysv', 1, 0, '2020-01-10 18:42:26', 321, NULL, 321),
(77, '2020', 1, 147, 336, '2020-01-10 00:00:00', 3, NULL, '2020-01-10 18:00:00', '2020-01-10 18:44:00', '13.0366191,80.2538975', NULL, NULL, '2020-01-10 18:43:23', NULL, 'demi', 1, 0, '2020-01-10 18:43:23', 336, NULL, 336),
(78, '2020', 1, 148, 336, '2020-01-10 00:00:00', 5, NULL, '2020-01-10 18:50:00', '2020-01-10 19:09:00', '13.0365997,80.2538928', NULL, NULL, '2020-01-10 18:44:06', NULL, 'hxv', 1, 0, '2020-01-10 18:44:06', 336, NULL, 336),
(79, '2020', 1, 149, 336, '2020-01-10 00:00:00', 4, NULL, '2020-01-10 19:10:00', '2020-01-10 19:20:00', '13.035986423492432,80.25409698486328', NULL, NULL, '2020-01-10 18:44:40', NULL, 'calls ', 1, 0, '2020-01-10 18:44:40', 336, NULL, 336),
(80, '2020', 1, 151, 323, '2020-01-13 00:00:00', 3, NULL, '2020-01-13 00:00:00', '2020-01-13 00:30:00', '0.0,0.0', NULL, NULL, '2020-01-13 11:30:17', NULL, 'demo', 1, 0, '2020-01-13 11:30:17', 323, NULL, 323),
(81, '2020', 1, 152, 323, '2020-01-13 00:00:00', 4, NULL, '2020-01-13 11:35:00', '2020-01-13 11:50:00', '0.0,0.0', NULL, NULL, '2020-01-13 11:31:05', NULL, 'call', 1, 0, '2020-01-13 11:31:05', 323, NULL, 323),
(82, '2020', 1, 153, 323, '2020-01-13 00:00:00', 5, NULL, '2020-01-13 01:00:00', '2020-01-13 01:21:00', '0.0,0.0', NULL, NULL, '2020-01-13 11:32:45', NULL, 'follow up', 1, 0, '2020-01-13 11:32:45', 323, NULL, 323),
(83, '2020', 1, 154, 323, '2020-01-13 00:00:00', 6, NULL, '2020-01-13 01:30:00', '2020-01-13 01:45:00', '0.0,0.0', NULL, NULL, '2020-01-13 11:33:22', NULL, 'document collection', 1, 0, '2020-01-13 11:33:22', 323, NULL, 323),
(84, '2020', 1, 155, 323, '2020-01-13 00:00:00', 7, NULL, '2020-01-13 14:00:00', '2020-01-13 14:30:00', '0.0,0.0', NULL, NULL, '2020-01-13 11:34:17', NULL, 'cheque pending', 1, 0, '2020-01-13 11:34:17', 323, NULL, 323),
(85, '2020', 1, 121, 337, '2020-01-13 00:00:00', 4, NULL, '2020-01-13 12:35:00', '2020-01-13 12:55:00', '0.0,0.0', NULL, NULL, '2020-01-13 12:35:10', NULL, 'call', 1, 0, '2020-01-13 12:35:10', 337, NULL, 337),
(86, '2020', 1, 162, 337, '2020-01-13 00:00:00', 3, NULL, '2020-01-13 13:00:00', '2020-01-13 13:30:00', '0.0,0.0', NULL, NULL, '2020-01-13 12:35:41', NULL, 'demo', 1, 0, '2020-01-13 12:35:41', 337, NULL, 337),
(87, '2020', 1, 163, 337, '2020-01-13 00:00:00', 5, NULL, '2020-01-13 13:36:00', '2020-01-13 13:55:00', '0.0,0.0', NULL, NULL, '2020-01-13 12:36:26', NULL, 'follow up', 1, 0, '2020-01-13 12:36:26', 337, NULL, 337),
(88, '2020', 1, 164, 337, '2020-01-13 00:00:00', 6, NULL, '2020-01-13 14:00:00', '2020-01-13 14:34:00', '0.0,0.0', NULL, NULL, '2020-01-13 12:39:43', NULL, 'document pending', 1, 0, '2020-01-13 12:39:43', 337, NULL, 337),
(89, '2020', 1, 165, 337, '2020-01-13 00:00:00', 7, NULL, '2020-01-13 14:40:00', '2020-01-13 15:00:00', '0.0,0.0', NULL, NULL, '2020-01-13 12:40:27', NULL, 'Che', 1, 0, '2020-01-13 12:40:27', 337, NULL, 337),
(90, '2020', 1, 70, 324, '2020-01-13 00:00:00', 3, NULL, '2020-01-13 19:00:00', '2020-01-13 19:30:00', '13.03660765,80.25389389', NULL, 1, '2020-01-13 18:17:36', NULL, 'postponed', 2, 0, '2020-01-13 18:17:36', 324, '2020-01-13 18:18:46', 324);

-- --------------------------------------------------------

--
-- Table structure for table `appversion`
--

CREATE TABLE `appversion` (
  `id_app_version` int(1) NOT NULL DEFAULT '0',
  `app_name` varchar(50) DEFAULT NULL,
  `app_version` varchar(15) DEFAULT NULL
) ENGINE=InnoDB DEFAULT CHARSET=latin1;

--
-- Dumping data for table `appversion`
--

INSERT INTO `appversion` (`id_app_version`, `app_name`, `app_version`) VALUES
(1, 'Elango', '1.0');

-- --------------------------------------------------------

--
-- Table structure for table `area`
--

CREATE TABLE `area` (
  `area_id` int(11) NOT NULL,
  `countryid` int(11) NOT NULL,
  `stateid` int(11) NOT NULL,
  `cityid` int(11) NOT NULL,
  `pincodeid` int(11) NOT NULL,
  `area` int(50) NOT NULL,
  `areastatus` int(1) NOT NULL COMMENT '1=Active;2=Inactive',
  `userid` int(11) NOT NULL,
  `timestamp` datetime DEFAULT NULL ON UPDATE CURRENT_TIMESTAMP
) ENGINE=InnoDB DEFAULT CHARSET=latin1;

-- --------------------------------------------------------

--
-- Table structure for table `attendance_entry`
--

CREATE TABLE `attendance_entry` (
  `id` int(11) NOT NULL,
  `empid` int(10) NOT NULL,
  `entry_date` date NOT NULL,
  `sign_intime` datetime NOT NULL,
  `sign_ingps` varchar(60) NOT NULL,
  `sign_outtime` datetime DEFAULT NULL,
  `sign_outgps` varchar(60) NOT NULL DEFAULT '0',
  `signin_appimode` enum('Self','Supervisor') NOT NULL COMMENT 'Supervisor/Self',
  `sign_inby` int(10) NOT NULL,
  `sign_instatus` bigint(4) NOT NULL COMMENT 'PendingApproval(default at Signin)/Approved/Rejected',
  `signin_approve_by` int(10) DEFAULT NULL,
  `signout_appimode` enum('Self','Supervisor') NOT NULL COMMENT 'Supervisor/Self',
  `signout_by` int(10) NOT NULL DEFAULT '1' COMMENT 'employe_id',
  `signout_status` bigint(4) DEFAULT NULL COMMENT 'PendingApproval(default at Signin)/Approved',
  `signout_approve_by` int(10) DEFAULT NULL,
  `remarks` varchar(255) DEFAULT NULL,
  `status` int(1) NOT NULL,
  `created_at` date NOT NULL,
  `created_by` int(10) NOT NULL,
  `updated_at` datetime DEFAULT NULL ON UPDATE CURRENT_TIMESTAMP,
  `updated_by` int(10) DEFAULT NULL
) ENGINE=InnoDB DEFAULT CHARSET=latin1;

--
-- Dumping data for table `attendance_entry`
--

INSERT INTO `attendance_entry` (`id`, `empid`, `entry_date`, `sign_intime`, `sign_ingps`, `sign_outtime`, `sign_outgps`, `signin_appimode`, `sign_inby`, `sign_instatus`, `signin_approve_by`, `signout_appimode`, `signout_by`, `signout_status`, `signout_approve_by`, `remarks`, `status`, `created_at`, `created_by`, `updated_at`, `updated_by`) VALUES
(1, 319, '2019-11-29', '2019-11-29 10:55:35', '13.0366126,80.2538994', NULL, '0', 'Self', 319, 1, NULL, 'Self', 1, 0, NULL, NULL, 1, '2019-11-29', 319, NULL, NULL),
(2, 320, '2019-11-29', '2019-11-29 10:58:05', '13.0366132,80.2538993', '2019-11-30 12:02:22', '13.0366125,80.2538985', 'Self', 320, 2, 319, 'Self', 320, 3, 1, NULL, 1, '2019-11-29', 320, '2019-11-30 12:03:11', NULL),
(3, 322, '2019-11-29', '2019-11-29 13:56:18', '13.0366128,80.2538967', '2019-11-30 10:38:18', '13.036613,80.2538992', 'Self', 322, 2, 320, 'Self', 322, 1, NULL, NULL, 1, '2019-11-29', 322, '2019-11-30 10:38:18', NULL),
(4, 321, '2019-11-29', '2019-11-29 14:22:53', '13.0366132,80.2538993', '2019-11-30 14:12:28', '13.0366119,80.253897', 'Self', 321, 2, 320, 'Self', 321, 1, NULL, NULL, 1, '2019-11-29', 321, '2019-11-30 14:12:28', NULL),
(5, 323, '2019-11-29', '2019-11-29 15:45:06', '13.0366135,80.2538981', '2019-11-29 16:31:13', '13.0366138,80.253897', 'Self', 323, 2, 320, 'Self', 323, 3, 320, NULL, 1, '2019-11-29', 323, '2019-11-29 16:31:33', NULL),
(6, 322, '2019-11-30', '2019-11-30 10:41:02', '13.0366134,80.2538988', NULL, '0', 'Self', 322, 1, NULL, 'Self', 1, 0, NULL, NULL, 1, '2019-11-30', 322, NULL, NULL),
(7, 323, '2019-11-30', '2019-11-30 12:21:50', '13.0366129,80.2538992', '2020-01-10 18:56:22', '13.0366027,80.2539039', 'Self', 323, 1, NULL, 'Self', 323, 1, NULL, NULL, 1, '2019-11-30', 323, '2020-01-10 18:56:22', NULL),
(8, 324, '2019-11-30', '2019-11-30 12:52:46', '13.0366125,80.2538985', '2019-12-13 12:02:55', '13.0366135,80.2538989', 'Self', 324, 1, NULL, 'Self', 324, 1, NULL, NULL, 1, '2019-11-30', 324, '2019-12-13 12:02:55', NULL),
(9, 321, '2019-11-30', '2019-11-30 14:10:16', '13.0366132,80.2538993', '2020-01-13 11:18:42', '13.0366091,80.2538872', 'Supervisor', 320, 2, 320, 'Self', 321, 1, NULL, NULL, 1, '2019-11-30', 320, '2020-01-13 11:18:42', NULL),
(10, 320, '2019-11-30', '2019-11-30 14:47:50', '13.0366125,80.2538985', NULL, '0', 'Self', 320, 1, NULL, 'Self', 1, 0, NULL, NULL, 1, '2019-11-30', 320, NULL, NULL),
(11, 325, '2019-11-30', '2019-11-30 14:50:24', '13.0364139,80.25217', NULL, '0', 'Self', 325, 1, NULL, 'Self', 1, 0, NULL, NULL, 1, '2019-11-30', 325, NULL, NULL),
(12, 326, '2019-11-30', '2019-11-30 15:02:27', '13.0366131,80.2538993', '2019-12-12 17:14:31', '13.0366013,80.2539128', 'Self', 326, 1, NULL, 'Self', 326, 1, NULL, NULL, 1, '2019-11-30', 326, '2019-12-12 17:14:31', NULL),
(13, 323, '2019-12-02', '2019-12-02 10:16:03', '13.0366107,80.2538995', '2020-01-10 18:56:33', '13.0365822,80.2539046', 'Self', 323, 2, 320, 'Self', 323, 1, NULL, NULL, 1, '2019-12-02', 323, '2020-01-10 18:56:33', NULL),
(14, 321, '2019-12-02', '2019-12-02 10:36:30', '13.0366133,80.2538996', '2019-12-02 10:36:47', '13.0366133,80.2538994', 'Self', 321, 3, 320, 'Self', 321, 3, 1, NULL, 1, '2019-12-02', 321, '2019-12-02 12:03:25', NULL),
(15, 324, '2019-12-02', '2019-12-02 10:47:14', '13.036613,80.2538996', '2020-01-13 11:27:40', '13.0366006,80.2539027', 'Supervisor', 320, 2, 320, 'Self', 324, 1, NULL, NULL, 1, '2019-12-02', 320, '2020-01-13 11:27:40', NULL),
(16, 322, '2019-12-02', '2019-12-02 10:47:15', '13.036613,80.2538996', NULL, '0', 'Supervisor', 320, 2, 320, 'Self', 1, 0, NULL, NULL, 1, '2019-12-02', 320, NULL, NULL),
(17, 321, '2019-12-06', '2019-12-06 16:13:46', '13.0366034,80.2539043', '2020-01-13 11:18:54', '13.0365968,80.2538909', 'Self', 321, 1, NULL, 'Self', 321, 1, NULL, NULL, 1, '2019-12-06', 321, '2020-01-13 11:18:54', NULL),
(18, 322, '2019-12-06', '2019-12-06 16:31:18', '13.036506,80.2546091', NULL, '0', 'Self', 322, 1, NULL, 'Self', 1, 0, NULL, NULL, 1, '2019-12-06', 322, NULL, NULL),
(19, 330, '2019-12-10', '2019-12-10 16:31:31', '13.0366007,80.2538978', '2019-12-12 17:39:39', '13.036607,80.2539049', 'Self', 330, 2, 329, 'Self', 330, 1, NULL, NULL, 1, '2019-12-10', 330, '2019-12-12 17:39:39', NULL),
(20, 332, '2019-12-11', '2019-12-11 11:50:36', '13.0366025,80.2538982', '2019-12-13 12:34:39', '13.0366133,80.2538977', 'Self', 332, 1, NULL, 'Self', 332, 1, NULL, NULL, 1, '2019-12-11', 332, '2019-12-13 12:34:39', NULL),
(21, 321, '2019-12-07', '2019-12-07 15:18:34', '13.0366399,80.2538907', '2020-01-13 11:24:44', '13.036602,80.2538976', 'Self', 321, 1, NULL, 'Self', 321, 1, NULL, NULL, 1, '2019-12-07', 321, '2020-01-13 11:24:44', NULL),
(22, 321, '2019-12-11', '2019-12-11 15:57:16', '13.0366143,80.253895', '2019-12-11 15:58:52', '13.0366197,80.2539043', 'Self', 321, 2, 320, 'Self', 321, 3, 320, NULL, 1, '2019-12-11', 321, '2019-12-11 15:59:00', NULL),
(23, 322, '2019-12-11', '2019-12-11 16:01:47', '13.0366124,80.2539006', '2019-12-11 16:04:36', '13.0366206,80.2539048', 'Self', 322, 2, 1, 'Self', 322, 3, 1, NULL, 1, '2019-12-11', 322, '2019-12-11 16:04:55', NULL),
(24, 323, '2019-12-11', '2019-12-11 16:03:00', '13.0366062,80.2539053', '2020-01-10 18:56:34', '13.0365822,80.2539046', 'Supervisor', 320, 2, 320, 'Self', 323, 1, NULL, NULL, 1, '2019-12-11', 320, '2020-01-10 18:56:34', NULL),
(25, 321, '2019-12-12', '2019-12-12 10:33:48', '13.0366059,80.2539042', '2020-01-13 11:24:58', '13.0366015,80.2538867', 'Self', 321, 1, NULL, 'Self', 321, 1, NULL, NULL, 1, '2019-12-12', 321, '2020-01-13 11:24:58', NULL),
(26, 320, '2019-12-12', '2019-12-12 10:55:02', '13.0366124,80.2539007', NULL, '0', 'Self', 320, 1, NULL, 'Self', 1, 0, NULL, NULL, 1, '2019-12-12', 320, NULL, NULL),
(27, 324, '2019-12-12', '2019-12-12 10:55:46', '13.0366207,80.2539047', '2020-01-13 12:59:43', '13.0366034,80.253903', 'Supervisor', 320, 2, 320, 'Self', 324, 1, NULL, NULL, 1, '2019-12-12', 320, '2020-01-13 12:59:43', NULL),
(28, 326, '2019-12-12', '2019-12-12 17:14:56', '13.0365963,80.253893', NULL, '0', 'Self', 326, 1, NULL, 'Self', 1, 0, NULL, NULL, 1, '2019-12-12', 326, NULL, NULL),
(29, 330, '2019-12-12', '2019-12-12 17:39:58', '13.0366079,80.2539013', NULL, '0', 'Self', 330, 1, NULL, 'Self', 1, 0, NULL, NULL, 1, '2019-12-12', 330, NULL, NULL),
(30, 322, '2019-12-12', '2019-12-12 17:49:14', '13.0366197,80.2539043', NULL, '0', 'Self', 322, 1, NULL, 'Self', 1, 0, NULL, NULL, 1, '2019-12-12', 322, NULL, NULL),
(31, 327, '2019-12-12', '2019-12-12 17:50:46', '13.0366054,80.2539043', NULL, '0', 'Self', 327, 1, NULL, 'Self', 1, 0, NULL, NULL, 1, '2019-12-12', 327, NULL, NULL),
(32, 326, '2019-12-13', '2019-12-13 10:54:04', '13.0366102,80.2538934', '2019-12-13 10:54:05', '13.0366102,80.2538934', 'Self', 326, 2, 325, 'Self', 326, 1, NULL, NULL, 1, '2019-12-13', 326, '2019-12-13 11:28:07', NULL),
(33, 321, '2019-12-13', '2019-12-13 11:47:36', '13.0366053,80.2539029', NULL, '0', 'Self', 321, 2, 320, 'Self', 1, 0, NULL, NULL, 1, '2019-12-13', 321, '2019-12-13 17:23:02', NULL),
(34, 322, '2019-12-13', '2019-12-13 11:59:49', '13.0366058,80.2539044', '2019-12-13 17:26:20', '13.0366242,80.2539023', 'Self', 322, 2, 320, 'Self', 322, 1, NULL, NULL, 1, '2019-12-13', 322, '2019-12-13 17:26:20', NULL),
(35, 323, '2019-12-13', '2019-12-13 12:00:22', '13.0366059,80.2539031', '2019-12-13 12:01:22', '13.0366125,80.2539007', 'Self', 323, 1, NULL, 'Self', 323, 1, NULL, NULL, 1, '2019-12-13', 323, '2019-12-13 12:02:03', NULL),
(36, 324, '2019-12-13', '2019-12-13 12:02:57', '13.0366135,80.2538989', '2019-12-13 17:12:12', '13.0366197,80.2539043', 'Self', 324, 3, 320, 'Self', 324, 3, 320, NULL, 1, '2019-12-13', 324, '2019-12-13 18:28:03', NULL),
(37, 328, '2019-12-13', '2019-12-13 12:05:37', '13.0366245,80.2539124', '2019-12-31 11:33:30', '13.036603,80.2539041', 'Self', 328, 1, NULL, 'Self', 328, 1, NULL, NULL, 1, '2019-12-13', 328, '2019-12-31 11:33:30', NULL),
(38, 332, '2019-12-13', '2019-12-13 12:34:42', '13.036613,80.2538984', '2019-12-13 12:35:29', '13.0366116,80.2538962', 'Self', 332, 2, 330, 'Self', 332, 1, NULL, NULL, 1, '2019-12-13', 332, '2019-12-13 15:33:57', NULL),
(39, 333, '2019-12-13', '2019-12-13 14:05:37', '13.036606,80.2539041', NULL, '0', 'Self', 333, 2, 330, 'Self', 1, 0, NULL, NULL, 1, '2019-12-13', 333, '2019-12-13 15:34:00', NULL),
(40, 331, '2019-12-13', '2019-12-13 15:22:23', '13.0366051,80.253904', NULL, '0', 'Self', 331, 2, 330, 'Self', 1, 0, NULL, NULL, 1, '2019-12-13', 331, '2019-12-13 15:34:01', NULL),
(41, 320, '2019-12-13', '2019-12-13 17:27:27', '13.036615,80.2539117', '2019-12-13 17:28:43', '13.0366197,80.2539043', 'Self', 320, 2, 319, 'Self', 320, 3, 319, NULL, 1, '2019-12-13', 320, '2019-12-13 17:40:16', NULL),
(42, 334, '2019-12-13', '2019-12-13 17:32:11', '13.0366146,80.2539006', '2019-12-13 17:38:10', '13.0366225,80.253904', 'Self', 334, 1, NULL, 'Self', 334, 1, NULL, NULL, 1, '2019-12-13', 334, '2019-12-13 17:38:54', NULL),
(43, 321, '2019-12-27', '2019-12-13 11:47:36', 'lat,long', '2019-12-27 17:33:45', '13.0365959,80.2538901', 'Self', 321, 2, 320, 'Self', 321, 3, 320, NULL, 1, '2019-12-27', 321, '2019-12-30 10:15:42', NULL),
(44, 335, '2019-12-30', '2019-12-30 10:54:16', '13.0365997,80.2538915', NULL, '0', 'Self', 335, 1, NULL, 'Self', 1, 0, NULL, NULL, 1, '2019-12-30', 335, NULL, NULL),
(45, 336, '2019-12-30', '2019-12-30 10:58:28', '13.0366009,80.2538981', '2020-01-07 18:44:40', '13.0366033,80.2539034', 'Self', 336, 1, NULL, 'Self', 336, 1, NULL, NULL, 1, '2019-12-30', 336, '2020-01-07 18:44:40', NULL),
(46, 337, '2019-12-30', '2019-12-30 11:02:14', '13.0366025,80.2539041', '2020-01-06 17:59:28', '13.0366038,80.2539037', 'Self', 337, 1, NULL, 'Self', 337, 1, NULL, NULL, 1, '2019-12-30', 337, '2020-01-06 17:59:28', NULL),
(47, 328, '2019-12-31', '2019-12-31 11:31:06', '13.0365912,80.2538998', NULL, '13.0365988,80.2538917', 'Supervisor', 326, 2, 326, 'Self', 328, 1, NULL, NULL, 1, '2019-12-31', 326, '2020-01-07 11:57:08', NULL),
(48, 335, '2019-12-31', '2019-12-31 11:31:06', '13.0365912,80.2538998', NULL, '0', 'Supervisor', 326, 2, 326, 'Self', 1, 0, NULL, NULL, 1, '2019-12-31', 326, NULL, NULL),
(49, 336, '2019-12-31', '2019-12-31 11:31:06', '13.0365912,80.2538998', '2020-01-07 18:45:03', '13.0366031,80.2539034', 'Supervisor', 326, 2, 326, 'Self', 336, 1, NULL, NULL, 1, '2019-12-31', 326, '2020-01-07 18:45:03', NULL),
(50, 338, '2019-12-31', '2019-12-31 11:31:30', '13.0365977,80.2538892', '2020-01-07 18:43:08', '13.036604,80.2539033', 'Supervisor', 326, 2, 326, 'Self', 338, 1, NULL, NULL, 1, '2019-12-31', 326, '2020-01-07 18:43:08', NULL),
(51, 321, '2020-01-06', '2020-01-06 15:49:58', '13.0366265,80.2538922', NULL, '0', 'Self', 321, 1, NULL, 'Self', 1, 0, NULL, NULL, 1, '2020-01-06', 321, NULL, NULL),
(52, 340, '2020-01-06', '2020-01-06 17:43:14', '13.0366191,80.2538975', NULL, '0', 'Self', 340, 1, NULL, 'Self', 1, 0, NULL, NULL, 1, '2020-01-06', 340, NULL, NULL),
(53, 337, '2020-01-06', '2020-01-06 17:59:41', '13.0366051,80.2539039', '2020-01-07 10:16:05', '13.0366055,80.2539035', 'Self', 337, 1, NULL, 'Self', 337, 1, NULL, NULL, 1, '2020-01-06', 337, '2020-01-07 10:16:05', NULL),
(54, 337, '2020-01-07', '2020-01-06 17:59:41', 'lat,long', '2020-01-07 10:16:28', '13.0366055,80.2539037', 'Self', 337, 1, NULL, 'Self', 337, 1, NULL, NULL, 1, '2020-01-07', 337, NULL, NULL),
(55, 321, '2020-01-07', '2020-01-06 15:49:58', 'lat,long', '2020-01-07 10:18:35', '13.0365916,80.2539008', 'Self', 321, 2, 320, 'Self', 321, 1, NULL, NULL, 1, '2020-01-07', 321, '2020-01-07 11:35:31', NULL),
(56, 341, '2020-01-07', '2020-01-07 11:13:36', '13.0366238,80.2539036', NULL, '', 'Self', 341, 1, NULL, 'Self', 341, 0, NULL, NULL, 1, '2020-01-07', 341, NULL, NULL),
(57, 343, '2020-01-07', '2020-01-07 11:20:32', '13.0366162,80.2539048', NULL, '', 'Self', 343, 1, NULL, 'Self', 343, 0, NULL, NULL, 1, '2020-01-07', 343, NULL, NULL),
(58, 320, '2020-01-07', '2020-01-07 11:30:46', '13.0366265,80.2538887', NULL, '0', 'Self', 320, 1, NULL, 'Self', 1, 0, NULL, NULL, 1, '2020-01-07', 320, NULL, NULL),
(60, 328, '2020-01-07', '2019-12-31 11:31:06', 'lat,long', '2020-01-07 12:01:12', '13.0366042,80.2539023', 'Self', 328, 1, NULL, 'Self', 328, 1, NULL, NULL, 1, '2020-01-07', 328, NULL, NULL),
(61, 324, '2020-01-07', '2020-01-07 12:06:17', '13.0366038,80.2539034', '2020-01-07 12:07:06', '13.0366041,80.2539036', 'Self', 324, 1, NULL, 'Self', 324, 1, NULL, NULL, 1, '2020-01-07', 324, '2020-01-07 12:07:20', NULL),
(62, 338, '2020-01-07', '2020-01-07 18:43:36', '13.0366028,80.2539042', '2020-01-13 12:59:21', '13.0366033,80.2539035', 'Self', 338, 1, NULL, 'Self', 338, 1, NULL, NULL, 1, '2020-01-07', 338, '2020-01-13 12:59:21', NULL),
(63, 336, '2020-01-08', '2020-01-08 10:43:40', '13.0365992,80.2538924', '2020-01-10 17:56:10', '13.036594,80.2538924', 'Self', 336, 1, NULL, 'Self', 336, 1, NULL, NULL, 1, '2020-01-08', 336, '2020-01-10 17:56:10', NULL),
(64, 323, '2020-01-08', '2020-01-08 11:02:07', '13.0365903,80.2538986', '2020-01-10 18:56:34', '13.0365822,80.2539046', 'Self', 323, 1, NULL, 'Self', 323, 1, NULL, NULL, 1, '2020-01-08', 323, '2020-01-10 18:56:34', NULL),
(65, 324, '2020-01-08', '2020-01-08 11:36:04', '13.0365822,80.2539046', '2020-01-13 14:02:17', '13.0366032,80.2539031', 'Self', 324, 1, NULL, 'Self', 324, 1, NULL, NULL, 1, '2020-01-08', 324, '2020-01-13 14:02:17', NULL),
(66, 340, '2020-01-08', '2020-01-06 17:43:14', 'lat,long', '2020-01-08 14:31:01', '13.0365987,80.2538904', 'Self', 340, 1, NULL, 'Self', 340, 1, NULL, NULL, 1, '2020-01-08', 340, NULL, NULL),
(67, 336, '2020-01-10', '2020-01-10 17:56:34', '13.0366118,80.2539095', NULL, '', 'Self', 336, 1, NULL, 'Self', 336, 0, NULL, NULL, 1, '2020-01-10', 336, NULL, NULL),
(68, 321, '2020-01-10', '2020-01-10 18:37:45', '13.0366022,80.2539047', NULL, '0', 'Self', 321, 1, NULL, 'Self', 1, 0, NULL, NULL, 1, '2020-01-10', 321, NULL, NULL),
(69, 323, '2020-01-10', '2020-01-10 18:56:59', '13.0366023,80.2539038', '2020-01-13 11:25:12', '13.0366037,80.2539036', 'Self', 323, 1, NULL, 'Self', 323, 1, NULL, NULL, 1, '2020-01-10', 323, '2020-01-13 11:25:12', NULL),
(70, 323, '2020-01-13', '2020-01-13 11:25:46', '13.0366028,80.2539011', '2020-01-13 14:07:43', '13.0366026,80.2539039', 'Self', 323, 1, NULL, 'Self', 323, 1, NULL, NULL, 1, '2020-01-13', 323, '2020-01-13 14:07:43', NULL),
(71, 322, '2020-01-13', '2020-01-13 11:26:40', '13.0365976,80.2538876', NULL, '0', 'Self', 322, 1, NULL, 'Self', 1, 0, NULL, NULL, 1, '2020-01-13', 322, NULL, NULL),
(72, 337, '2020-01-13', '2020-01-13 14:02:30', '13.0366036,80.2539034', NULL, '0', 'Self', 337, 1, NULL, 'Self', 1, 0, NULL, NULL, 1, '2020-01-13', 337, NULL, NULL),
(73, 338, '2020-01-13', '2020-01-13 14:03:04', '13.0366034,80.2539035', NULL, '0', 'Self', 338, 1, NULL, 'Self', 1, 0, NULL, NULL, 1, '2020-01-13', 338, NULL, NULL),
(74, 340, '2020-01-13', '2020-01-13 14:17:40', '13.0365953,80.2538814', NULL, '0', 'Self', 340, 1, NULL, 'Self', 1, 0, NULL, NULL, 1, '2020-01-13', 340, NULL, NULL),
(75, 334, '2020-01-13', '2020-01-13 14:29:31', '13.0366025,80.2539014', NULL, '0', 'Self', 334, 1, NULL, 'Self', 1, 0, NULL, NULL, 1, '2020-01-13', 334, NULL, NULL),
(76, 339, '2020-01-13', '2020-01-13 14:52:08', '13.0366036,80.2539027', '2020-01-14 11:00:00', '13.036601,80.2539028', 'Self', 339, 1, NULL, 'Self', 339, 1, NULL, NULL, 1, '2020-01-13', 339, '2020-01-14 11:00:00', NULL),
(77, 328, '2020-01-13', '2020-01-13 14:53:54', '13.0366044,80.2539036', NULL, '0', 'Self', 328, 1, NULL, 'Self', 1, 0, NULL, NULL, 1, '2020-01-13', 328, NULL, NULL),
(78, 324, '2020-01-13', '2020-01-13 15:15:16', '13.0365901,80.2539003', NULL, '0', 'Self', 324, 1, NULL, 'Self', 1, 0, NULL, NULL, 1, '2020-01-13', 324, NULL, NULL),
(79, 339, '2020-01-14', '2020-01-14 11:00:15', '13.036601,80.2539028', NULL, '0', 'Self', 339, 1, NULL, 'Self', 1, 0, NULL, NULL, 1, '2020-01-14', 339, NULL, NULL);

-- --------------------------------------------------------

--
-- Table structure for table `bank`
--

CREATE TABLE `bank` (
  `bank_id` int(11) NOT NULL,
  `bank_name` varchar(50) NOT NULL,
  `bank_ifsc` varchar(15) NOT NULL,
  `bank_status` int(11) NOT NULL,
  `created_at` datetime DEFAULT NULL ON UPDATE CURRENT_TIMESTAMP,
  `created_by` int(11) NOT NULL
) ENGINE=InnoDB DEFAULT CHARSET=latin1;

--
-- Dumping data for table `bank`
--

INSERT INTO `bank` (`bank_id`, `bank_name`, `bank_ifsc`, `bank_status`, `created_at`, `created_by`) VALUES
(1, 'SBI', 'SBIN0003456', 1, '2019-11-29 13:08:38', 319),
(2, 'HDFC', 'HDFC0000128', 1, '2019-11-29 13:09:24', 319);

-- --------------------------------------------------------

--
-- Table structure for table `bank_ifsc`
--

CREATE TABLE `bank_ifsc` (
  `ifsc_id` int(11) NOT NULL,
  `bank_id` int(11) NOT NULL,
  `ifsc_code` varchar(30) NOT NULL,
  `status` int(1) NOT NULL COMMENT '1=Active;2=Inactive'
) ENGINE=InnoDB DEFAULT CHARSET=latin1;

-- --------------------------------------------------------

--
-- Table structure for table `city`
--

CREATE TABLE `city` (
  `id` int(11) NOT NULL COMMENT 'Primary key for table',
  `countryid` int(11) NOT NULL COMMENT 'Foreign key from country table',
  `stateid` int(11) NOT NULL COMMENT 'Foreign key from state table',
  `cityname` varchar(50) NOT NULL DEFAULT 'Chennai' COMMENT 'City Name',
  `citystatus` int(1) NOT NULL DEFAULT '1' COMMENT '1 =Active 2 = InActive',
  `userid` int(11) NOT NULL DEFAULT '1' COMMENT 'created by (user id)',
  `timestamp` datetime DEFAULT NULL COMMENT 'creation time',
  `ipaddress` varchar(50) NOT NULL DEFAULT '192.168.1.10' COMMENT 'ip address of user'
) ENGINE=InnoDB DEFAULT CHARSET=latin1;

-- --------------------------------------------------------

--
-- Table structure for table `company`
--

CREATE TABLE `company` (
  `id` int(11) NOT NULL,
  `compname` varchar(60) NOT NULL,
  `comptype` varchar(30) NOT NULL DEFAULT 'NA',
  `compadd1` varchar(100) NOT NULL DEFAULT 'NA',
  `compadd2` varchar(100) NOT NULL DEFAULT 'NA',
  `compadd3` varchar(100) NOT NULL DEFAULT 'NA',
  `compstate` int(11) NOT NULL,
  `compcity` int(11) NOT NULL,
  `comppin` varchar(10) NOT NULL DEFAULT '0',
  `compcountry` int(11) NOT NULL,
  `comppan` varchar(30) NOT NULL DEFAULT '0',
  `compgstno` varchar(30) NOT NULL DEFAULT '0',
  `comptinno` varchar(30) NOT NULL DEFAULT '0',
  `comptele` varchar(30) NOT NULL DEFAULT '0',
  `compcontact1` varchar(30) NOT NULL DEFAULT 'NA',
  `compcontdesig1` varchar(30) NOT NULL DEFAULT 'NA',
  `compcontmob1` varchar(30) NOT NULL DEFAULT '0',
  `compcontact2` varchar(30) NOT NULL DEFAULT 'NA',
  `compcontdesig2` varchar(30) NOT NULL DEFAULT 'NA',
  `compcontmob2` varchar(30) NOT NULL DEFAULT '0',
  `compemail` varchar(30) NOT NULL DEFAULT 'NA',
  `compwebsite` varchar(30) NOT NULL DEFAULT 'NA',
  `complogo` longblob NOT NULL,
  `comprem` text NOT NULL,
  `compmailauth` varchar(30) NOT NULL DEFAULT 'NA',
  `compmailhost` varchar(50) NOT NULL DEFAULT 'NA',
  `compmailport` int(11) NOT NULL DEFAULT '0',
  `compmailssltrust` varchar(10) NOT NULL DEFAULT 'NA',
  `status` tinyint(1) NOT NULL
) ENGINE=InnoDB DEFAULT CHARSET=latin1;

-- --------------------------------------------------------

--
-- Table structure for table `contest`
--

CREATE TABLE `contest` (
  `contest_id` int(11) NOT NULL,
  `contest_name` varchar(50) DEFAULT NULL,
  `date1` date NOT NULL,
  `date2` date NOT NULL,
  `activity_id` int(11) NOT NULL,
  `total` int(11) DEFAULT NULL,
  `value` int(11) DEFAULT NULL,
  `message` varchar(255) DEFAULT NULL,
  `created_by` int(11) NOT NULL,
  `created_at` datetime NOT NULL
) ENGINE=InnoDB DEFAULT CHARSET=latin1;

--
-- Dumping data for table `contest`
--

INSERT INTO `contest` (`contest_id`, `contest_name`, `date1`, `date2`, `activity_id`, `total`, `value`, `message`, `created_by`, `created_at`) VALUES
(1, 'Wow Sale', '2019-11-30', '2019-12-02', 1, NULL, 25000, 'Message would not ne shown on reciever\'s mobile', 320, '2019-11-30 00:00:00'),
(2, 'Demo pack', '2019-11-30', '2019-12-02', 3, 5, NULL, 'test ', 319, '2019-11-30 00:00:00'),
(3, 'D Demo', '2019-11-30', '2019-12-02', 3, 7, NULL, 'test', 1, '2019-11-30 00:00:00'),
(4, 'de demo', '2019-11-30', '2019-12-01', 3, 4, NULL, 'test dem', 320, '2019-11-30 00:00:00'),
(5, 'New contest for this week', '2019-12-11', '2019-12-16', 1, NULL, 6500, 'test message', 320, '2019-12-11 00:00:00'),
(6, 'sakes', '2019-12-30', '2020-01-15', 1, 3, NULL, 'test', 319, '2019-12-30 00:00:00');

-- --------------------------------------------------------

--
-- Table structure for table `country`
--

CREATE TABLE `country` (
  `id` int(11) NOT NULL COMMENT 'Primary key for table',
  `countryname` varchar(255) NOT NULL COMMENT 'Name of Country',
  `countrystatus` tinyint(1) NOT NULL DEFAULT '1' COMMENT 'Status 1 Active | satus 0 Inactive',
  `userid` int(11) NOT NULL DEFAULT '1' COMMENT 'Created By User',
  `creationtime` datetime DEFAULT NULL COMMENT 'Creation Time',
  `ipaddress` varchar(50) NOT NULL DEFAULT '192.168.1.10' COMMENT 'Ip address'
) ENGINE=MyISAM DEFAULT CHARSET=latin1;

-- --------------------------------------------------------

--
-- Table structure for table `daily_planner`
--

CREATE TABLE `daily_planner` (
  `daily_planner_id` int(11) NOT NULL,
  `employee_id` int(11) DEFAULT NULL,
  `year` int(4) DEFAULT NULL,
  `month` int(2) DEFAULT NULL,
  `date` date DEFAULT NULL,
  `activity_id` int(11) DEFAULT NULL,
  `planned` int(11) DEFAULT NULL,
  `mtdplan` varchar(16) DEFAULT NULL,
  `target` int(11) DEFAULT NULL,
  `achieved` int(11) DEFAULT NULL,
  `created_at` datetime DEFAULT NULL,
  `approved_by` int(11) DEFAULT NULL,
  `approved_at` datetime DEFAULT NULL
) ENGINE=InnoDB DEFAULT CHARSET=latin1;

--
-- Dumping data for table `daily_planner`
--

INSERT INTO `daily_planner` (`daily_planner_id`, `employee_id`, `year`, `month`, `date`, `activity_id`, `planned`, `mtdplan`, `target`, `achieved`, `created_at`, `approved_by`, `approved_at`) VALUES
(1, 321, 2019, 11, '2019-11-28', 1, 0, '0', 2, 0, '2019-11-29 12:21:42', 320, '2019-11-30 14:24:09'),
(2, 321, 2019, 11, '2019-11-28', 3, 0, '0', 5, 0, '2019-11-29 12:21:42', 320, '2019-11-30 14:24:09'),
(3, 321, 2019, 11, '2019-11-28', 4, 0, '0', 8, 0, '2019-11-29 12:21:42', 320, '2019-11-30 14:24:09'),
(4, 321, 2019, 11, '2019-11-28', 5, 0, '0', 2, 0, '2019-11-29 12:21:42', 320, '2019-11-30 14:24:09'),
(5, 321, 2019, 11, '2019-11-28', 6, 0, '0', 0, 0, '2019-11-29 12:21:43', 320, '2019-11-30 14:24:09'),
(6, 321, 2019, 11, '2019-11-28', 7, 0, '0', 0, 0, '2019-11-29 12:21:43', 320, '2019-11-30 14:24:09'),
(7, 321, 2019, 11, '2019-11-28', 8, 0, '0', 0, 0, '2019-11-29 12:21:43', 320, '2019-11-30 14:24:09'),
(8, 321, 2019, 11, '2019-11-28', 9, 0, '0', 0, 0, '2019-11-29 12:21:43', 320, '2019-11-30 14:24:09'),
(9, 320, 2019, 11, '2019-11-29', 1, 0, '0', 2, 45, '2019-11-29 12:22:12', NULL, '2019-11-29 12:22:12'),
(10, 320, 2019, 11, '2019-11-29', 3, 0, '0', 0, 1, '2019-11-29 12:22:12', NULL, '2019-11-29 12:22:12'),
(11, 320, 2019, 11, '2019-11-29', 4, 0, '0', 0, 1, '2019-11-29 12:22:12', NULL, '2019-11-29 12:22:12'),
(12, 320, 2019, 11, '2019-11-29', 5, 0, '0', 0, 0, '2019-11-29 12:22:13', NULL, '2019-11-29 12:22:13'),
(13, 320, 2019, 11, '2019-11-29', 6, 0, '0', 0, 0, '2019-11-29 12:22:13', NULL, '2019-11-29 12:22:13'),
(14, 320, 2019, 11, '2019-11-29', 7, 0, '0', 0, 0, '2019-11-29 12:22:13', NULL, '2019-11-29 12:22:13'),
(15, 320, 2019, 11, '2019-11-29', 8, 0, '0', 0, 2, '2019-11-29 12:22:13', NULL, '2019-11-29 12:22:13'),
(16, 320, 2019, 11, '2019-11-29', 9, 0, '0', 0, 0, '2019-11-29 12:22:13', NULL, '2019-11-29 12:22:13'),
(17, 322, 2019, 11, '2019-11-28', 1, 0, '0', 2, 0, '2019-11-29 14:01:42', 320, '2019-11-30 14:24:13'),
(18, 322, 2019, 11, '2019-11-28', 3, 0, '0', 0, 0, '2019-11-29 14:01:42', 320, '2019-11-30 14:24:13'),
(19, 322, 2019, 11, '2019-11-28', 4, 0, '0', 0, 0, '2019-11-29 14:01:42', 320, '2019-11-30 14:24:13'),
(20, 322, 2019, 11, '2019-11-28', 5, 0, '0', 0, 0, '2019-11-29 14:01:42', 320, '2019-11-30 14:24:13'),
(21, 322, 2019, 11, '2019-11-28', 6, 0, '0', 0, 0, '2019-11-29 14:01:42', 320, '2019-11-30 14:24:13'),
(22, 322, 2019, 11, '2019-11-28', 7, 0, '0', 0, 0, '2019-11-29 14:01:42', 320, '2019-11-30 14:24:13'),
(23, 322, 2019, 11, '2019-11-28', 8, 0, '0', 0, 0, '2019-11-29 14:01:42', 320, '2019-11-30 14:24:13'),
(24, 322, 2019, 11, '2019-11-28', 9, 0, '0', 0, 0, '2019-11-29 14:01:43', 320, '2019-11-30 14:24:13'),
(25, 322, 2019, 11, '2019-11-29', 1, 0, '0', 2, 18, '2019-11-29 14:03:38', 320, '2019-11-30 14:24:13'),
(26, 322, 2019, 11, '2019-11-29', 3, 0, '0', 3, 0, '2019-11-29 14:03:38', 320, '2019-11-30 14:24:13'),
(27, 322, 2019, 11, '2019-11-29', 4, 0, '0', 5, 0, '2019-11-29 14:03:38', 320, '2019-11-30 14:24:13'),
(28, 322, 2019, 11, '2019-11-29', 5, 1, '0', 1, 0, '2019-11-29 14:03:38', 320, '2019-11-30 14:24:13'),
(29, 322, 2019, 11, '2019-11-29', 6, 0, '0', 0, 0, '2019-11-29 14:03:38', 320, '2019-11-30 14:24:13'),
(30, 322, 2019, 11, '2019-11-29', 7, 0, '0', 0, 0, '2019-11-29 14:03:39', 320, '2019-11-30 14:24:13'),
(31, 322, 2019, 11, '2019-11-29', 8, 0, '0', 0, 0, '2019-11-29 14:03:39', 320, '2019-11-30 14:24:13'),
(32, 322, 2019, 11, '2019-11-29', 9, 0, '0', 0, 0, '2019-11-29 14:03:39', 320, '2019-11-30 14:24:13'),
(33, 321, 2019, 11, '2019-11-29', 1, 0, '0', 1, 111, '2019-11-29 14:23:11', 320, '2019-11-30 14:24:09'),
(34, 321, 2019, 11, '2019-11-29', 3, 0, '0', 3, 0, '2019-11-29 14:23:11', 320, '2019-11-30 14:24:09'),
(35, 321, 2019, 11, '2019-11-29', 4, 0, '0', 5, 0, '2019-11-29 14:23:11', 320, '2019-11-30 14:24:09'),
(36, 321, 2019, 11, '2019-11-29', 5, 0, '0', 0, 0, '2019-11-29 14:23:12', 320, '2019-11-30 14:24:09'),
(37, 321, 2019, 11, '2019-11-29', 6, 0, '0', 0, 0, '2019-11-29 14:23:12', 320, '2019-11-30 14:24:09'),
(38, 321, 2019, 11, '2019-11-29', 7, 0, '0', 0, 0, '2019-11-29 14:23:12', 320, '2019-11-30 14:24:09'),
(39, 321, 2019, 11, '2019-11-29', 8, 0, '0', 0, 1, '2019-11-29 14:23:12', 320, '2019-11-30 14:24:09'),
(40, 321, 2019, 11, '2019-11-29', 9, 0, '0', 0, 0, '2019-11-29 14:23:12', 320, '2019-11-30 14:24:09'),
(41, 321, 2019, 11, '2019-11-30', 1, 0, '0', 10, 92, '2019-11-29 15:29:53', 320, '2019-11-30 14:24:09'),
(42, 321, 2019, 11, '2019-11-30', 3, 0, '0', 15, 0, '2019-11-29 15:29:53', 320, '2019-11-30 14:24:09'),
(43, 321, 2019, 11, '2019-11-30', 4, 0, '0', 25, 0, '2019-11-29 15:29:53', 320, '2019-11-30 14:24:09'),
(44, 321, 2019, 11, '2019-11-30', 5, 0, '0', 3, 0, '2019-11-29 15:29:54', 320, '2019-11-30 14:24:09'),
(45, 321, 2019, 11, '2019-11-30', 6, 0, '0', 0, 0, '2019-11-29 15:29:54', 320, '2019-11-30 14:24:09'),
(46, 321, 2019, 11, '2019-11-30', 7, 0, '0', 0, 0, '2019-11-29 15:29:54', 320, '2019-11-30 14:24:09'),
(47, 321, 2019, 11, '2019-11-30', 8, 0, '0', 2, 1, '2019-11-29 15:29:54', 320, '2019-11-30 14:24:09'),
(48, 321, 2019, 11, '2019-11-30', 9, 0, '0', 0, 0, '2019-11-29 15:29:54', 320, '2019-11-30 14:24:09'),
(49, 322, 2019, 11, '2019-11-30', 1, 0, '0', 2, 18, '2019-11-30 11:17:18', 320, '2019-11-30 14:24:13'),
(50, 322, 2019, 11, '2019-11-30', 3, 0, '0', 0, 0, '2019-11-30 11:17:18', 320, '2019-11-30 14:24:13'),
(51, 322, 2019, 11, '2019-11-30', 4, 0, '0', 0, 0, '2019-11-30 11:17:18', 320, '2019-11-30 14:24:13'),
(52, 322, 2019, 11, '2019-11-30', 5, 0, '0', 0, 0, '2019-11-30 11:17:18', 320, '2019-11-30 14:24:13'),
(53, 322, 2019, 11, '2019-11-30', 6, 0, '0', 0, 0, '2019-11-30 11:17:18', 320, '2019-11-30 14:24:13'),
(54, 322, 2019, 11, '2019-11-30', 7, 0, '0', 0, 0, '2019-11-30 11:17:18', 320, '2019-11-30 14:24:13'),
(55, 322, 2019, 11, '2019-11-30', 8, 0, '0', 2, 0, '2019-11-30 11:17:18', 320, '2019-11-30 14:24:13'),
(56, 322, 2019, 11, '2019-11-30', 9, 1, '0', 0, 0, '2019-11-30 11:17:19', 320, '2019-11-30 14:24:13'),
(57, 320, 2019, 11, '2019-11-30', 1, 0, '0', 2, 8, '2019-11-30 16:25:46', NULL, '2019-11-30 16:25:46'),
(58, 320, 2019, 11, '2019-11-30', 3, 0, '0', 3, 0, '2019-11-30 16:25:46', NULL, '2019-11-30 16:25:46'),
(59, 320, 2019, 11, '2019-11-30', 4, 0, '0', 5, 0, '2019-11-30 16:25:46', NULL, '2019-11-30 16:25:46'),
(60, 320, 2019, 11, '2019-11-30', 5, 0, '0', 6, 0, '2019-11-30 16:25:46', NULL, '2019-11-30 16:25:46'),
(61, 320, 2019, 11, '2019-11-30', 6, 0, '0', 0, 0, '2019-11-30 16:25:47', NULL, '2019-11-30 16:25:47'),
(62, 320, 2019, 11, '2019-11-30', 7, 0, '0', 0, 0, '2019-11-30 16:25:47', NULL, '2019-11-30 16:25:47'),
(63, 320, 2019, 11, '2019-11-30', 8, 0, '0', 0, 0, '2019-11-30 16:25:47', NULL, '2019-11-30 16:25:47'),
(64, 320, 2019, 11, '2019-11-30', 9, 0, '0', 0, 0, '2019-11-30 16:25:47', NULL, '2019-11-30 16:25:47'),
(65, 321, 2019, 12, '2019-12-02', 1, 0, '0', 1, 1, '2019-12-02 10:33:58', NULL, '2019-12-02 10:33:58'),
(66, 321, 2019, 12, '2019-12-02', 3, 0, '0', 6, 0, '2019-12-02 10:33:58', NULL, '2019-12-02 10:33:58'),
(67, 321, 2019, 12, '2019-12-02', 4, 0, '0', 0, 0, '2019-12-02 10:33:58', NULL, '2019-12-02 10:33:58'),
(68, 321, 2019, 12, '2019-12-02', 5, 0, '0', 0, 0, '2019-12-02 10:33:58', NULL, '2019-12-02 10:33:58'),
(69, 321, 2019, 12, '2019-12-02', 6, 0, '0', 0, 0, '2019-12-02 10:33:58', NULL, '2019-12-02 10:33:58'),
(70, 321, 2019, 12, '2019-12-02', 7, 0, '0', 0, 0, '2019-12-02 10:33:58', NULL, '2019-12-02 10:33:58'),
(71, 321, 2019, 12, '2019-12-02', 8, 0, '0', 0, 0, '2019-12-02 10:33:58', NULL, '2019-12-02 10:33:58'),
(72, 321, 2019, 12, '2019-12-02', 9, 2, '0', 0, 0, '2019-12-02 10:33:59', NULL, '2019-12-02 10:33:59'),
(73, 321, 2019, 12, '2019-12-03', 1, 0, '0', 1, 0, '2019-12-02 10:34:11', NULL, '2019-12-02 10:34:11'),
(74, 321, 2019, 12, '2019-12-03', 3, 0, '0', 2, 0, '2019-12-02 10:34:11', NULL, '2019-12-02 10:34:11'),
(75, 321, 2019, 12, '2019-12-03', 4, 0, '0', 5, 0, '2019-12-02 10:34:11', NULL, '2019-12-02 10:34:11'),
(76, 321, 2019, 12, '2019-12-03', 5, 0, '0', 0, 0, '2019-12-02 10:34:11', NULL, '2019-12-02 10:34:11'),
(77, 321, 2019, 12, '2019-12-03', 6, 0, '0', 0, 0, '2019-12-02 10:34:11', NULL, '2019-12-02 10:34:11'),
(78, 321, 2019, 12, '2019-12-03', 7, 0, '0', 0, 0, '2019-12-02 10:34:11', NULL, '2019-12-02 10:34:11'),
(79, 321, 2019, 12, '2019-12-03', 8, 0, '0', 0, 0, '2019-12-02 10:34:11', NULL, '2019-12-02 10:34:11'),
(80, 321, 2019, 12, '2019-12-03', 9, 2, '0', 0, 0, '2019-12-02 10:34:11', NULL, '2019-12-02 10:34:11'),
(81, 330, 2019, 12, '2019-12-10', 1, 0, '0', 10, 3, '2019-12-10 17:29:31', 329, '2019-12-10 20:00:38'),
(82, 330, 2019, 12, '2019-12-10', 3, 1, '0', 4, 2, '2019-12-10 17:29:31', 329, '2019-12-10 20:00:38'),
(83, 330, 2019, 12, '2019-12-10', 4, 1, '0', 6, 0, '2019-12-10 17:29:31', 329, '2019-12-10 20:00:38'),
(84, 330, 2019, 12, '2019-12-10', 5, 1, '0', 5, 0, '2019-12-10 17:29:31', 329, '2019-12-10 20:00:38'),
(85, 330, 2019, 12, '2019-12-10', 6, 1, '0', 2, 0, '2019-12-10 17:29:31', 329, '2019-12-10 20:00:38'),
(86, 330, 2019, 12, '2019-12-10', 7, 1, '0', 2, 0, '2019-12-10 17:29:31', 329, '2019-12-10 20:00:38'),
(87, 330, 2019, 12, '2019-12-10', 8, 0, '0', 0, 2, '2019-12-10 17:29:31', 329, '2019-12-10 20:00:38'),
(88, 330, 2019, 12, '2019-12-10', 9, 0, '0', 0, 0, '2019-12-10 17:29:32', 329, '2019-12-10 20:00:38'),
(89, 333, 2019, 12, '2019-12-11', 1, 0, '0', 5, 1, '2019-12-11 12:19:02', NULL, '2019-12-11 12:19:02'),
(90, 333, 2019, 12, '2019-12-11', 3, 1, '0', 2, 0, '2019-12-11 12:19:03', NULL, '2019-12-11 12:19:03'),
(91, 333, 2019, 12, '2019-12-11', 4, 1, '0', 2, 0, '2019-12-11 12:19:03', NULL, '2019-12-11 12:19:03'),
(92, 333, 2019, 12, '2019-12-11', 5, 1, '0', 2, 0, '2019-12-11 12:19:03', NULL, '2019-12-11 12:19:03'),
(93, 333, 2019, 12, '2019-12-11', 6, 1, '0', 2, 0, '2019-12-11 12:19:03', NULL, '2019-12-11 12:19:03'),
(94, 333, 2019, 12, '2019-12-11', 7, 1, '0', 2, 0, '2019-12-11 12:19:03', NULL, '2019-12-11 12:19:03'),
(95, 333, 2019, 12, '2019-12-11', 8, 0, '0', 2, 0, '2019-12-11 12:19:03', NULL, '2019-12-11 12:19:03'),
(96, 333, 2019, 12, '2019-12-11', 9, 0, '0', 0, 0, '2019-12-11 12:19:03', NULL, '2019-12-11 12:19:03'),
(97, 327, 2019, 12, '2019-12-12', 1, 0, '0', 2, 4, '2019-12-12 14:13:18', NULL, '2019-12-12 14:13:18'),
(98, 327, 2019, 12, '2019-12-12', 3, 0, '0', 3, 0, '2019-12-12 14:13:18', NULL, '2019-12-12 14:13:18'),
(99, 327, 2019, 12, '2019-12-12', 4, 0, '0', 0, 0, '2019-12-12 14:13:19', NULL, '2019-12-12 14:13:19'),
(100, 327, 2019, 12, '2019-12-12', 5, 0, '0', 0, 0, '2019-12-12 14:13:19', NULL, '2019-12-12 14:13:19'),
(101, 327, 2019, 12, '2019-12-12', 6, 0, '0', 0, 0, '2019-12-12 14:13:19', NULL, '2019-12-12 14:13:19'),
(102, 327, 2019, 12, '2019-12-12', 7, 0, '0', 0, 0, '2019-12-12 14:13:19', NULL, '2019-12-12 14:13:19'),
(103, 327, 2019, 12, '2019-12-12', 8, 0, '0', 0, 4, '2019-12-12 14:13:19', NULL, '2019-12-12 14:13:19'),
(104, 327, 2019, 12, '2019-12-12', 9, 0, '0', 0, 0, '2019-12-12 14:13:19', NULL, '2019-12-12 14:13:19'),
(105, 321, 2019, 12, '2019-12-12', 1, 0, '0', 2, 2, '2019-12-12 15:11:46', NULL, '2019-12-12 15:11:46'),
(106, 321, 2019, 12, '2019-12-12', 3, 0, '0', 0, 0, '2019-12-12 15:11:46', NULL, '2019-12-12 15:11:46'),
(107, 321, 2019, 12, '2019-12-12', 4, 0, '0', 1, 0, '2019-12-12 15:11:46', NULL, '2019-12-12 15:11:46'),
(108, 321, 2019, 12, '2019-12-12', 5, 0, '0', 0, 0, '2019-12-12 15:11:46', NULL, '2019-12-12 15:11:46'),
(109, 321, 2019, 12, '2019-12-12', 6, 0, '0', 0, 0, '2019-12-12 15:11:46', NULL, '2019-12-12 15:11:46'),
(110, 321, 2019, 12, '2019-12-12', 7, 0, '0', 0, 0, '2019-12-12 15:11:46', NULL, '2019-12-12 15:11:46'),
(111, 321, 2019, 12, '2019-12-12', 8, 0, '0', 0, 0, '2019-12-12 15:11:46', NULL, '2019-12-12 15:11:46'),
(112, 321, 2019, 12, '2019-12-12', 9, 2, '0', 0, 0, '2019-12-12 15:11:46', NULL, '2019-12-12 15:11:46'),
(113, 321, 2019, 12, '2019-12-13', 1, 0, '0', 1, 0, '2019-12-12 15:13:59', NULL, '2019-12-12 15:13:59'),
(114, 321, 2019, 12, '2019-12-13', 3, 0, '0', 2, 2, '2019-12-12 15:14:00', NULL, '2019-12-12 15:14:00'),
(115, 321, 2019, 12, '2019-12-13', 4, 0, '0', 1, 0, '2019-12-12 15:14:00', NULL, '2019-12-12 15:14:00'),
(116, 321, 2019, 12, '2019-12-13', 5, 0, '0', 0, 0, '2019-12-12 15:14:00', NULL, '2019-12-12 15:14:00'),
(117, 321, 2019, 12, '2019-12-13', 6, 0, '0', 0, 0, '2019-12-12 15:14:00', NULL, '2019-12-12 15:14:00'),
(118, 321, 2019, 12, '2019-12-13', 7, 0, '0', 0, 0, '2019-12-12 15:14:00', NULL, '2019-12-12 15:14:00'),
(119, 321, 2019, 12, '2019-12-13', 8, 0, '0', 0, 8, '2019-12-12 15:14:00', NULL, '2019-12-12 15:14:00'),
(120, 321, 2019, 12, '2019-12-13', 9, 1, '0', 0, 0, '2019-12-12 15:14:00', NULL, '2019-12-12 15:14:00'),
(121, 322, 2019, 12, '2019-12-12', 1, 0, '0', 1, 0, '2019-12-12 16:14:51', NULL, '2019-12-12 16:14:51'),
(122, 322, 2019, 12, '2019-12-12', 3, 0, '0', 1, 0, '2019-12-12 16:14:51', NULL, '2019-12-12 16:14:51'),
(123, 322, 2019, 12, '2019-12-12', 4, 0, '0', 3, 1, '2019-12-12 16:14:52', NULL, '2019-12-12 16:14:52'),
(124, 322, 2019, 12, '2019-12-12', 5, 0, '0', 0, 1, '2019-12-12 16:14:52', NULL, '2019-12-12 16:14:52'),
(125, 322, 2019, 12, '2019-12-12', 6, 0, '0', 0, 1, '2019-12-12 16:14:52', NULL, '2019-12-12 16:14:52'),
(126, 322, 2019, 12, '2019-12-12', 7, 0, '0', 0, 0, '2019-12-12 16:14:52', NULL, '2019-12-12 16:14:52'),
(127, 322, 2019, 12, '2019-12-12', 8, 0, '0', 0, 0, '2019-12-12 16:14:52', NULL, '2019-12-12 16:14:52'),
(128, 322, 2019, 12, '2019-12-12', 9, 1, '0', 0, 0, '2019-12-12 16:14:52', NULL, '2019-12-12 16:14:52'),
(129, 326, 2019, 12, '2019-12-13', 1, 0, '0', 1, 0, '2019-12-13 11:28:23', NULL, '2019-12-13 11:28:23'),
(130, 326, 2019, 12, '2019-12-13', 3, 0, '0', 1, 0, '2019-12-13 11:28:23', NULL, '2019-12-13 11:28:23'),
(131, 326, 2019, 12, '2019-12-13', 4, 0, '0', 2, 0, '2019-12-13 11:28:23', NULL, '2019-12-13 11:28:23'),
(132, 326, 2019, 12, '2019-12-13', 5, 0, '0', 0, 0, '2019-12-13 11:28:23', NULL, '2019-12-13 11:28:23'),
(133, 326, 2019, 12, '2019-12-13', 6, 0, '0', 0, 0, '2019-12-13 11:28:23', NULL, '2019-12-13 11:28:23'),
(134, 326, 2019, 12, '2019-12-13', 7, 0, '0', 0, 0, '2019-12-13 11:28:23', NULL, '2019-12-13 11:28:23'),
(135, 326, 2019, 12, '2019-12-13', 8, 0, '0', 2, 4, '2019-12-13 11:28:23', NULL, '2019-12-13 11:28:23'),
(136, 326, 2019, 12, '2019-12-13', 9, 1, '0', 0, 0, '2019-12-13 11:28:23', NULL, '2019-12-13 11:28:23'),
(137, 322, 2019, 12, '2019-12-13', 1, 0, '0', 0, 0, '2019-12-13 11:37:57', NULL, '2019-12-13 11:37:57'),
(138, 322, 2019, 12, '2019-12-13', 3, 0, '0', 1, 0, '2019-12-13 11:37:57', NULL, '2019-12-13 11:37:57'),
(139, 322, 2019, 12, '2019-12-13', 4, 1, '0', 2, 0, '2019-12-13 11:37:57', NULL, '2019-12-13 11:37:57'),
(140, 322, 2019, 12, '2019-12-13', 5, 0, '0', 0, 0, '2019-12-13 11:37:57', NULL, '2019-12-13 11:37:57'),
(141, 322, 2019, 12, '2019-12-13', 6, 0, '0', 0, 0, '2019-12-13 11:37:57', NULL, '2019-12-13 11:37:57'),
(142, 322, 2019, 12, '2019-12-13', 7, 0, '0', 0, 0, '2019-12-13 11:37:57', NULL, '2019-12-13 11:37:57'),
(143, 322, 2019, 12, '2019-12-13', 8, 0, '0', 2, 0, '2019-12-13 11:37:58', NULL, '2019-12-13 11:37:58'),
(144, 322, 2019, 12, '2019-12-13', 9, 2, '0', 0, 0, '2019-12-13 11:37:58', NULL, '2019-12-13 11:37:58'),
(145, 323, 2019, 12, '2019-12-13', 1, 0, '0', 0, 0, '2019-12-13 12:00:40', NULL, '2019-12-13 12:00:40'),
(146, 323, 2019, 12, '2019-12-13', 3, 0, '0', 0, 0, '2019-12-13 12:00:40', NULL, '2019-12-13 12:00:40'),
(147, 323, 2019, 12, '2019-12-13', 4, 0, '0', 3, 0, '2019-12-13 12:00:40', NULL, '2019-12-13 12:00:40'),
(148, 323, 2019, 12, '2019-12-13', 5, 0, '0', 0, 0, '2019-12-13 12:00:40', NULL, '2019-12-13 12:00:40'),
(149, 323, 2019, 12, '2019-12-13', 6, 0, '0', 0, 0, '2019-12-13 12:00:40', NULL, '2019-12-13 12:00:40'),
(150, 323, 2019, 12, '2019-12-13', 7, 0, '0', 0, 0, '2019-12-13 12:00:40', NULL, '2019-12-13 12:00:40'),
(151, 323, 2019, 12, '2019-12-13', 8, 0, '0', 2, 0, '2019-12-13 12:00:40', NULL, '2019-12-13 12:00:40'),
(152, 323, 2019, 12, '2019-12-13', 9, 0, '0', 0, 0, '2019-12-13 12:00:41', NULL, '2019-12-13 12:00:41'),
(153, 324, 2019, 12, '2019-12-13', 1, 0, '0', 2, 0, '2019-12-13 12:03:12', NULL, '2019-12-13 12:03:12'),
(154, 324, 2019, 12, '2019-12-13', 3, 0, '0', 0, 0, '2019-12-13 12:03:12', NULL, '2019-12-13 12:03:12'),
(155, 324, 2019, 12, '2019-12-13', 4, 0, '0', 1, 0, '2019-12-13 12:03:12', NULL, '2019-12-13 12:03:12'),
(156, 324, 2019, 12, '2019-12-13', 5, 0, '0', 0, 0, '2019-12-13 12:03:12', NULL, '2019-12-13 12:03:12'),
(157, 324, 2019, 12, '2019-12-13', 6, 0, '0', 0, 0, '2019-12-13 12:03:12', NULL, '2019-12-13 12:03:12'),
(158, 324, 2019, 12, '2019-12-13', 7, 0, '0', 0, 0, '2019-12-13 12:03:12', NULL, '2019-12-13 12:03:12'),
(159, 324, 2019, 12, '2019-12-13', 8, 0, '0', 0, 2, '2019-12-13 12:03:12', NULL, '2019-12-13 12:03:12'),
(160, 324, 2019, 12, '2019-12-13', 9, 0, '0', 0, 0, '2019-12-13 12:03:13', NULL, '2019-12-13 12:03:13'),
(161, 328, 2019, 12, '2019-12-13', 1, 0, '0', 1, 0, '2019-12-13 12:05:51', NULL, '2019-12-13 12:05:51'),
(162, 328, 2019, 12, '2019-12-13', 3, 0, '0', 0, 0, '2019-12-13 12:05:51', NULL, '2019-12-13 12:05:51'),
(163, 328, 2019, 12, '2019-12-13', 4, 0, '0', 0, 0, '2019-12-13 12:05:51', NULL, '2019-12-13 12:05:51'),
(164, 328, 2019, 12, '2019-12-13', 5, 0, '0', 1, 0, '2019-12-13 12:05:51', NULL, '2019-12-13 12:05:51'),
(165, 328, 2019, 12, '2019-12-13', 6, 0, '0', 0, 0, '2019-12-13 12:05:51', NULL, '2019-12-13 12:05:51'),
(166, 328, 2019, 12, '2019-12-13', 7, 0, '0', 1, 0, '2019-12-13 12:05:51', NULL, '2019-12-13 12:05:51'),
(167, 328, 2019, 12, '2019-12-13', 8, 0, '0', 0, 1, '2019-12-13 12:05:51', NULL, '2019-12-13 12:05:51'),
(168, 328, 2019, 12, '2019-12-13', 9, 0, '0', 0, 0, '2019-12-13 12:05:51', NULL, '2019-12-13 12:05:51'),
(169, 322, 2019, 12, '2019-12-27', 1, 0, '0', 2, 2, '2019-12-27 15:20:58', NULL, '2019-12-27 15:20:58'),
(170, 322, 2019, 12, '2019-12-27', 3, 0, '0', 1, 0, '2019-12-27 15:20:59', NULL, '2019-12-27 15:20:59'),
(171, 322, 2019, 12, '2019-12-27', 4, 0, '0', 2, 0, '2019-12-27 15:20:59', NULL, '2019-12-27 15:20:59'),
(172, 322, 2019, 12, '2019-12-27', 5, 0, '0', 0, 0, '2019-12-27 15:20:59', NULL, '2019-12-27 15:20:59'),
(173, 322, 2019, 12, '2019-12-27', 6, 0, '0', 0, 0, '2019-12-27 15:20:59', NULL, '2019-12-27 15:20:59'),
(174, 322, 2019, 12, '2019-12-27', 7, 0, '0', 1, 0, '2019-12-27 15:20:59', NULL, '2019-12-27 15:20:59'),
(175, 322, 2019, 12, '2019-12-27', 8, 0, '0', 4, 0, '2019-12-27 15:20:59', NULL, '2019-12-27 15:20:59'),
(176, 322, 2019, 12, '2019-12-27', 9, 8, '0', 0, 0, '2019-12-27 15:20:59', NULL, '2019-12-27 15:20:59'),
(177, 322, 2019, 12, '2019-12-26', 1, 0, '0', 2, 0, '2019-12-27 15:21:10', NULL, '2019-12-27 15:21:10'),
(178, 322, 2019, 12, '2019-12-26', 3, 0, '0', 0, 0, '2019-12-27 15:21:10', NULL, '2019-12-27 15:21:10'),
(179, 322, 2019, 12, '2019-12-26', 4, 0, '0', 0, 0, '2019-12-27 15:21:10', NULL, '2019-12-27 15:21:10'),
(180, 322, 2019, 12, '2019-12-26', 5, 0, '0', 0, 0, '2019-12-27 15:21:10', NULL, '2019-12-27 15:21:10'),
(181, 322, 2019, 12, '2019-12-26', 6, 0, '0', 0, 0, '2019-12-27 15:21:11', NULL, '2019-12-27 15:21:11'),
(182, 322, 2019, 12, '2019-12-26', 7, 0, '0', 0, 0, '2019-12-27 15:21:11', NULL, '2019-12-27 15:21:11'),
(183, 322, 2019, 12, '2019-12-26', 8, 0, '0', 0, 0, '2019-12-27 15:21:11', NULL, '2019-12-27 15:21:11'),
(184, 322, 2019, 12, '2019-12-26', 9, 8, '0', 0, 0, '2019-12-27 15:21:11', NULL, '2019-12-27 15:21:11'),
(185, 338, 2019, 12, '2019-12-30', 1, 0, '0', 1, 4, '2019-12-30 11:09:02', NULL, '2019-12-30 11:09:02'),
(186, 338, 2019, 12, '2019-12-30', 3, 0, '0', 0, 0, '2019-12-30 11:09:03', NULL, '2019-12-30 11:09:03'),
(187, 338, 2019, 12, '2019-12-30', 4, 0, '0', 2, 0, '2019-12-30 11:09:03', NULL, '2019-12-30 11:09:03'),
(188, 338, 2019, 12, '2019-12-30', 5, 1, '0', 1, 0, '2019-12-30 11:09:03', NULL, '2019-12-30 11:09:03'),
(189, 338, 2019, 12, '2019-12-30', 6, 0, '0', 0, 0, '2019-12-30 11:09:03', NULL, '2019-12-30 11:09:03'),
(190, 338, 2019, 12, '2019-12-30', 7, 0, '0', 1, 0, '2019-12-30 11:09:03', NULL, '2019-12-30 11:09:03'),
(191, 338, 2019, 12, '2019-12-30', 8, 0, '0', 2, 5, '2019-12-30 11:09:03', NULL, '2019-12-30 11:09:03'),
(192, 338, 2019, 12, '2019-12-30', 9, 0, '0', 0, 0, '2019-12-30 11:09:03', NULL, '2019-12-30 11:09:03'),
(193, 337, 2019, 12, '2019-12-30', 1, 0, '0', 1, 2, '2019-12-30 11:14:07', NULL, '2019-12-30 11:14:07'),
(194, 337, 2019, 12, '2019-12-30', 3, 0, '0', 0, 0, '2019-12-30 11:14:07', NULL, '2019-12-30 11:14:07'),
(195, 337, 2019, 12, '2019-12-30', 4, 0, '0', 0, 0, '2019-12-30 11:14:07', NULL, '2019-12-30 11:14:07'),
(196, 337, 2019, 12, '2019-12-30', 5, 0, '0', 0, 0, '2019-12-30 11:14:07', NULL, '2019-12-30 11:14:07'),
(197, 337, 2019, 12, '2019-12-30', 6, 0, '0', 2, 0, '2019-12-30 11:14:07', NULL, '2019-12-30 11:14:07'),
(198, 337, 2019, 12, '2019-12-30', 7, 0, '0', 1, 0, '2019-12-30 11:14:07', NULL, '2019-12-30 11:14:07'),
(199, 337, 2019, 12, '2019-12-30', 8, 0, '0', 3, 5, '2019-12-30 11:14:07', NULL, '2019-12-30 11:14:07'),
(200, 337, 2019, 12, '2019-12-30', 9, 0, '0', 0, 0, '2019-12-30 11:14:07', NULL, '2019-12-30 11:14:07'),
(201, 336, 2019, 12, '2019-12-30', 1, 0, '0', 3, 2, '2019-12-30 11:17:55', 326, '2019-12-31 13:27:47'),
(202, 336, 2019, 12, '2019-12-30', 3, 0, '0', 0, 0, '2019-12-30 11:17:55', 326, '2019-12-31 13:27:47'),
(203, 336, 2019, 12, '2019-12-30', 4, 0, '0', 1, 0, '2019-12-30 11:17:55', 326, '2019-12-31 13:27:47'),
(204, 336, 2019, 12, '2019-12-30', 5, 0, '0', 0, 0, '2019-12-30 11:17:55', 326, '2019-12-31 13:27:47'),
(205, 336, 2019, 12, '2019-12-30', 6, 0, '0', 0, 0, '2019-12-30 11:17:55', 326, '2019-12-31 13:27:47'),
(206, 336, 2019, 12, '2019-12-30', 7, 0, '0', 0, 0, '2019-12-30 11:17:55', 326, '2019-12-31 13:27:47'),
(207, 336, 2019, 12, '2019-12-30', 8, 0, '0', 5, 5, '2019-12-30 11:17:56', 326, '2019-12-31 13:27:47'),
(208, 336, 2019, 12, '2019-12-30', 9, 0, '0', 0, 0, '2019-12-30 11:17:56', 326, '2019-12-31 13:27:47'),
(209, 335, 2019, 12, '2019-12-30', 1, 0, '0', 1, 4, '2019-12-30 11:22:09', 326, '2019-12-31 13:27:37'),
(210, 335, 2019, 12, '2019-12-30', 3, 0, '0', 0, 0, '2019-12-30 11:22:09', 326, '2019-12-31 13:27:37'),
(211, 335, 2019, 12, '2019-12-30', 4, 0, '0', 0, 0, '2019-12-30 11:22:09', 326, '2019-12-31 13:27:37'),
(212, 335, 2019, 12, '2019-12-30', 5, 0, '0', 1, 0, '2019-12-30 11:22:09', 326, '2019-12-31 13:27:37'),
(213, 335, 2019, 12, '2019-12-30', 6, 0, '0', 0, 0, '2019-12-30 11:22:09', 326, '2019-12-31 13:27:37'),
(214, 335, 2019, 12, '2019-12-30', 7, 0, '0', 1, 0, '2019-12-30 11:22:10', 326, '2019-12-31 13:27:37'),
(215, 335, 2019, 12, '2019-12-30', 8, 0, '0', 1, 6, '2019-12-30 11:22:10', 326, '2019-12-31 13:27:37'),
(216, 335, 2019, 12, '2019-12-30', 9, 0, '0', 0, 0, '2019-12-30 11:22:10', 326, '2019-12-31 13:27:37'),
(217, 328, 2019, 12, '2020-01-01', 1, 0, '0', 2, 0, '2019-12-31 12:02:06', NULL, '2019-12-31 12:02:06'),
(218, 328, 2019, 12, '2020-01-01', 3, 0, '0', 5, 0, '2019-12-31 12:02:06', NULL, '2019-12-31 12:02:06'),
(219, 328, 2019, 12, '2020-01-01', 4, 0, '0', 0, 0, '2019-12-31 12:02:07', NULL, '2019-12-31 12:02:07'),
(220, 328, 2019, 12, '2020-01-01', 5, 0, '0', 0, 0, '2019-12-31 12:02:07', NULL, '2019-12-31 12:02:07'),
(221, 328, 2019, 12, '2020-01-01', 6, 0, '0', 0, 0, '2019-12-31 12:02:07', NULL, '2019-12-31 12:02:07'),
(222, 328, 2019, 12, '2020-01-01', 7, 0, '0', 0, 0, '2019-12-31 12:02:07', NULL, '2019-12-31 12:02:07'),
(223, 328, 2019, 12, '2020-01-01', 8, 0, '0', 0, 0, '2019-12-31 12:02:07', NULL, '2019-12-31 12:02:07'),
(224, 328, 2019, 12, '2020-01-01', 9, 2, '0', 0, 0, '2019-12-31 12:02:07', NULL, '2019-12-31 12:02:07'),
(225, 321, 2020, 1, '2020-01-06', 1, 0, '0', 2, 0, '2020-01-06 15:55:44', NULL, '2020-01-06 15:55:44'),
(226, 321, 2020, 1, '2020-01-06', 3, 0, '0', 1, 0, '2020-01-06 15:55:45', NULL, '2020-01-06 15:55:45'),
(227, 321, 2020, 1, '2020-01-06', 4, 0, '0', 0, 0, '2020-01-06 15:55:45', NULL, '2020-01-06 15:55:45'),
(228, 321, 2020, 1, '2020-01-06', 5, 0, '0', 0, 0, '2020-01-06 15:55:45', NULL, '2020-01-06 15:55:45'),
(229, 321, 2020, 1, '2020-01-06', 6, 0, '0', 0, 0, '2020-01-06 15:55:45', NULL, '2020-01-06 15:55:45'),
(230, 321, 2020, 1, '2020-01-06', 7, 0, '0', 0, 0, '2020-01-06 15:55:45', NULL, '2020-01-06 15:55:45'),
(231, 321, 2020, 1, '2020-01-06', 8, 0, '0', 0, 1, '2020-01-06 15:55:45', NULL, '2020-01-06 15:55:45'),
(232, 321, 2020, 1, '2020-01-06', 9, 8, '0', 0, 0, '2020-01-06 15:55:45', NULL, '2020-01-06 15:55:45'),
(233, 337, 2020, 1, '2020-01-06', 1, 0, '0', 1, 0, '2020-01-06 18:00:15', NULL, '2020-01-06 18:00:15'),
(234, 337, 2020, 1, '2020-01-06', 3, 0, '0', 1, 0, '2020-01-06 18:00:15', NULL, '2020-01-06 18:00:15'),
(235, 337, 2020, 1, '2020-01-06', 4, 0, '0', 0, 0, '2020-01-06 18:00:15', NULL, '2020-01-06 18:00:15'),
(236, 337, 2020, 1, '2020-01-06', 5, 0, '0', 0, 0, '2020-01-06 18:00:15', NULL, '2020-01-06 18:00:15'),
(237, 337, 2020, 1, '2020-01-06', 6, 0, '0', 0, 0, '2020-01-06 18:00:15', NULL, '2020-01-06 18:00:15'),
(238, 337, 2020, 1, '2020-01-06', 7, 0, '0', 0, 0, '2020-01-06 18:00:15', NULL, '2020-01-06 18:00:15'),
(239, 337, 2020, 1, '2020-01-06', 8, 0, '0', 0, 0, '2020-01-06 18:00:15', NULL, '2020-01-06 18:00:15'),
(240, 337, 2020, 1, '2020-01-06', 9, 2, '0', 0, 0, '2020-01-06 18:00:15', NULL, '2020-01-06 18:00:15'),
(241, 337, 2020, 1, '2020-01-07', 1, 0, '0', 2, 0, '2020-01-06 18:00:24', NULL, '2020-01-06 18:00:24'),
(242, 337, 2020, 1, '2020-01-07', 3, 0, '0', 0, 0, '2020-01-06 18:00:24', NULL, '2020-01-06 18:00:24'),
(243, 337, 2020, 1, '2020-01-07', 4, 0, '0', 1, 0, '2020-01-06 18:00:24', NULL, '2020-01-06 18:00:24'),
(244, 337, 2020, 1, '2020-01-07', 5, 0, '0', 0, 0, '2020-01-06 18:00:24', NULL, '2020-01-06 18:00:24'),
(245, 337, 2020, 1, '2020-01-07', 6, 0, '0', 0, 0, '2020-01-06 18:00:24', NULL, '2020-01-06 18:00:24'),
(246, 337, 2020, 1, '2020-01-07', 7, 0, '0', 0, 0, '2020-01-06 18:00:24', NULL, '2020-01-06 18:00:24'),
(247, 337, 2020, 1, '2020-01-07', 8, 0, '0', 0, 1, '2020-01-06 18:00:24', NULL, '2020-01-06 18:00:24'),
(248, 337, 2020, 1, '2020-01-07', 9, 2, '0', 0, 0, '2020-01-06 18:00:25', NULL, '2020-01-06 18:00:25'),
(249, 321, 2020, 1, '2020-01-07', 1, 0, '0', 1, 0, '2020-01-07 10:30:44', NULL, '2020-01-07 10:30:44'),
(250, 321, 2020, 1, '2020-01-07', 3, 1, '0', 1, 0, '2020-01-07 10:30:44', NULL, '2020-01-07 10:30:44'),
(251, 321, 2020, 1, '2020-01-07', 4, 0, '0', 0, 0, '2020-01-07 10:30:44', NULL, '2020-01-07 10:30:44'),
(252, 321, 2020, 1, '2020-01-07', 5, 0, '0', 0, 0, '2020-01-07 10:30:45', NULL, '2020-01-07 10:30:45'),
(253, 321, 2020, 1, '2020-01-07', 6, 0, '0', 0, 0, '2020-01-07 10:30:45', NULL, '2020-01-07 10:30:45'),
(254, 321, 2020, 1, '2020-01-07', 7, 0, '0', 0, 0, '2020-01-07 10:30:45', NULL, '2020-01-07 10:30:45'),
(255, 321, 2020, 1, '2020-01-07', 8, 0, '0', 1, 0, '2020-01-07 10:30:45', NULL, '2020-01-07 10:30:45'),
(256, 321, 2020, 1, '2020-01-07', 9, 9, '0', 0, 0, '2020-01-07 10:30:45', NULL, '2020-01-07 10:30:45'),
(257, 342, 2020, 1, '2020-01-07', 1, 0, '0', 0, 1, '2020-01-07 12:14:47', NULL, '2020-01-07 12:14:47'),
(258, 342, 2020, 1, '2020-01-07', 3, 0, '0', 0, 0, '2020-01-07 12:14:47', NULL, '2020-01-07 12:14:47'),
(259, 342, 2020, 1, '2020-01-07', 4, 0, '0', 0, 0, '2020-01-07 12:14:47', NULL, '2020-01-07 12:14:47'),
(260, 342, 2020, 1, '2020-01-07', 5, 0, '0', 0, 0, '2020-01-07 12:14:47', NULL, '2020-01-07 12:14:47'),
(261, 342, 2020, 1, '2020-01-07', 6, 0, '0', 0, 0, '2020-01-07 12:14:47', NULL, '2020-01-07 12:14:47'),
(262, 342, 2020, 1, '2020-01-07', 7, 0, '0', 0, 0, '2020-01-07 12:14:47', NULL, '2020-01-07 12:14:47'),
(263, 342, 2020, 1, '2020-01-07', 8, 0, '0', 1, 1, '2020-01-07 12:14:47', NULL, '2020-01-07 12:14:47'),
(264, 342, 2020, 1, '2020-01-07', 9, 0, '0', 0, 0, '2020-01-07 12:14:47', NULL, '2020-01-07 12:14:47'),
(265, 323, 2020, 1, '2020-01-13', 1, 0, '0', 2, 7, '2020-01-13 11:29:52', NULL, '2020-01-13 11:29:52'),
(266, 323, 2020, 1, '2020-01-13', 3, 0, '0', 1, 0, '2020-01-13 11:29:52', NULL, '2020-01-13 11:29:52'),
(267, 323, 2020, 1, '2020-01-13', 4, 0, '0', 1, 0, '2020-01-13 11:29:52', NULL, '2020-01-13 11:29:52'),
(268, 323, 2020, 1, '2020-01-13', 5, 0, '0', 0, 0, '2020-01-13 11:29:53', NULL, '2020-01-13 11:29:53'),
(269, 323, 2020, 1, '2020-01-13', 6, 0, '0', 0, 0, '2020-01-13 11:29:53', NULL, '2020-01-13 11:29:53'),
(270, 323, 2020, 1, '2020-01-13', 7, 0, '0', 0, 0, '2020-01-13 11:29:53', NULL, '2020-01-13 11:29:53'),
(271, 323, 2020, 1, '2020-01-13', 8, 0, '0', 0, 10, '2020-01-13 11:29:53', NULL, '2020-01-13 11:29:53'),
(272, 323, 2020, 1, '2020-01-13', 9, 0, '0', 0, 0, '2020-01-13 11:29:53', NULL, '2020-01-13 11:29:53');

-- --------------------------------------------------------

--
-- Table structure for table `dashboard_chart_five`
--

CREATE TABLE `dashboard_chart_five` (
  `id` int(11) NOT NULL,
  `h1` int(11) NOT NULL,
  `h2` int(11) NOT NULL,
  `h3` int(11) NOT NULL,
  `h4` int(11) NOT NULL,
  `h5` int(11) NOT NULL,
  `h6` int(11) NOT NULL,
  `h7` int(11) NOT NULL,
  `h8` int(11) NOT NULL,
  `order_create` int(11) NOT NULL DEFAULT '0',
  `collect_assign` int(11) NOT NULL DEFAULT '0',
  `doc_pending` int(11) NOT NULL DEFAULT '0',
  `payment_pending` int(11) NOT NULL DEFAULT '0'
) ENGINE=InnoDB DEFAULT CHARSET=utf8mb4 COLLATE=utf8mb4_0900_ai_ci ROW_FORMAT=COMPACT;

--
-- Dumping data for table `dashboard_chart_five`
--

INSERT INTO `dashboard_chart_five` (`id`, `h1`, `h2`, `h3`, `h4`, `h5`, `h6`, `h7`, `h8`, `order_create`, `collect_assign`, `doc_pending`, `payment_pending`) VALUES
(1, 0, 0, 0, 0, 0, 0, 0, 0, 0, 0, 0, 0),
(2, 1, 2, 3, 4, 5, 0, 0, 0, 0, 0, 2, 2),
(3, 1, 2, 3, 4, 11, 0, 0, 0, 1, 0, 2, 2),
(4, 6, 7, 8, 9, 10, 0, 0, 0, 0, 0, 0, 0);

-- --------------------------------------------------------

--
-- Table structure for table `dashboard_chart_four`
--

CREATE TABLE `dashboard_chart_four` (
  `Id_login` int(11) NOT NULL,
  `h1` int(11) NOT NULL,
  `h2` int(11) NOT NULL,
  `h3` int(11) NOT NULL,
  `h4` int(11) NOT NULL,
  `h5` int(11) NOT NULL,
  `h6` int(11) NOT NULL,
  `h7` int(11) NOT NULL,
  `h8` int(11) NOT NULL,
  `product_code` varchar(16) CHARACTER SET utf8mb4 COLLATE utf8mb4_0900_ai_ci NOT NULL,
  `product_name` varchar(64) CHARACTER SET utf8mb4 COLLATE utf8mb4_0900_ai_ci NOT NULL,
  `order_count` int(5) NOT NULL,
  `order_qty` int(5) NOT NULL,
  `order_value` float(8,2) NOT NULL
) ENGINE=InnoDB DEFAULT CHARSET=utf8mb4 COLLATE=utf8mb4_0900_ai_ci ROW_FORMAT=COMPACT;

--
-- Dumping data for table `dashboard_chart_four`
--

INSERT INTO `dashboard_chart_four` (`Id_login`, `h1`, `h2`, `h3`, `h4`, `h5`, `h6`, `h7`, `h8`, `product_code`, `product_name`, `order_count`, `order_qty`, `order_value`) VALUES
(1, 1, 2, 3, 4, 5, 0, 0, 0, '001', 'Water Purifier', 7, 9, 12558.84),
(2, 1, 2, 3, 4, 5, 0, 0, 0, '002', 'Vaccum Cleaner', 14, 14, 33333.72),
(3, 1, 2, 3, 4, 5, 0, 0, 0, '004', 'Electrical products', 11, 23, 10467.38),
(4, 1, 2, 3, 4, 5, 0, 0, 0, 'TP', 'Test Product', 6, 6, 5649.36),
(5, 1, 2, 3, 4, 5, 0, 0, 0, '003', 'Electonics', 9, 9, 14582.88),
(6, 1, 2, 3, 4, 5, 0, 0, 0, '005', 'kiotene', 1, 1, 1332.97),
(7, 1, 2, 3, 4, 11, 0, 0, 0, '001', 'Water Purifier', 6, 8, 10764.72),
(8, 1, 2, 3, 4, 11, 0, 0, 0, '003', 'Electonics', 5, 5, 8101.60),
(9, 1, 2, 3, 4, 11, 0, 0, 0, '002', 'Vaccum Cleaner', 5, 5, 11904.90),
(10, 1, 2, 3, 4, 11, 0, 0, 0, 'TP', 'Test Product', 5, 5, 4707.80),
(11, 1, 2, 3, 4, 11, 0, 0, 0, '004', 'Electrical products', 4, 4, 3806.32);

-- --------------------------------------------------------

--
-- Table structure for table `dashboard_chart_one`
--

CREATE TABLE `dashboard_chart_one` (
  `Id_Dept` int(11) NOT NULL,
  `h1` int(11) NOT NULL,
  `h2` int(11) NOT NULL,
  `h3` int(11) NOT NULL,
  `h4` int(11) NOT NULL,
  `h5` int(11) NOT NULL,
  `h6` int(11) NOT NULL,
  `h7` int(11) NOT NULL,
  `h8` int(11) NOT NULL,
  `Department` varchar(50) NOT NULL,
  `Total_emp` varchar(20) NOT NULL,
  `Attendance` varchar(50) NOT NULL
) ENGINE=InnoDB DEFAULT CHARSET=utf8mb4 COLLATE=utf8mb4_0900_ai_ci ROW_FORMAT=COMPACT;

--
-- Dumping data for table `dashboard_chart_one`
--

INSERT INTO `dashboard_chart_one` (`Id_Dept`, `h1`, `h2`, `h3`, `h4`, `h5`, `h6`, `h7`, `h8`, `Department`, `Total_emp`, `Attendance`) VALUES
(1, 0, 0, 0, 0, 0, 0, 0, 0, '', '1', '0'),
(2, 0, 0, 0, 0, 0, 0, 0, 0, 'Technisians', '1', '0'),
(3, 1, 2, 3, 4, 5, 0, 0, 0, 'Branch Accountant', '11', '5'),
(4, 1, 2, 3, 4, 5, 0, 0, 0, 'Technisians', '1', '1'),
(5, 1, 2, 3, 4, 11, 0, 0, 0, 'Technisians', '11', '3'),
(6, 6, 7, 8, 9, 10, 0, 0, 0, 'Branch Accountant', '1', '0');

-- --------------------------------------------------------

--
-- Table structure for table `dashboard_chart_six`
--

CREATE TABLE `dashboard_chart_six` (
  `Id` int(11) NOT NULL,
  `h1` int(11) NOT NULL,
  `h2` int(11) NOT NULL,
  `h3` int(11) NOT NULL,
  `h4` int(11) NOT NULL,
  `h5` int(11) NOT NULL,
  `h6` int(11) NOT NULL,
  `h7` int(11) NOT NULL,
  `h8` int(11) NOT NULL,
  `employee_id` int(11) NOT NULL,
  `employee_name` varchar(100) NOT NULL,
  `total_sales_planned` int(5) NOT NULL,
  `total_sales_achieved` int(5) NOT NULL
) ENGINE=InnoDB DEFAULT CHARSET=utf8mb4 COLLATE=utf8mb4_0900_ai_ci ROW_FORMAT=COMPACT;

--
-- Dumping data for table `dashboard_chart_six`
--

INSERT INTO `dashboard_chart_six` (`Id`, `h1`, `h2`, `h3`, `h4`, `h5`, `h6`, `h7`, `h8`, `employee_id`, `employee_name`, `total_sales_planned`, `total_sales_achieved`) VALUES
(1, 1, 2, 3, 4, 5, 0, 0, 0, 343, 'giant', 6, 2),
(2, 1, 2, 3, 4, 5, 0, 0, 0, 340, 'Madhu', 7, 12),
(3, 1, 2, 3, 4, 5, 0, 0, 0, 322, 'Jayakrishnan mahadevan', 5, 8),
(4, 1, 2, 3, 4, 5, 0, 0, 0, 323, 'Elangovan saravannan', 5, 39),
(5, 1, 2, 3, 4, 5, 0, 0, 0, 324, 'Nivi', 6, 1),
(6, 1, 2, 3, 4, 11, 0, 0, 0, 336, 'Hema', 7, 9);

-- --------------------------------------------------------

--
-- Table structure for table `dashboard_chart_three`
--

CREATE TABLE `dashboard_chart_three` (
  `Id_activity` int(11) NOT NULL,
  `h1` int(11) NOT NULL,
  `h2` int(11) NOT NULL,
  `h3` int(11) NOT NULL,
  `h4` int(11) NOT NULL,
  `h5` int(11) NOT NULL,
  `h6` int(11) NOT NULL,
  `h7` int(11) NOT NULL,
  `h8` int(11) NOT NULL,
  `activity_one` varchar(11) CHARACTER SET utf8mb4 COLLATE utf8mb4_0900_ai_ci NOT NULL DEFAULT '0',
  `activity_two` varchar(11) CHARACTER SET utf8mb4 COLLATE utf8mb4_0900_ai_ci NOT NULL DEFAULT '0',
  `activity_three` varchar(11) CHARACTER SET utf8mb4 COLLATE utf8mb4_0900_ai_ci NOT NULL DEFAULT '0',
  `activity_four` varchar(11) CHARACTER SET utf8mb4 COLLATE utf8mb4_0900_ai_ci NOT NULL DEFAULT '0',
  `activity_five` varchar(11) CHARACTER SET utf8mb4 COLLATE utf8mb4_0900_ai_ci NOT NULL DEFAULT '0',
  `activity_six` varchar(11) CHARACTER SET utf8mb4 COLLATE utf8mb4_0900_ai_ci NOT NULL DEFAULT '0',
  `activity_seven` varchar(11) CHARACTER SET utf8mb4 COLLATE utf8mb4_0900_ai_ci NOT NULL DEFAULT '0'
) ENGINE=InnoDB DEFAULT CHARSET=utf8mb4 COLLATE=utf8mb4_0900_ai_ci ROW_FORMAT=COMPACT;

--
-- Dumping data for table `dashboard_chart_three`
--

INSERT INTO `dashboard_chart_three` (`Id_activity`, `h1`, `h2`, `h3`, `h4`, `h5`, `h6`, `h7`, `h8`, `activity_one`, `activity_two`, `activity_three`, `activity_four`, `activity_five`, `activity_six`, `activity_seven`) VALUES
(1, 0, 0, 0, 0, 0, 0, 0, 0, '0', '0', '0', '0', '0', '0', '0'),
(2, 1, 2, 3, 4, 5, 0, 0, 0, '0', '0', '1', '1', '1', '1', '1'),
(3, 1, 2, 3, 4, 11, 0, 0, 0, '0', '0', '1', '1', '1', '1', '1'),
(4, 6, 7, 8, 9, 10, 0, 0, 0, '0', '0', '0', '0', '0', '0', '0');

-- --------------------------------------------------------

--
-- Table structure for table `data_type`
--

CREATE TABLE `data_type` (
  `datatype_id` int(11) NOT NULL,
  `datatype` varchar(10) NOT NULL,
  `url` text NOT NULL COMMENT 'if api/Image/imagepath datatype',
  `created_at` datetime DEFAULT NULL ON UPDATE CURRENT_TIMESTAMP
) ENGINE=InnoDB DEFAULT CHARSET=latin1;

--
-- Dumping data for table `data_type`
--

INSERT INTO `data_type` (`datatype_id`, `datatype`, `url`, `created_at`) VALUES
(1, 'Number', '', '2018-09-28 16:01:23'),
(2, 'Text', '', '2018-09-28 16:01:23'),
(3, 'Date', '', '2018-09-28 16:01:41'),
(4, 'Bank', '', '2018-09-28 16:01:41'),
(6, 'API', 'https://retail.onlinesbi.com/retail/login.html', '2018-10-24 14:16:00'),
(7, 'Image', 'https://encrypted-tbn0.gstatic.com/images?q=tbn:ANd9GcRXWM1Q_f4nYGc1m-uRQGv8ARXJ6ILQrqSWsklc_5sJrZB3q_2xPQ', '2019-04-10 16:56:00');

-- --------------------------------------------------------

--
-- Table structure for table `deliverer_list`
--

CREATE TABLE `deliverer_list` (
  `deliverer_id` int(11) NOT NULL,
  `deliverer_code` varchar(10) DEFAULT NULL,
  `deliverer_name` varchar(50) DEFAULT NULL,
  `mobile_no` varchar(15) DEFAULT NULL,
  `alt_mobile_no` varchar(15) DEFAULT NULL,
  `mail_id` varchar(50) DEFAULT NULL,
  `status` int(1) DEFAULT NULL COMMENT '1=Active;2=Inactive',
  `created_at` datetime DEFAULT NULL,
  `created_by` int(11) DEFAULT NULL
) ENGINE=InnoDB DEFAULT CHARSET=latin1;

-- --------------------------------------------------------

--
-- Table structure for table `deliverer_mapping`
--

CREATE TABLE `deliverer_mapping` (
  `delivery_map_id` int(11) NOT NULL,
  `delivery_type_id` int(11) NOT NULL,
  `deliverer_id` int(11) NOT NULL,
  `employee_id` int(11) DEFAULT NULL,
  `user_id` int(11) NOT NULL,
  `status` int(1) NOT NULL COMMENT '1=Active;2=Inactive',
  `created_by` int(11) NOT NULL,
  `created_at` datetime NOT NULL
) ENGINE=InnoDB DEFAULT CHARSET=latin1;

-- --------------------------------------------------------

--
-- Table structure for table `delivery_type`
--

CREATE TABLE `delivery_type` (
  `delivery_type_id` int(11) NOT NULL,
  `delivery_type` varchar(50) NOT NULL,
  `created_at` datetime NOT NULL,
  `created_by` int(11) NOT NULL
) ENGINE=InnoDB DEFAULT CHARSET=latin1;

--
-- Dumping data for table `delivery_type`
--

INSERT INTO `delivery_type` (`delivery_type_id`, `delivery_type`, `created_at`, `created_by`) VALUES
(1, 'Agent', '2019-03-20 15:23:40', 1),
(2, 'courier', '2019-07-16 15:28:09', 1);

-- --------------------------------------------------------

--
-- Table structure for table `department_list`
--

CREATE TABLE `department_list` (
  `department_id` int(11) NOT NULL,
  `department` varchar(50) NOT NULL,
  `status` int(1) NOT NULL COMMENT '1=Active;2=Inactive',
  `created_at` datetime NOT NULL,
  `created_by` int(11) NOT NULL
) ENGINE=InnoDB DEFAULT CHARSET=utf8mb4 COLLATE=utf8mb4_0900_ai_ci;

--
-- Dumping data for table `department_list`
--

INSERT INTO `department_list` (`department_id`, `department`, `status`, `created_at`, `created_by`) VALUES
(1, 'Branch Accountant', 1, '2019-11-28 21:25:43', 1),
(2, 'Technisians', 1, '2019-11-30 17:18:43', 319);

-- --------------------------------------------------------

--
-- Table structure for table `document_master`
--

CREATE TABLE `document_master` (
  `document_id` int(11) NOT NULL,
  `idDocumentType` int(11) NOT NULL,
  `document_name` varchar(100) NOT NULL,
  `is_mandatory` int(1) NOT NULL DEFAULT '2' COMMENT '1=Yes  |  2= No',
  `status` int(1) NOT NULL DEFAULT '1',
  `created_at` datetime NOT NULL,
  `created_by` int(10) NOT NULL,
  `updated_at` datetime DEFAULT NULL ON UPDATE CURRENT_TIMESTAMP,
  `updated_by` int(10) DEFAULT NULL
) ENGINE=InnoDB DEFAULT CHARSET=latin1;

--
-- Dumping data for table `document_master`
--

INSERT INTO `document_master` (`document_id`, `idDocumentType`, `document_name`, `is_mandatory`, `status`, `created_at`, `created_by`, `updated_at`, `updated_by`) VALUES
(1, 1, 'Last three month pay', 1, 1, '2019-11-29 13:11:07', 319, '2020-01-08 18:51:22', 325),
(2, 1, 'ITR latest', 2, 1, '2019-11-29 13:11:40', 319, '2020-01-08 19:02:38', 1);

-- --------------------------------------------------------

--
-- Table structure for table `document_type`
--

CREATE TABLE `document_type` (
  `idDocumentType` int(11) NOT NULL,
  `documentType` varchar(30) NOT NULL,
  `created_at` datetime DEFAULT NULL ON UPDATE CURRENT_TIMESTAMP,
  `created_by` int(11) NOT NULL
) ENGINE=InnoDB DEFAULT CHARSET=latin1;

--
-- Dumping data for table `document_type`
--

INSERT INTO `document_type` (`idDocumentType`, `documentType`, `created_at`, `created_by`) VALUES
(1, 'Government proof', '2019-11-29 13:10:16', 319),
(2, 'Address proof', '2019-11-29 13:10:28', 319);

-- --------------------------------------------------------

--
-- Table structure for table `emicode`
--

CREATE TABLE `emicode` (
  `emicodeid` int(11) NOT NULL,
  `emicode` varchar(25) NOT NULL,
  `emivalue` int(3) NOT NULL DEFAULT '0',
  `status` int(1) NOT NULL COMMENT '1 =Active 2 = InActive',
  `created_at` datetime NOT NULL ON UPDATE CURRENT_TIMESTAMP,
  `created_by` int(10) NOT NULL
) ENGINE=InnoDB DEFAULT CHARSET=latin1;

-- --------------------------------------------------------

--
-- Table structure for table `employee_details`
--

CREATE TABLE `employee_details` (
  `employee_id` int(11) NOT NULL,
  `h1` int(11) NOT NULL DEFAULT '0',
  `h2` int(11) NOT NULL DEFAULT '0',
  `h3` int(11) DEFAULT '0',
  `h4` int(11) NOT NULL DEFAULT '0',
  `h5` int(11) NOT NULL DEFAULT '0',
  `h6` int(11) NOT NULL DEFAULT '0',
  `h7` int(11) NOT NULL DEFAULT '0',
  `h8` int(11) NOT NULL DEFAULT '0',
  `code` varchar(20) NOT NULL,
  `name` varchar(50) NOT NULL,
  `mobile_no` varchar(13) NOT NULL,
  `email_id` varchar(50) DEFAULT NULL,
  `doj` date DEFAULT NULL,
  `designation` varchar(50) DEFAULT NULL,
  `department` varchar(50) CHARACTER SET latin1 COLLATE latin1_swedish_ci DEFAULT NULL,
  `emp_image` varchar(250) DEFAULT NULL,
  `image_path` varchar(250) DEFAULT NULL,
  `imsi_number` varchar(255) DEFAULT NULL,
  `imsi_reset` int(1) NOT NULL COMMENT '1=YES |  0=NO',
  `fcm_id` varchar(200) DEFAULT NULL,
  `login_status` int(10) NOT NULL DEFAULT '1' COMMENT '1=default 2-=first_time_login 3=Online',
  `user_type` int(11) NOT NULL DEFAULT '0',
  `reporting_manager_status` int(1) NOT NULL DEFAULT '0' COMMENT '1=yes;2=No',
  `reporting_manager` int(11) NOT NULL DEFAULT '0',
  `manager_head_id` int(11) DEFAULT '0' COMMENT 'Hierarchy-Head',
  `username` varchar(50) NOT NULL,
  `password` varchar(255) NOT NULL,
  `status` int(1) NOT NULL COMMENT '1=Active;2=Inactive',
  `created_at` datetime DEFAULT NULL ON UPDATE CURRENT_TIMESTAMP,
  `created_by` int(11) DEFAULT NULL
) ENGINE=InnoDB DEFAULT CHARSET=latin1;

--
-- Dumping data for table `employee_details`
--

INSERT INTO `employee_details` (`employee_id`, `h1`, `h2`, `h3`, `h4`, `h5`, `h6`, `h7`, `h8`, `code`, `name`, `mobile_no`, `email_id`, `doj`, `designation`, `department`, `emp_image`, `image_path`, `imsi_number`, `imsi_reset`, `fcm_id`, `login_status`, `user_type`, `reporting_manager_status`, `reporting_manager`, `manager_head_id`, `username`, `password`, `status`, `created_at`, `created_by`) VALUES
(1, 0, 0, 0, 0, 0, 0, 0, 0, '201', '', '', NULL, '2019-03-10', NULL, '', NULL, NULL, NULL, 1, 'foc8nxsUjA0:APA91bHLOwdGCLjSmLpJ09ANqjP0iuoHQ1n4Q0lslR5zSMcYHCAiaz7aPAkqVS6al9pnDwArcCsm6pK29QPA07ecBNy_9KXoGWLVd-NMrcCKvR31gwQJ_edPSC93_AXm0c0WTG05yuqB', 1, 0, 0, 0, 0, 'test', '$2y$10$Zk1SSLe2IFNm5RVPqMp0C.wikWnBzF3NH6kVIqRnM4Et1zu5iCrN.', 1, '2020-01-10 17:21:52', 1),
(319, 1, 2, 3, 4, 5, 0, 0, 0, '001', 'Vinitha', '98655049961', '', NULL, '', '1', 'employee_2811192129.jpg', 'uploads/emp/employee_2811192129.jpg', '', 1, 'cPa74DT8LVk:APA91bFSn5Bfyh0c9y0kgQnHjnnXmv7kp8_uwLHafrOB99qAu7w-XKz7vVvmP9YjK52gtTED-UQ9SfRYP-E8RkhyzTQ74LXLDlp5-Fw0bI9LwsmA-iV8O8h4oHdxfYcKHvx4k72vaOrY', 1, 1, 1, 0, 0, 'vini', '$2y$10$p/Q062waN5jtxRQvbYdSF./qtdPk1rWTEDO2XeRqBP/anZi6K/v2u', 1, '2019-12-13 10:16:40', 1),
(320, 1, 2, 3, 4, 5, 0, 0, 0, '002', 'Sri', '98653201245', '', NULL, '', '1', 'employee_2911191327.jpg', 'uploads/emp/employee_2911191327.jpg', '', 1, 'fVhdi-3a6qo:APA91bFtU4-lyePzBbiAAhjpqr7sO_bmEtemczct2QIAXwTCfz3w8i4uSLqpzZ2d7dUZDEQAUU0Xk2XTOakA7lWn1fVU-Sa5Ql019bj2w6QXDN9CRi_g7vmUC7oXDcK5CfBW7StivqUJ', 1, 2, 1, 319, 319, 'sri', '$2y$10$0V.rpY4Oa1Z5XmVSuxPwYupCHnsllYpWWSXKN7x5t7wd7gWCA.F8K', 1, '2020-01-13 14:04:38', 319),
(321, 1, 2, 3, 4, 5, 0, 0, 0, '003', 'Krish', '97845613210', 'elangovan2109@gmail.com', NULL, '', '1', 'employee_2911191253.jpg', 'uploads/emp/employee_2911191253.jpg', '', 1, 'dv-doC6BNuQ:APA91bEWWWXzmLQOUfnrQhwsklCUOBkJZ9Acuzwd7sJqLvAOSOPOKfUTq8LcOpPbVbqi8g-tN24AB7YxGQDAhcJEEug7QIhK9D-M7XUhp8OSp_1Ok-XoufedH4FuukfdzWergdscuens', 1, 3, 1, 320, 319, 'k', '$2y$10$Xrnvq8IZl7vDrdeSqGpOxeijm5Md6tZAjhLvWA/crXXSKK5dbfo8e', 1, '2020-01-13 11:26:15', 319),
(322, 1, 2, 3, 4, 5, 0, 0, 0, '004', 'Jayakrishnan mahadevan', '89563412313', 'vinithakannan0603@gmail.com', NULL, '', '1', 'employee_2911191254.jpg', 'uploads/emp/employee_2911191254.jpg', '', 1, 'dv-doC6BNuQ:APA91bEWWWXzmLQOUfnrQhwsklCUOBkJZ9Acuzwd7sJqLvAOSOPOKfUTq8LcOpPbVbqi8g-tN24AB7YxGQDAhcJEEug7QIhK9D-M7XUhp8OSp_1Ok-XoufedH4FuukfdzWergdscuens', 1, 5, 1, 320, 319, 'j', '$2y$10$oNgSFZ1orIQVgqj1unwSGO69khk1jS34MdwruuJ1FJmI0Mpxhnjmq', 1, '2020-01-13 11:27:07', 319),
(323, 1, 2, 3, 4, 5, 0, 0, 0, '005', 'Elangovan saravannan', '98745632410', '', NULL, '', '1', 'employee_2911191812.jpg', 'uploads/emp/employee_2911191812.jpg', '864625030159874', 0, 'c1mkp0yN518:APA91bEyvdsFdSAgpX7tADz82T6cS1lS7xze1gZnh3vHlAezVTSUL98cGAu1Q_iRp1W36AQsugHZtKIUoY7oiVYtia6HeiuN0d0tABDsorhZ60LMOM_N_KtyHsf1os6K-h1HRhk6z6a4', 1, 5, 1, 320, 319, 'e', '$2y$10$zY/z/wd70YfGXqr33Qu5f.eydgoeNRWPq7t/KAlluP0IBuuR/XZ/.', 1, '2020-01-13 14:07:36', 319),
(324, 1, 2, 3, 4, 5, 0, 0, 0, '006', 'Nivi', '98945401430', '', NULL, '', '1', 'employee_3011191510.jpg', 'uploads/emp/employee_3011191510.jpg', '', 1, 'e5mJvXZWtOc:APA91bEgs6wuZcoYNQtf8TBOQQRyASuWFAcxISK0PMvT1MKDnCOXtMu-mHRDevMiFXS_UaeB1mDtkPfjUdFKaeDebuR0ZdmF7zTW-2GmZttjRyqW2fiPu7clfwTzE1R4ScDTEcuKMDz7', 1, 5, 1, 320, 319, 'n', '$2y$10$HSrlSb4S2bImeiWayGpLDeESwA8ahbv/GUvXPFvXoxJfXH7NUN9G6', 1, '2020-01-13 14:25:36', 1),
(325, 1, 2, 3, 4, 11, 0, 0, 0, '000', 'Kavi', '54654514654', '', NULL, '', '2', NULL, NULL, '', 1, 'ee5w6OR9_iM:APA91bEiwfHWRUjRYzdTFbAXJh1bMoJPUdTGpg_VzdAPNhhFJ-_PrlzXEoCI2s9yMBO3uWowLq2wePIAJcjVO8TGp0qe1I7V7SzdQ7cJjsh9riBQdM20hlNWrs_7NQn89Wf72UcoP2aa', 1, 1, 1, 0, 0, 'kavi', '$2y$10$npMbgdnAtzNQUYT4ydiWc.JQHMHk1OZ43yAykXcKxR45DTrLsyE1W', 1, '2019-12-13 10:20:31', 1),
(326, 1, 2, 3, 4, 11, 0, 0, 0, '007', 'Preethika', '65654651674', '', NULL, '', '2', 'employee_3011191724.jpg', 'uploads/emp/employee_3011191724.jpg', '', 1, 'dTNKBk7okl4:APA91bF-YyUUKysqtXjqfguHmHrzORsBCS5qI3zcvvy_ZvF86Jf3uY1JvcPZE3xgLf3ZO9AR1PAm633aah9yBZSHn5TjtsPEl_LWAnQGhDH7bHsnePozBytrjjZ0yW8NuG4JM7SyPbDa', 1, 2, 1, 325, 325, 'pk', '$2y$10$YmAJVLzBGl2hT///92534eJW16EtMuiweiB9TkP3DG77dzopOFNS.', 1, '2019-12-31 11:48:17', 319),
(327, 6, 7, 8, 9, 10, 0, 0, 0, '100', 'devi', '98346565644', '', NULL, '', '1', NULL, NULL, '', 1, 'ctCPPALIm-o:APA91bHiywwmY7if_YqNbTcwtuQVs18z9dgXFRZcWROZY7yjfyH43PU_62UnafcAtGrKDsaNZBXcOfgOiuI9g4Ns0lAsvqWXhAbmZgexLnzOWOQdxseP047p5zBJdazABGYVOkhPA2VK', 1, 5, 1, 330, 329, 'devi', '$2y$10$qnjBxHDAXUvdnzg8r/1bPuJgiAC6XM518c4PzEPMKzRYG96GB5wpm', 1, '2020-01-07 11:46:20', 1),
(328, 1, 2, 3, 4, 11, 0, 0, 0, '010', 'pavi', '68466665235', '', NULL, '', '2', 'employee_3011192023.jpg', 'uploads/emp/employee_3011192023.jpg', '865572037871375', 0, 'dTHl_whP6_E:APA91bH5kN3xFYI4p1AZmvigx2PrHeAOaMPk4ZeUWZKkhaU29XL4_wgVRQxz3x6HohbevoqLaDdF8dq3T2Fs1Zd3K_ABIotQGXcBI406LpHYpXWsLCpUZanVc8Jq2CkajyYQYf7hdtBh', 1, 5, 1, 326, 325, 'pavi', '$2y$10$iMQlWCr87us8o.jJzt19EeC/uTAPOefLWvktPCSxgMWUlAJOFqB86', 1, '2020-01-13 14:24:54', 319),
(329, 1, 2, 3, 4, 11, 0, 0, 0, 'M101', 'Chrissteve', '89405150380', '', NULL, '', '2', 'employee_1012191652.jpg', 'uploads/emp/employee_1012191652.jpg', NULL, 1, NULL, 1, 1, 1, 0, 0, 'chris', '$2y$10$H21gKAsJ7cAtZP3dIIs5pOEgzVHTqdaKPldv8Oz3SF7jWwpFqINQC', 1, '2019-12-13 10:23:15', 1),
(330, 1, 2, 3, 4, 11, 0, 0, 0, 'TL101', 'Jeni', '80728114760', '', NULL, '', '2', NULL, NULL, '', 1, 'e4yDF3Uft3A:APA91bGf_7Lw7jYgC7nPJMUXev3xDIH5thBjpBTOj2HNHyLaeXRh14OmJuZkbptEQ87Ylal9_0Kg84xadh7b7812jNmaEZnI-YdW2aN9mwdCMOtI9JDEFXEuhvHXJcFCv5kH6mZkFAUH', 1, 2, 1, 329, 329, 'jeni', '$2y$10$cGwchGKdlSkG/V0hC.HaU.ZtaA4qOr5vHT8w/ALGS88bR5ZYa0Xcm', 1, '2020-01-13 14:03:35', 1),
(331, 0, 0, 0, 0, 0, 0, 0, 0, 'F101', 'Jancy', '80808080800', '', NULL, '', '2', NULL, NULL, '', 1, 'cPa74DT8LVk:APA91bFSn5Bfyh0c9y0kgQnHjnnXmv7kp8_uwLHafrOB99qAu7w-XKz7vVvmP9YjK52gtTED-UQ9SfRYP-E8RkhyzTQ74LXLDlp5-Fw0bI9LwsmA-iV8O8h4oHdxfYcKHvx4k72vaOrY', 1, 3, 2, 330, 329, 'jancy', '$2y$10$A.2LZO4Q7oZPoL4V9JJKGungO6rgr1JaMZ81YLtMhquq4WNExm4Xu', 1, '2019-12-13 17:19:37', 1),
(332, 1, 2, 3, 4, 11, 0, 0, 0, 'NS101', 'Joa', '87878787878', '', NULL, '', '2', NULL, NULL, '', 1, 'cPa74DT8LVk:APA91bFSn5Bfyh0c9y0kgQnHjnnXmv7kp8_uwLHafrOB99qAu7w-XKz7vVvmP9YjK52gtTED-UQ9SfRYP-E8RkhyzTQ74LXLDlp5-Fw0bI9LwsmA-iV8O8h4oHdxfYcKHvx4k72vaOrY', 1, 3, 2, 330, 329, 'joa', '$2y$10$2MFaL6bHAYl2zgoraOJHW.7qbcmLYLNCtTPqwLgdNi8QwRq7xlnHu', 1, '2019-12-13 15:35:00', 1),
(333, 1, 2, 3, 4, 11, 0, 0, 0, 'S101', 'Angel', '89898989898', '', NULL, '', '2', NULL, NULL, '', 1, 'cPa74DT8LVk:APA91bFSn5Bfyh0c9y0kgQnHjnnXmv7kp8_uwLHafrOB99qAu7w-XKz7vVvmP9YjK52gtTED-UQ9SfRYP-E8RkhyzTQ74LXLDlp5-Fw0bI9LwsmA-iV8O8h4oHdxfYcKHvx4k72vaOrY', 1, 5, 2, 330, 329, 'angel', '$2y$10$qLTjClKtUm2d/oXJyvOvNeQpSoQqDbLzcfFYopasljERMZAEcWJk2', 1, '2019-12-13 14:09:58', 1),
(334, 1, 2, 3, 4, 5, 0, 0, 0, '0023', 'Yuva', '98523012485', '', NULL, '', '2', 'employee_1312192000.jpg', 'uploads/emp/employee_1312192000.jpg', '869484034702239', 0, 'dv-doC6BNuQ:APA91bEWWWXzmLQOUfnrQhwsklCUOBkJZ9Acuzwd7sJqLvAOSOPOKfUTq8LcOpPbVbqi8g-tN24AB7YxGQDAhcJEEug7QIhK9D-M7XUhp8OSp_1Ok-XoufedH4FuukfdzWergdscuens', 1, 5, 1, 320, 319, 'y', '$2y$10$pse3a7WBva4fZgEkh/X4feYTUxd4WY00GQuPzYrlV0Bw5L.wwgre2', 1, '2020-01-13 14:29:08', 319),
(335, 1, 2, 3, 4, 11, 0, 0, 0, '00125', 'Kavya', '96320145784', '', NULL, '', '2', 'employee_3012191323.png', 'uploads/emp/employee_3012191323.png', '860568040314093', 0, 'eSczza170K4:APA91bG_SlymtkhofU7qFxgsHjlpcKS0K7_DVE6N7HQoXvkdyncLlfiAlM9HWjx4pb7q_S6QUdPqSCq5bI49F1xI8ET_hStF0Osj87Ykc6kQFJ0rpChf21cU8GlpvcHjOBhBbZSTRvYZ', 1, 3, 1, 326, 325, 'kavya', '$2y$10$qll9gRwVtDHt253u7zkl2u/pl2EWLh4R8aNzfyWPjU0bd6cfF5uBS', 1, '2020-01-08 17:16:56', 319),
(336, 1, 2, 3, 4, 11, 0, 0, 0, '00232', 'Hema', '98546546656', '', NULL, '', '2', 'employee_3012191328.jpg', 'uploads/emp/employee_3012191328.jpg', '', 1, 'fVhdi-3a6qo:APA91bFtU4-lyePzBbiAAhjpqr7sO_bmEtemczct2QIAXwTCfz3w8i4uSLqpzZ2d7dUZDEQAUU0Xk2XTOakA7lWn1fVU-Sa5Ql019bj2w6QXDN9CRi_g7vmUC7oXDcK5CfBW7StivqUJ', 1, 3, 1, 326, 325, 'H', '$2y$10$sRFCMYqxZUDunERXttN9TeaW9kQpfMMdZTfj358GehRvP0i9aY1lm', 1, '2020-01-10 18:50:43', 319),
(337, 1, 2, 3, 4, 11, 0, 0, 0, '0236', 'Durgaa', '69878451212', '', NULL, '', '2', 'employee_3012191331.jpg', 'uploads/emp/employee_3012191331.jpg', '', 1, 'dFXgSdCMXk4:APA91bG_A0x1k3LTDh7UqlZ0CMlt10VgXPfoGgITDrrlilqJC4yyfHQaLWsQaDahZGWXRaBTSpHFwQOFhaP3o4Ufx7k75iQaGbDwlGsPSz4ZUApO2Mn4gxQqp-3A5u9v_bHOojr76HyR', 1, 3, 1, 326, 325, 'd', '$2y$10$1aUWZREfANrKWKCNLiRI4u3ypP1RyJ3Cj8ZUFcIV9vLGhPJneI02O', 1, '2020-01-13 14:19:55', 319),
(338, 1, 2, 3, 4, 11, 0, 0, 0, '02356', 'Elango sekar', '98945401423', '', NULL, '', '2', 'employee_3012191335.jpg', 'uploads/emp/employee_3012191335.jpg', '351507115488826', 0, 'fXMEyLoZ_ds:APA91bEMA3ZRaJdY9WMJyyC6MDul0OgsX7mjtk5a2kFDDmwz1Kf6FBP-l-VC64BoN_2OxGXrW09UhuPXsx8bDF6-V99J-0xCLZhwn3j_hMbUOcooA1XZlHrw7HkxMmUrdlRuCSwwT1vJ', 1, 2, 1, 326, 325, 'es', '$2y$10$XaEoIljcPslE7kDbNhCDO.GoMTXRDeYIzoC9afn1xdWfvDy8K0Acq', 1, '2020-01-13 12:40:55', 319),
(339, 1, 2, 3, 4, 5, 0, 0, 0, '0085', 'Pragathi', '98653164132', '', NULL, '', '1', 'employee_0601201938.jpg', 'uploads/emp/employee_0601201938.jpg', '358129075526074', 0, 'enwsjPzstTw:APA91bEXI_301oKs6PIS4Z9HNx4kjjm4_NNPG2JnS4Ypn4xQmrosDGTj41_wtUuDtQlhIA-_PA38YVx1r0kuS6EKCUE1sWJVbHWr9HLixkvxHulf43-did8CjDNN8o0EN3ZMX_lsLQjI', 1, 5, 1, 320, 319, 'i', '$2y$10$gXUiFMd8CFCZdiryqKH/LOCocDIMt3UeAbdTyTSAxkjephY2T2xaG', 1, '2020-01-13 14:51:46', 1),
(340, 1, 2, 3, 4, 5, 0, 0, 0, '0036', 'Madhu', '89643164145', '', NULL, '', '1', 'employee_0601201958.jpg', 'uploads/emp/employee_0601201958.jpg', '351507115894122', 0, 'eGYunA3y9cs:APA91bGasGnJEQd7RI5St23GyRaDrAbazhkbYe3n8U36xnq3A7PuyDwn2UzDL8ykyNFA48Iw3TGQ2J2tuvam7RZtQXG0n7SHxMzt74CwYrYH2bJpwiSMOgsToQhvLipijmMj_D8Wn3du', 1, 3, 1, 320, 319, 'm', '$2y$10$eVelUT.bLs8bfVLv.XuCrefsCVBHUTmjB6SHo6d6H64sh2tIP8D32', 1, '2020-01-13 14:47:10', 1),
(341, 1, 2, 3, 4, 5, 0, 0, 0, '0028', 'Maha', '84554546543', '', NULL, '', '1', 'employee_0701201344.jpg', 'uploads/emp/employee_0701201344.jpg', '', 1, 'dv-doC6BNuQ:APA91bEWWWXzmLQOUfnrQhwsklCUOBkJZ9Acuzwd7sJqLvAOSOPOKfUTq8LcOpPbVbqi8g-tN24AB7YxGQDAhcJEEug7QIhK9D-M7XUhp8OSp_1Ok-XoufedH4FuukfdzWergdscuens', 1, 5, 1, 320, 319, 'maha', '$2y$10$K17W9OFDTgdy1A8a0Nj/9eHGqqv5tv6MbpV33bn/L5QGK8fJweSS.', 1, '2020-01-13 14:26:54', 1),
(342, 1, 2, 3, 4, 5, 0, 0, 0, '0035', 'prabhu', '46516954647', '', NULL, '', '1', 'employee_0701201347.jpg', 'uploads/emp/employee_0701201347.jpg', '', 1, 'dv-doC6BNuQ:APA91bEWWWXzmLQOUfnrQhwsklCUOBkJZ9Acuzwd7sJqLvAOSOPOKfUTq8LcOpPbVbqi8g-tN24AB7YxGQDAhcJEEug7QIhK9D-M7XUhp8OSp_1Ok-XoufedH4FuukfdzWergdscuens', 1, 3, 1, 320, 319, 'p', '$2y$10$cORQJygoiJoWBHIZ/wWUWOiyAWVUqExl5jjdk2vhMBGUgCgd0Lrnu', 1, '2020-01-13 14:28:02', 1),
(343, 1, 2, 3, 4, 5, 0, 0, 0, '5645', 'giant', '89678413542', '', NULL, '', '1', 'employee_0701201350.jpg', 'uploads/emp/employee_0701201350.jpg', '866741033597545', 0, 'dFXgSdCMXk4:APA91bG_A0x1k3LTDh7UqlZ0CMlt10VgXPfoGgITDrrlilqJC4yyfHQaLWsQaDahZGWXRaBTSpHFwQOFhaP3o4Ufx7k75iQaGbDwlGsPSz4ZUApO2Mn4gxQqp-3A5u9v_bHOojr76HyR', 1, 3, 1, 320, 319, 'g', '$2y$10$Mmu/7hxV7loE1KffX2V1kurv46CC5opdCUQWVA.CF1UlKWIu4LdJi', 1, '2020-01-13 14:20:00', 1);

-- --------------------------------------------------------

--
-- Table structure for table `employee_login_details`
--

CREATE TABLE `employee_login_details` (
  `id` int(11) NOT NULL,
  `employee_id` int(11) NOT NULL,
  `login_status` int(1) NOT NULL COMMENT '1=Login,2=Logout',
  `login_date_time` datetime NOT NULL,
  `logout_date_time` datetime DEFAULT NULL
) ENGINE=InnoDB DEFAULT CHARSET=utf8mb4 COLLATE=utf8mb4_0900_ai_ci ROW_FORMAT=COMPACT;

--
-- Dumping data for table `employee_login_details`
--

INSERT INTO `employee_login_details` (`id`, `employee_id`, `login_status`, `login_date_time`, `logout_date_time`) VALUES
(1, 319, 2, '2019-11-29 10:53:50', '2019-11-29 10:56:22'),
(2, 320, 2, '2019-11-29 10:56:49', '2019-11-29 10:57:47'),
(3, 320, 2, '2019-11-29 10:57:56', '2019-11-29 13:55:54'),
(4, 322, 2, '2019-11-29 13:56:09', '2019-11-29 14:06:25'),
(5, 322, 2, '2019-11-29 14:06:29', '2019-11-29 14:07:08'),
(6, 320, 2, '2019-11-29 14:07:25', '2019-11-29 14:15:58'),
(7, 322, 2, '2019-11-29 14:16:13', '2019-11-29 14:22:38'),
(8, 321, 2, '2019-11-29 14:22:48', '2019-11-29 15:12:52'),
(9, 321, 2, '2019-11-29 15:12:56', '2019-11-29 15:13:08'),
(10, 320, 2, '2019-11-29 15:19:23', '2019-11-29 15:42:46'),
(11, 323, 2, '2019-11-29 15:42:56', '2019-11-29 16:31:58'),
(12, 320, 1, '2019-11-29 16:33:02', NULL),
(13, 321, 2, '2019-11-29 17:11:58', '2019-11-29 17:43:06'),
(14, 322, 2, '2019-11-29 17:46:17', '2019-11-29 17:46:20'),
(15, 322, 2, '2019-11-30 10:36:38', '2019-11-30 10:37:12'),
(16, 321, 2, '2019-11-30 11:22:23', '2019-11-30 11:44:02'),
(17, 321, 2, '2019-11-30 11:44:07', '2019-11-30 11:44:36'),
(18, 321, 2, '2019-11-30 11:44:40', '2019-11-30 11:44:57'),
(19, 321, 2, '2019-11-30 11:45:07', '2019-11-30 11:45:29'),
(20, 321, 2, '2019-11-30 11:45:33', '2019-11-30 11:45:41'),
(21, 321, 2, '2019-11-30 11:45:46', '2019-11-30 11:46:01'),
(22, 321, 2, '2019-11-30 11:46:05', '2019-11-30 12:01:33'),
(23, 320, 2, '2019-11-30 12:02:07', '2019-11-30 12:03:34'),
(24, 321, 2, '2019-11-30 12:03:51', '2019-11-30 12:04:02'),
(25, 322, 2, '2019-11-30 12:04:11', '2019-11-30 12:05:16'),
(26, 323, 2, '2019-11-30 12:05:36', '2019-11-30 12:26:51'),
(27, 323, 2, '2019-11-30 12:31:05', '2019-11-30 12:31:16'),
(28, 322, 2, '2019-11-30 12:31:37', '2019-11-30 12:34:24'),
(29, 323, 2, '2019-11-30 12:34:50', '2019-11-30 12:40:13'),
(30, 324, 2, '2019-11-30 12:40:34', '2019-11-30 12:41:44'),
(31, 324, 2, '2019-11-30 12:41:52', '2019-11-30 12:42:48'),
(32, 323, 2, '2019-11-30 12:43:09', '2019-11-30 12:46:47'),
(33, 323, 2, '2019-11-30 12:46:53', '2019-11-30 12:46:59'),
(34, 324, 2, '2019-11-30 12:47:22', '2019-11-30 12:53:24'),
(35, 323, 2, '2019-11-30 12:53:35', '2019-11-30 12:53:43'),
(36, 324, 2, '2019-11-30 12:54:01', '2019-11-30 12:55:01'),
(37, 323, 2, '2019-11-30 12:55:13', '2019-11-30 12:55:36'),
(38, 320, 2, '2019-11-30 12:55:56', '2019-11-30 12:57:03'),
(39, 323, 2, '2019-11-30 12:57:23', '2019-11-30 12:58:47'),
(40, 324, 2, '2019-11-30 12:58:58', '2019-11-30 12:59:34'),
(41, 322, 2, '2019-11-30 12:59:42', '2019-11-30 14:03:18'),
(42, 320, 2, '2019-11-30 14:03:32', '2019-11-30 14:10:26'),
(43, 321, 2, '2019-11-30 14:10:39', '2019-11-30 14:29:26'),
(44, 320, 2, '2019-11-30 14:29:41', '2019-11-30 14:31:46'),
(45, 320, 2, '2019-11-30 14:32:09', '2019-11-30 14:33:08'),
(46, 321, 2, '2019-11-30 14:33:18', '2019-11-30 14:36:06'),
(47, 320, 2, '2019-11-30 14:36:32', '2019-11-30 14:50:09'),
(48, 325, 2, '2019-11-30 14:50:17', '2019-11-30 15:02:07'),
(49, 326, 2, '2019-11-30 15:02:20', '2019-11-30 15:25:34'),
(50, 327, 1, '2019-11-30 15:07:36', NULL),
(51, 321, 2, '2019-11-30 15:26:33', '2019-11-30 16:23:04'),
(52, 320, 1, '2019-11-30 16:23:54', NULL),
(53, 320, 2, '2019-12-02 10:14:14', '2019-12-02 10:15:21'),
(54, 323, 2, '2019-12-02 10:15:35', '2019-12-02 10:33:11'),
(55, 321, 2, '2019-12-02 10:33:20', '2019-12-02 10:42:00'),
(56, 320, 2, '2019-12-02 10:42:48', '2019-12-02 10:48:40'),
(57, 321, 1, '2019-12-02 10:48:51', NULL),
(58, 321, 2, '2019-12-06 16:13:29', '2019-12-06 16:13:58'),
(59, 322, 1, '2019-12-06 16:14:06', NULL),
(60, 323, 1, '2019-12-06 16:23:59', NULL),
(61, 327, 2, '2019-12-10 13:48:13', '2019-12-10 14:39:42'),
(62, 327, 2, '2019-12-10 14:39:51', '2019-12-10 14:48:00'),
(63, 327, 2, '2019-12-10 14:49:03', '2019-12-10 14:50:55'),
(64, 327, 2, '2019-12-10 14:51:04', '2019-12-10 15:15:45'),
(65, 330, 1, '2019-12-10 16:29:06', NULL),
(66, 330, 2, '2019-12-11 11:49:34', '2019-12-11 11:49:55'),
(67, 333, 2, '2019-12-11 11:50:07', '2019-12-11 11:50:16'),
(68, 332, 2, '2019-12-11 11:50:26', '2019-12-11 11:52:18'),
(69, 330, 2, '2019-12-11 11:52:36', '2019-12-11 11:56:13'),
(70, 330, 2, '2019-12-11 11:56:20', '2019-12-11 11:57:10'),
(71, 333, 2, '2019-12-11 11:57:26', '2019-12-11 12:01:40'),
(72, 330, 2, '2019-12-11 12:01:55', '2019-12-11 12:43:57'),
(73, 333, 2, '2019-12-11 12:44:17', '2019-12-11 13:05:52'),
(74, 330, 1, '2019-12-11 13:06:15', NULL),
(75, 321, 2, '2019-12-11 15:18:03', '2019-12-11 16:01:14'),
(76, 322, 2, '2019-12-11 16:01:34', '2019-12-11 16:02:19'),
(77, 319, 2, '2019-12-11 16:02:32', '2019-12-11 16:02:42'),
(78, 320, 2, '2019-12-11 16:02:51', '2019-12-11 16:03:22'),
(79, 322, 2, '2019-12-11 16:03:33', '2019-12-11 16:05:21'),
(80, 320, 2, '2019-12-11 16:05:35', '2019-12-11 16:06:34'),
(81, 322, 2, '2019-12-11 16:06:48', '2019-12-11 16:09:23'),
(82, 321, 2, '2019-12-11 16:09:31', '2019-12-11 17:04:45'),
(83, 322, 1, '2019-12-11 17:05:04', NULL),
(84, 321, 2, '2019-12-12 10:28:35', '2019-12-12 10:35:24'),
(85, 323, 2, '2019-12-12 10:35:42', '2019-12-12 10:37:33'),
(86, 321, 2, '2019-12-12 10:37:47', '2019-12-12 10:51:06'),
(87, 322, 2, '2019-12-12 10:51:27', '2019-12-12 10:51:50'),
(88, 323, 2, '2019-12-12 10:52:00', '2019-12-12 10:53:27'),
(89, 321, 2, '2019-12-12 10:53:39', '2019-12-12 10:54:27'),
(90, 320, 2, '2019-12-12 10:54:46', '2019-12-12 12:00:12'),
(91, 321, 2, '2019-12-12 12:00:27', '2019-12-12 14:20:22'),
(92, 321, 2, '2019-12-12 14:20:27', '2019-12-12 14:48:55'),
(93, 321, 2, '2019-12-12 14:49:02', '2019-12-12 14:57:05'),
(94, 321, 2, '2019-12-12 14:57:10', '2019-12-12 16:12:57'),
(95, 327, 2, '2019-12-12 15:01:20', '2019-12-12 16:22:16'),
(96, 322, 2, '2019-12-12 16:13:16', '2019-12-12 17:13:38'),
(97, 327, 2, '2019-12-12 16:22:26', '2019-12-12 17:50:54'),
(98, 326, 2, '2019-12-12 17:14:25', '2019-12-12 17:32:03'),
(99, 326, 2, '2019-12-12 17:32:13', '2019-12-12 17:38:50'),
(100, 330, 2, '2019-12-12 17:39:10', '2019-12-12 17:44:31'),
(101, 326, 2, '2019-12-12 17:45:11', '2019-12-12 17:45:29'),
(102, 330, 2, '2019-12-12 17:45:44', '2019-12-12 17:46:14'),
(103, 324, 2, '2019-12-12 17:46:44', '2019-12-12 17:48:10'),
(104, 326, 2, '2019-12-12 17:48:17', '2019-12-12 17:48:53'),
(105, 322, 2, '2019-12-12 17:48:59', '2019-12-12 17:49:54'),
(106, 330, 2, '2019-12-12 18:10:27', '2019-12-12 18:12:01'),
(107, 326, 1, '2019-12-12 18:12:15', NULL),
(108, 328, 2, '2019-12-12 18:14:01', '2019-12-12 18:22:56'),
(109, 330, 1, '2019-12-12 18:15:48', NULL),
(110, 327, 1, '2019-12-12 18:23:16', NULL),
(111, 321, 2, '2019-12-13 10:39:51', '2019-12-13 10:53:24'),
(112, 326, 2, '2019-12-13 10:53:43', '2019-12-13 10:55:41'),
(113, 326, 2, '2019-12-13 10:56:31', '2019-12-13 11:10:49'),
(114, 326, 2, '2019-12-13 11:11:06', '2019-12-13 11:34:15'),
(115, 322, 2, '2019-12-13 11:34:31', '2019-12-13 11:38:14'),
(116, 321, 2, '2019-12-13 11:38:31', '2019-12-13 11:59:17'),
(117, 322, 2, '2019-12-13 11:59:33', '2019-12-13 11:59:57'),
(118, 323, 2, '2019-12-13 12:00:07', '2019-12-13 12:02:20'),
(119, 324, 2, '2019-12-13 12:02:31', '2019-12-13 12:05:17'),
(120, 328, 2, '2019-12-13 12:05:31', '2019-12-13 12:10:29'),
(121, 332, 2, '2019-12-13 12:34:26', '2019-12-13 12:36:10'),
(122, 326, 2, '2019-12-13 12:36:28', '2019-12-13 12:37:37'),
(123, 326, 2, '2019-12-13 12:37:45', '2019-12-13 12:38:51'),
(124, 324, 2, '2019-12-13 12:39:27', '2019-12-13 12:39:37'),
(125, 324, 2, '2019-12-13 12:39:46', '2019-12-13 12:46:12'),
(126, 326, 2, '2019-12-13 12:47:09', '2019-12-13 12:50:34'),
(127, 322, 2, '2019-12-13 12:50:38', '2019-12-13 13:56:47'),
(128, 326, 2, '2019-12-13 13:57:07', '2019-12-13 14:04:45'),
(129, 333, 2, '2019-12-13 14:05:32', '2019-12-13 14:09:21'),
(130, 333, 2, '2019-12-13 14:09:32', '2019-12-13 14:09:44'),
(131, 324, 2, '2019-12-13 14:09:59', '2019-12-13 15:12:50'),
(132, 327, 2, '2019-12-13 15:15:24', '2019-12-13 15:18:36'),
(133, 331, 2, '2019-12-13 15:19:22', '2019-12-13 15:23:47'),
(134, 332, 2, '2019-12-13 15:24:02', '2019-12-13 15:34:50'),
(135, 321, 2, '2019-12-13 15:35:09', '2019-12-13 17:00:58'),
(136, 320, 2, '2019-12-13 17:01:49', '2019-12-13 17:02:54'),
(137, 321, 2, '2019-12-13 17:03:02', '2019-12-13 17:03:48'),
(138, 320, 2, '2019-12-13 17:03:58', '2019-12-13 17:11:47'),
(139, 324, 2, '2019-12-13 17:12:00', '2019-12-13 17:18:13'),
(140, 331, 2, '2019-12-13 17:18:34', '2019-12-13 17:19:31'),
(141, 321, 2, '2019-12-13 17:19:42', '2019-12-13 17:21:16'),
(142, 322, 2, '2019-12-13 17:23:27', '2019-12-13 17:27:00'),
(143, 320, 2, '2019-12-13 17:27:18', '2019-12-13 17:29:19'),
(144, 334, 2, '2019-12-13 17:30:24', '2019-12-13 17:52:33'),
(145, 334, 2, '2019-12-13 17:52:59', '2019-12-13 18:28:23'),
(146, 324, 1, '2019-12-13 18:28:42', NULL),
(147, 327, 1, '2019-12-13 19:03:17', NULL),
(148, 327, 1, '2019-12-14 10:46:35', NULL),
(149, 320, 2, '2019-12-21 16:39:50', '2019-12-21 16:47:31'),
(150, 320, 2, '2019-12-26 14:34:35', '2019-12-26 14:35:11'),
(151, 320, 2, '2019-12-26 14:38:42', '2019-12-26 14:41:04'),
(152, 320, 2, '2019-12-26 14:41:31', '2019-12-26 14:49:07'),
(153, 320, 2, '2019-12-26 14:49:18', '2019-12-26 15:04:45'),
(154, 320, 1, '2019-12-26 15:06:38', NULL),
(155, 321, 2, '2019-12-27 14:40:00', '2019-12-27 15:06:27'),
(156, 322, 2, '2019-12-27 15:06:47', '2019-12-27 15:30:08'),
(157, 321, 2, '2019-12-27 15:30:20', '2019-12-27 15:34:39'),
(158, 322, 2, '2019-12-27 15:35:09', '2019-12-27 17:19:12'),
(159, 323, 2, '2019-12-27 17:19:34', '2019-12-27 17:19:50'),
(160, 323, 2, '2019-12-27 17:20:03', '2019-12-27 17:20:47'),
(161, 323, 2, '2019-12-27 17:21:03', '2019-12-27 17:21:56'),
(162, 323, 2, '2019-12-27 17:22:12', '2019-12-27 17:29:34'),
(163, 321, 1, '2019-12-27 17:29:49', NULL),
(164, 321, 2, '2019-12-30 10:13:05', '2019-12-30 10:22:43'),
(165, 334, 2, '2019-12-30 10:23:02', '2019-12-30 10:36:31'),
(166, 323, 2, '2019-12-30 10:36:46', '2019-12-30 10:49:50'),
(167, 323, 2, '2019-12-30 10:50:03', '2019-12-30 10:50:18'),
(168, 328, 2, '2019-12-30 10:50:44', '2019-12-30 10:53:54'),
(169, 335, 2, '2019-12-30 10:54:10', '2019-12-30 10:56:47'),
(170, 336, 2, '2019-12-30 10:58:17', '2019-12-30 11:00:57'),
(171, 337, 2, '2019-12-30 11:01:54', '2019-12-30 11:05:16'),
(172, 338, 2, '2019-12-30 11:05:24', '2019-12-30 11:13:33'),
(173, 337, 2, '2019-12-30 11:13:51', '2019-12-30 11:17:28'),
(174, 336, 2, '2019-12-30 11:17:40', '2019-12-30 11:21:07'),
(175, 335, 2, '2019-12-30 11:21:24', '2019-12-30 11:27:25'),
(176, 337, 2, '2019-12-30 11:57:17', '2019-12-30 13:59:05'),
(177, 335, 2, '2019-12-30 13:59:24', '2019-12-30 14:03:14'),
(178, 336, 2, '2019-12-30 14:03:26', '2019-12-30 14:04:05'),
(179, 338, 2, '2019-12-30 14:04:22', '2019-12-30 14:06:10'),
(180, 321, 2, '2019-12-30 14:06:20', '2019-12-30 14:25:40'),
(181, 338, 2, '2019-12-30 14:25:54', '2019-12-30 14:27:01'),
(182, 336, 2, '2019-12-30 14:27:12', '2019-12-30 14:29:58'),
(183, 335, 2, '2019-12-30 14:30:19', '2019-12-30 14:31:12'),
(184, 328, 2, '2019-12-30 14:31:50', '2019-12-30 14:55:10'),
(185, 321, 2, '2019-12-30 14:55:25', '2019-12-30 15:08:05'),
(186, 338, 2, '2019-12-30 15:09:31', '2019-12-30 15:35:52'),
(187, 328, 2, '2019-12-30 15:36:35', '2019-12-30 15:57:04'),
(188, 320, 2, '2019-12-30 15:57:21', '2019-12-30 17:06:01'),
(189, 321, 2, '2019-12-30 17:06:21', '2019-12-30 17:06:32'),
(190, 338, 1, '2019-12-30 17:07:31', NULL),
(191, 321, 2, '2019-12-31 11:22:55', '2019-12-31 11:23:50'),
(192, 321, 2, '2019-12-31 11:24:16', '2019-12-31 11:29:40'),
(193, 326, 2, '2019-12-31 11:29:58', '2019-12-31 11:31:37'),
(194, 338, 2, '2019-12-31 11:31:50', '2019-12-31 11:32:02'),
(195, 337, 2, '2019-12-31 11:32:19', '2019-12-31 11:32:44'),
(196, 328, 2, '2019-12-31 11:33:12', '2019-12-31 11:33:49'),
(197, 326, 2, '2019-12-31 11:34:04', '2019-12-31 11:38:58'),
(198, 328, 2, '2019-12-31 11:39:10', '2019-12-31 11:40:29'),
(199, 326, 2, '2019-12-31 11:40:44', '2019-12-31 11:48:07'),
(200, 328, 1, '2019-12-31 11:48:23', NULL),
(201, 328, 1, '2020-01-02 14:28:59', NULL),
(202, 321, 2, '2020-01-06 15:42:22', '2020-01-06 16:08:11'),
(203, 338, 2, '2020-01-06 16:08:25', '2020-01-06 16:23:40'),
(204, 321, 2, '2020-01-06 16:23:54', '2020-01-06 16:50:48'),
(205, 322, 2, '2020-01-06 16:51:18', '2020-01-06 16:53:16'),
(206, 323, 2, '2020-01-06 16:53:28', '2020-01-06 17:03:51'),
(207, 323, 2, '2020-01-06 17:03:58', '2020-01-06 17:05:35'),
(208, 324, 2, '2020-01-06 17:05:56', '2020-01-06 17:07:24'),
(209, 339, 2, '2020-01-06 17:08:43', '2020-01-06 17:27:56'),
(210, 340, 2, '2020-01-06 17:29:00', '2020-01-06 17:48:42'),
(211, 340, 2, '2020-01-06 17:58:05', '2020-01-06 17:58:09'),
(212, 337, 1, '2020-01-06 17:58:34', NULL),
(213, 337, 2, '2020-01-07 10:15:53', '2020-01-07 10:18:53'),
(214, 321, 2, '2020-01-07 10:19:06', '2020-01-07 11:12:32'),
(215, 340, 2, '2020-01-07 11:12:43', '2020-01-07 11:13:06'),
(216, 341, 2, '2020-01-07 11:14:08', '2020-01-07 11:16:50'),
(217, 342, 2, '2020-01-07 11:17:36', '2020-01-07 11:19:55'),
(218, 343, 2, '2020-01-07 11:20:34', '2020-01-07 11:23:56'),
(219, 342, 2, '2020-01-07 11:24:13', '2020-01-07 11:25:12'),
(220, 340, 2, '2020-01-07 11:25:30', '2020-01-07 11:30:30'),
(221, 320, 2, '2020-01-07 11:30:41', '2020-01-07 11:31:17'),
(222, 320, 2, '2020-01-07 11:31:24', '2020-01-07 11:35:13'),
(223, 320, 2, '2020-01-07 11:35:20', '2020-01-07 11:39:58'),
(224, 328, 2, '2020-01-07 11:46:22', '2020-01-07 12:05:50'),
(225, 324, 2, '2020-01-07 12:06:10', '2020-01-07 12:14:23'),
(226, 342, 2, '2020-01-07 12:14:38', '2020-01-07 16:51:32'),
(227, 338, 2, '2020-01-07 16:51:53', '2020-01-07 18:43:45'),
(228, 336, 1, '2020-01-07 18:44:24', NULL),
(229, 336, 2, '2020-01-08 10:42:57', '2020-01-08 10:59:25'),
(230, 323, 2, '2020-01-08 11:00:55', '2020-01-08 11:03:13'),
(231, 322, 2, '2020-01-08 11:03:27', '2020-01-08 11:12:40'),
(232, 322, 2, '2020-01-08 11:19:26', '2020-01-08 11:29:10'),
(233, 324, 2, '2020-01-08 11:29:23', '2020-01-08 11:36:24'),
(234, 322, 2, '2020-01-08 11:52:11', '2020-01-08 11:54:21'),
(235, 322, 2, '2020-01-08 11:54:25', '2020-01-08 12:58:30'),
(236, 323, 2, '2020-01-08 12:58:51', '2020-01-08 13:54:53'),
(237, 323, 2, '2020-01-08 13:55:34', '2020-01-08 18:45:40'),
(238, 340, 2, '2020-01-08 14:17:52', '2020-01-08 17:06:31'),
(239, 336, 2, '2020-01-08 17:08:02', '2020-01-08 17:16:25'),
(240, 335, 1, '2020-01-08 17:16:56', NULL),
(241, 336, 1, '2020-01-08 18:46:00', NULL),
(242, 336, 2, '2020-01-10 17:55:28', '2020-01-10 18:37:16'),
(243, 321, 2, '2020-01-10 18:37:38', '2020-01-10 18:55:26'),
(244, 336, 2, '2020-01-10 18:37:58', '2020-01-10 18:50:13'),
(245, 323, 2, '2020-01-10 18:50:55', '2020-01-10 19:13:11'),
(246, 321, 2, '2020-01-10 18:55:52', '2020-01-10 19:12:05'),
(247, 321, 2, '2020-01-10 19:12:14', '2020-01-10 19:14:46'),
(248, 320, 1, '2020-01-10 19:13:28', NULL),
(249, 321, 1, '2020-01-10 19:14:55', NULL),
(250, 321, 2, '2020-01-13 11:15:07', '2020-01-13 11:21:00'),
(251, 323, 2, '2020-01-13 11:21:27', '2020-01-13 12:29:47'),
(252, 321, 2, '2020-01-13 11:24:18', '2020-01-13 11:26:07'),
(253, 322, 2, '2020-01-13 11:26:27', '2020-01-13 11:26:59'),
(254, 324, 2, '2020-01-13 11:27:14', '2020-01-13 14:14:42'),
(255, 337, 2, '2020-01-13 12:34:44', '2020-01-13 14:19:41'),
(256, 338, 1, '2020-01-13 12:40:55', NULL),
(257, 323, 1, '2020-01-13 14:07:36', NULL),
(258, 340, 2, '2020-01-13 14:15:11', '2020-01-13 14:25:13'),
(259, 343, 1, '2020-01-13 14:20:00', NULL),
(260, 328, 1, '2020-01-13 14:24:54', NULL),
(261, 340, 2, '2020-01-13 14:25:41', '2020-01-13 14:26:01'),
(262, 341, 2, '2020-01-13 14:26:20', '2020-01-13 14:26:50'),
(263, 342, 2, '2020-01-13 14:27:03', '2020-01-13 14:27:56'),
(264, 339, 2, '2020-01-13 14:28:07', '2020-01-13 14:28:44'),
(265, 334, 1, '2020-01-13 14:29:08', NULL),
(266, 339, 2, '2020-01-13 14:43:37', '2020-01-13 14:46:43'),
(267, 340, 1, '2020-01-13 14:47:10', NULL),
(268, 339, 1, '2020-01-13 14:51:46', NULL),
(269, 339, 1, '2020-01-14 10:58:56', NULL);

-- --------------------------------------------------------

--
-- Table structure for table `employee_type`
--

CREATE TABLE `employee_type` (
  `id` int(11) NOT NULL,
  `emptype_name` varchar(50) NOT NULL,
  `status` int(1) NOT NULL COMMENT '1=Active 2= Inactive',
  `created_at` datetime NOT NULL,
  `created_by` int(10) NOT NULL,
  `updated_at` datetime DEFAULT NULL ON UPDATE CURRENT_TIMESTAMP,
  `updated_by` int(10) DEFAULT NULL
) ENGINE=InnoDB DEFAULT CHARSET=latin1;

-- --------------------------------------------------------

--
-- Table structure for table `engagement_plantype`
--

CREATE TABLE `engagement_plantype` (
  `plantype_id` int(11) NOT NULL,
  `engagement_plantype_name` varchar(50) NOT NULL,
  `status` int(1) NOT NULL COMMENT '1=Yes;2=No',
  `created_at` datetime NOT NULL,
  `created_by` int(10) NOT NULL
) ENGINE=InnoDB DEFAULT CHARSET=latin1;

--
-- Dumping data for table `engagement_plantype`
--

INSERT INTO `engagement_plantype` (`plantype_id`, `engagement_plantype_name`, `status`, `created_at`, `created_by`) VALUES
(1, 'Monthly', 1, '2018-10-26 00:00:00', 1),
(2, 'Adhoc dates', 1, '2018-10-26 00:00:00', 1),
(3, 'Not applicable', 1, '2018-10-26 00:00:00', 1);

-- --------------------------------------------------------

--
-- Table structure for table `engagement_plantype_data`
--

CREATE TABLE `engagement_plantype_data` (
  `engplantype_data_id` int(11) NOT NULL,
  `plantype_id` int(11) NOT NULL,
  `field_label` varchar(50) NOT NULL,
  `data_type` int(11) NOT NULL,
  `status` int(11) NOT NULL COMMENT '1=Active;2=Inactive	',
  `created_at` datetime DEFAULT NULL ON UPDATE CURRENT_TIMESTAMP,
  `created_by` int(11) NOT NULL
) ENGINE=InnoDB DEFAULT CHARSET=latin1;

--
-- Dumping data for table `engagement_plantype_data`
--

INSERT INTO `engagement_plantype_data` (`engplantype_data_id`, `plantype_id`, `field_label`, `data_type`, `status`, `created_at`, `created_by`) VALUES
(1, 1, 'Count', 1, 1, '2019-11-29 14:33:23', 319),
(2, 2, 'Text', 2, 1, '2019-11-29 14:33:36', 319);

-- --------------------------------------------------------

--
-- Table structure for table `field_coach_head`
--

CREATE TABLE `field_coach_head` (
  `field_id` int(11) NOT NULL,
  `trainer_id` int(10) NOT NULL,
  `employee_id` int(10) NOT NULL,
  `prospect_id` int(10) NOT NULL,
  `score` int(10) DEFAULT '0',
  `status` int(1) NOT NULL DEFAULT '0' COMMENT '1- Initiated 2- Canceled 3- Completed 4- Not completed',
  `remarks` varchar(255) DEFAULT NULL,
  `gps_location` varchar(255) DEFAULT NULL,
  `created_by` int(10) DEFAULT NULL,
  `created_at` datetime DEFAULT NULL
) ENGINE=InnoDB DEFAULT CHARSET=latin1;

--
-- Dumping data for table `field_coach_head`
--

INSERT INTO `field_coach_head` (`field_id`, `trainer_id`, `employee_id`, `prospect_id`, `score`, `status`, `remarks`, `gps_location`, `created_by`, `created_at`) VALUES
(1, 289, 290, 44, 0, 1, NULL, '0.0,0.0', 289, '2019-08-21 18:17:35'),
(2, 288, 289, 50, 0, 2, '', '13.03663653,80.25387123', 288, '2019-11-13 19:30:14'),
(3, 320, 321, 34, 4, 3, '', '13.0366018,80.25385885', 320, '2019-11-29 19:44:26'),
(4, 320, 321, 84, 0, 1, NULL, '0.0,0.0', 320, '2019-12-13 19:32:30'),
(5, 326, 328, 116, 0, 1, NULL, '13.0365945,80.25388567', 326, '2019-12-31 11:34:25');

-- --------------------------------------------------------

--
-- Table structure for table `field_coach_master`
--

CREATE TABLE `field_coach_master` (
  `coach_id` int(11) NOT NULL,
  `name` varchar(255) NOT NULL,
  `status` int(1) NOT NULL DEFAULT '0',
  `created_by` int(10) NOT NULL,
  `created_at` datetime NOT NULL DEFAULT CURRENT_TIMESTAMP
) ENGINE=InnoDB DEFAULT CHARSET=latin1;

--
-- Dumping data for table `field_coach_master`
--

INSERT INTO `field_coach_master` (`coach_id`, `name`, `status`, `created_by`) VALUES
(1, 'Self', 1, 1);

-- --------------------------------------------------------

--
-- Table structure for table `field_coach_training`
--

CREATE TABLE `field_coach_training` (
  `id` int(11) NOT NULL,
  `field_id` varchar(200) DEFAULT NULL,
  `coach_id` varchar(200) DEFAULT NULL,
  `remarks` text,
  `created_by` varchar(200) DEFAULT NULL,
  `created_at` datetime DEFAULT NULL
) ENGINE=InnoDB DEFAULT CHARSET=latin1;

--
-- Dumping data for table `field_coach_training`
--

INSERT INTO `field_coach_training` (`id`, `field_id`, `coach_id`, `remarks`, `created_by`, `created_at`) VALUES
(1, '3', '1', 'cancelled', '320', '2019-11-29 19:44:48'),
(2, '3', '1', 'completed', '320', '2019-11-29 19:52:37');

-- --------------------------------------------------------

--
-- Table structure for table `funnel_stages`
--

CREATE TABLE `funnel_stages` (
  `idFunnelStage` int(11) NOT NULL,
  `funnel_desc` varchar(30) NOT NULL,
  `funnel_stageseq` int(2) NOT NULL,
  `funnel_status` int(1) NOT NULL COMMENT '1=Active;2=Inactive',
  `is_closure_stage` int(1) NOT NULL COMMENT '1=Yes,2=No',
  `created_at` datetime DEFAULT NULL ON UPDATE CURRENT_TIMESTAMP,
  `created_by` int(11) NOT NULL
) ENGINE=InnoDB DEFAULT CHARSET=latin1;

--
-- Dumping data for table `funnel_stages`
--

INSERT INTO `funnel_stages` (`idFunnelStage`, `funnel_desc`, `funnel_stageseq`, `funnel_status`, `is_closure_stage`, `created_at`, `created_by`) VALUES
(1, 'Lead', 1, 1, 2, '2019-05-08 00:00:00', 1),
(2, 'Demo', 2, 1, 2, '2018-11-14 00:00:00', 1),
(3, 'Sales', 3, 1, 1, '2018-11-27 00:00:00', 1);

-- --------------------------------------------------------

--
-- Table structure for table `hierarchy_address`
--

CREATE TABLE `hierarchy_address` (
  `address_id` int(11) NOT NULL,
  `hierarchy_id` int(1) NOT NULL,
  `hierarchy_title_id` int(1) NOT NULL,
  `address` text NOT NULL,
  `digital_signature` text NOT NULL,
  `created_at` datetime DEFAULT NULL ON UPDATE CURRENT_TIMESTAMP,
  `created_by` int(11) NOT NULL,
  `updated_at` datetime DEFAULT NULL,
  `updated_by` int(1) NOT NULL
) ENGINE=InnoDB DEFAULT CHARSET=latin1;

-- --------------------------------------------------------

--
-- Table structure for table `hierarchy_mapping`
--

CREATE TABLE `hierarchy_mapping` (
  `hierarchymapping_id` int(11) NOT NULL,
  `h1` int(11) DEFAULT '0',
  `h2` int(11) DEFAULT '0',
  `h3` int(11) DEFAULT '0',
  `h4` int(11) DEFAULT '0',
  `h5` int(11) DEFAULT '0',
  `h6` int(11) DEFAULT '0',
  `h7` int(11) DEFAULT '0',
  `h8` int(11) DEFAULT '0',
  `created_at` datetime NOT NULL DEFAULT CURRENT_TIMESTAMP,
  `created_by` int(11) DEFAULT NULL,
  `updated_at` datetime NOT NULL DEFAULT CURRENT_TIMESTAMP,
  `updated_by` int(11) DEFAULT NULL
) ENGINE=InnoDB DEFAULT CHARSET=latin1;

--
-- Dumping data for table `hierarchy_mapping`
--

INSERT INTO `hierarchy_mapping` (`hierarchymapping_id`, `h1`, `h2`, `h3`, `h4`, `h5`, `h6`, `h7`, `h8`, `created_by`, `updated_by`) VALUES
(1, 1, 2, 3, 4, 5, 12, 0, 0, 319, 319),
(2, 1, 2, 3, 4, 11, 0, 0, 0, 319, 319),
(3, 6, 7, 8, 14, 13, 0, 0, 0, 329, 329),
(4, 6, 7, 8, 16, 15, 0, 0, 0, 329, 329);

-- --------------------------------------------------------

--
-- Table structure for table `hierarchy_master`
--

CREATE TABLE `hierarchy_master` (
  `idHierarchy` int(11) NOT NULL,
  `hierarchyType` varchar(3) NOT NULL,
  `hierarchyName` varchar(25) DEFAULT NULL,
  `created_at` datetime NOT NULL,
  `created_by` int(11) NOT NULL
) ENGINE=InnoDB DEFAULT CHARSET=latin1;

--
-- Dumping data for table `hierarchy_master`
--

INSERT INTO `hierarchy_master` (`idHierarchy`, `hierarchyType`, `hierarchyName`, `created_at`, `created_by`) VALUES
(1, 'H1', 'HO', '2019-12-31 17:46:31', 1),
(2, 'H2', 'Region', '2019-12-31 17:46:31', 1),
(3, 'H3', 'SBU', '2019-12-31 17:46:31', 1),
(4, 'H4', 'Area', '2019-12-31 17:46:31', 1),
(5, 'H5', 'Branch', '2019-12-31 17:46:31', 1),
(6, 'H6', 'Zipcode', '2019-12-31 17:46:31', 1),
(7, 'H7', 'test', '2019-12-31 17:46:31', 1),
(8, 'H8', NULL, '2019-12-31 17:46:31', 1);

-- --------------------------------------------------------

--
-- Table structure for table `hierarchy_title`
--

CREATE TABLE `hierarchy_title` (
  `idHierarchyTitle` int(11) NOT NULL,
  `idHierarchy` int(11) NOT NULL,
  `hierarchy_type` varchar(2) DEFAULT NULL COMMENT 'like H1,H2',
  `hierarchy_value` varchar(30) NOT NULL,
  `hierarchy_code` varchar(10) NOT NULL,
  `hierarchy_status` int(1) NOT NULL,
  `created_at` datetime DEFAULT NULL ON UPDATE CURRENT_TIMESTAMP,
  `created_by` int(11) DEFAULT NULL
) ENGINE=InnoDB DEFAULT CHARSET=latin1;

--
-- Dumping data for table `hierarchy_title`
--

INSERT INTO `hierarchy_title` (`idHierarchyTitle`, `idHierarchy`, `hierarchy_type`, `hierarchy_value`, `hierarchy_code`, `hierarchy_status`, `created_at`, `created_by`) VALUES
(1, 1, NULL, 'Phillippines', 'PH', 1, '2019-12-06 00:00:00', 319),
(2, 2, NULL, 'Philippines', 'PH R', 1, '2019-11-29 00:00:00', 1),
(3, 3, NULL, 'Philippines', 'PH S', 1, '2019-11-29 00:00:00', 1),
(4, 4, NULL, 'Philippines', 'PH A', 1, '2019-11-29 00:00:00', 1),
(5, 5, NULL, 'Mandulyang', 'MG', 1, '2020-01-08 00:00:00', 319),
(6, 1, NULL, 'India', 'IN', 1, '2019-11-30 00:00:00', 1),
(7, 2, NULL, 'Tamil Nadu', 'TN', 1, '2019-11-30 00:00:00', 1),
(8, 3, NULL, 'Chennai', 'CH', 1, '2019-11-30 00:00:00', 1),
(9, 4, NULL, 'Alwarpet', 'AL', 1, '2019-11-30 00:00:00', 1),
(10, 5, NULL, 'Alwarpet Branch', 'AB', 1, '2019-11-30 00:00:00', 1),
(11, 5, NULL, 'Batangas', 'BG', 1, '2020-01-08 00:00:00', 319),
(12, 6, NULL, '600018', 'ZP1', 1, '2019-12-11 00:00:00', 1),
(13, 5, NULL, 'Royapettah', 'RH', 1, '2019-12-12 00:00:00', 329),
(14, 4, NULL, 'PF Office', 'PF', 1, '2019-12-12 00:00:00', 329),
(15, 5, NULL, 'Teynampet', 'TT', 1, '2019-12-12 00:00:00', 329),
(16, 4, NULL, 'Tnagar', 'TR', 1, '2019-12-12 00:00:00', 329);

-- --------------------------------------------------------

--
-- Table structure for table `holiday_approved_list`
--

CREATE TABLE `holiday_approved_list` (
  `id_holiday` int(11) NOT NULL,
  `holidaylist_id` int(10) DEFAULT NULL,
  `holiday_date` datetime NOT NULL,
  `holiday_name` varchar(30) NOT NULL,
  `holiday_type` int(11) NOT NULL COMMENT 'W=Weekoff, H=Holiday',
  `manager_id` int(11) NOT NULL,
  `approved_date` datetime NOT NULL,
  `updated_at` datetime DEFAULT NULL ON UPDATE CURRENT_TIMESTAMP
) ENGINE=InnoDB DEFAULT CHARSET=latin1;

--
-- Dumping data for table `holiday_approved_list`
--

INSERT INTO `holiday_approved_list` (`id_holiday`, `holidaylist_id`, `holiday_date`, `holiday_name`, `holiday_type`, `manager_id`, `approved_date`, `updated_at`) VALUES
(1, 1, '2019-11-30 00:00:00', 'Weekend', 2, 319, '2019-11-29 13:16:21', NULL),
(2, 2, '2019-12-01 00:00:00', 'weekend', 2, 319, '2019-11-29 13:16:26', NULL),
(3, NULL, '2019-11-29 00:00:00', 'Local Holiday', 2, 319, '2019-11-29 18:14:41', NULL),
(4, NULL, '2019-12-30 00:00:00', 'Election day', 2, 1, '2019-12-10 17:14:29', NULL),
(5, 3, '2019-12-14 00:00:00', 'Weekoff', 2, 329, '2019-12-10 19:00:49', NULL),
(6, NULL, '2019-12-11 00:00:00', 'Local holiday', 2, 319, '2019-12-11 18:24:48', NULL),
(7, NULL, '2019-12-13 00:00:00', 'Koval Holiday', 1, 319, '2019-12-13 19:47:48', NULL),
(8, NULL, '2019-12-27 00:00:00', 'Election day', 2, 319, '2019-12-27 17:35:45', NULL),
(9, NULL, '2020-01-11 00:00:00', 'Weekoff', 1, 319, '2020-01-06 18:13:55', NULL),
(10, NULL, '2020-01-01 00:00:00', 'Weekoff', 1, 319, '2020-01-06 18:13:55', NULL),
(11, NULL, '2019-12-06 00:00:00', 'Local holiday', 2, 319, '2019-12-11 18:24:48', NULL),
(12, NULL, '2020-01-06 00:00:00', 'Local holiday', 1, 319, '2020-01-06 18:19:49', NULL),
(13, NULL, '2020-01-07 00:00:00', 'local holiday', 2, 325, '2020-01-07 14:11:31', NULL);

-- --------------------------------------------------------

--
-- Table structure for table `holiday_list`
--

CREATE TABLE `holiday_list` (
  `id` int(11) NOT NULL,
  `user_id` int(10) NOT NULL,
  `date` datetime NOT NULL,
  `desciption` varchar(255) NOT NULL,
  `is_active` tinyint(1) NOT NULL
) ENGINE=InnoDB DEFAULT CHARSET=latin1;

--
-- Dumping data for table `holiday_list`
--

INSERT INTO `holiday_list` (`id`, `user_id`, `date`, `desciption`, `is_active`) VALUES
(1, 319, '2019-11-30 00:00:00', 'Weekend', 1),
(2, 319, '2019-12-01 00:00:00', 'weekend', 1),
(3, 1, '2019-12-14 00:00:00', 'Weekoff', 1);

-- --------------------------------------------------------

--
-- Table structure for table `lead_resource_mapping`
--

CREATE TABLE `lead_resource_mapping` (
  `leadresource_id` int(11) NOT NULL,
  `leadsource_id` int(11) NOT NULL,
  `resource_id` int(11) NOT NULL,
  `status` int(1) NOT NULL COMMENT '1=Active;2=Inactive',
  `created_at` datetime DEFAULT NULL ON UPDATE CURRENT_TIMESTAMP,
  `created_by` int(11) NOT NULL
) ENGINE=InnoDB DEFAULT CHARSET=latin1;

-- --------------------------------------------------------

--
-- Table structure for table `lead_source_master`
--

CREATE TABLE `lead_source_master` (
  `leadsource_id` int(11) NOT NULL,
  `leadsource_name` varchar(50) NOT NULL,
  `is_active` int(1) NOT NULL,
  `created_at` datetime NOT NULL,
  `created_by` int(10) NOT NULL
) ENGINE=InnoDB DEFAULT CHARSET=latin1;

--
-- Dumping data for table `lead_source_master`
--

INSERT INTO `lead_source_master` (`leadsource_id`, `leadsource_name`, `is_active`, `created_at`, `created_by`) VALUES
(1, 'Cold Call', 1, '2019-11-29 13:15:03', 319),
(2, 'Road Show', 1, '2019-11-29 13:15:10', 319),
(3, 'KIOSK', 1, '2020-01-06 19:24:22', 1),
(4, 'Call', 1, '2020-01-06 19:25:16', 1);

-- --------------------------------------------------------

--
-- Table structure for table `monthly_emp_salesplan_details`
--

CREATE TABLE `monthly_emp_salesplan_details` (
  `monthly_emp_salesplan_id` int(11) NOT NULL,
  `monthly_sales_id` int(11) NOT NULL,
  `employee_id` int(11) NOT NULL,
  `funnel_id` int(11) NOT NULL,
  `value` varchar(50) NOT NULL,
  `created_at` datetime DEFAULT NULL ON UPDATE CURRENT_TIMESTAMP,
  `manager_id` int(11) NOT NULL
) ENGINE=InnoDB DEFAULT CHARSET=latin1;

-- --------------------------------------------------------

--
-- Table structure for table `monthly_planner`
--

CREATE TABLE `monthly_planner` (
  `monthly_planner_id` int(11) NOT NULL,
  `employee_id` int(11) DEFAULT NULL,
  `year` int(4) DEFAULT NULL,
  `month` int(2) DEFAULT NULL,
  `activity_id` int(11) DEFAULT NULL,
  `planned` int(11) DEFAULT NULL,
  `achieved` int(11) DEFAULT NULL,
  `created_at` datetime NOT NULL,
  `approved_by` int(11) DEFAULT NULL,
  `approved_at` datetime DEFAULT NULL
) ENGINE=InnoDB DEFAULT CHARSET=latin1;

--
-- Dumping data for table `monthly_planner`
--

INSERT INTO `monthly_planner` (`monthly_planner_id`, `employee_id`, `year`, `month`, `activity_id`, `planned`, `achieved`, `created_at`, `approved_by`, `approved_at`) VALUES
(1, 322, 2019, 11, 1, 5, 11, '2019-11-30 11:21:05', NULL, '2019-11-30 11:21:05'),
(2, 322, 2019, 11, 3, 10, 0, '2019-11-30 11:21:05', NULL, '2019-11-30 11:21:05'),
(3, 322, 2019, 11, 4, 15, 0, '2019-11-30 11:21:05', NULL, '2019-11-30 11:21:05'),
(4, 322, 2019, 11, 5, 0, 0, '2019-11-30 11:21:05', NULL, '2019-11-30 11:21:05'),
(5, 322, 2019, 11, 6, 0, 0, '2019-11-30 11:21:05', NULL, '2019-11-30 11:21:05'),
(6, 322, 2019, 11, 7, 0, 0, '2019-11-30 11:21:06', NULL, '2019-11-30 11:21:06'),
(7, 322, 2019, 11, 8, 0, 0, '2019-11-30 11:21:06', NULL, '2019-11-30 11:21:06'),
(8, 321, 2019, 11, 1, 7, 69, '2019-11-30 11:47:14', 320, '2019-11-30 14:17:50'),
(9, 321, 2019, 11, 3, 15, 0, '2019-11-30 11:47:15', 320, '2019-11-30 14:17:50'),
(10, 321, 2019, 11, 4, 20, 0, '2019-11-30 11:47:15', 320, '2019-11-30 14:17:50'),
(11, 321, 2019, 11, 5, 30, 0, '2019-11-30 11:47:15', 320, '2019-11-30 14:17:50'),
(12, 321, 2019, 11, 6, 0, 0, '2019-11-30 11:47:15', 320, '2019-11-30 14:17:50'),
(13, 321, 2019, 11, 7, 0, 0, '2019-11-30 11:47:15', 320, '2019-11-30 14:17:50'),
(14, 321, 2019, 11, 8, 0, 1, '2019-11-30 11:47:15', 320, '2019-11-30 14:17:50');

-- --------------------------------------------------------

--
-- Table structure for table `monthly_resourceengplan_details`
--

CREATE TABLE `monthly_resourceengplan_details` (
  `monthly_resourceengplan_id` int(11) NOT NULL,
  `monthly_sales_id` int(11) NOT NULL,
  `resource_id` int(11) NOT NULL,
  `engplantype_data_id` int(11) NOT NULL,
  `value` varchar(100) NOT NULL,
  `created_at` datetime DEFAULT NULL ON UPDATE CURRENT_TIMESTAMP,
  `created_by` int(11) NOT NULL
) ENGINE=InnoDB DEFAULT CHARSET=latin1;

--
-- Dumping data for table `monthly_resourceengplan_details`
--

INSERT INTO `monthly_resourceengplan_details` (`monthly_resourceengplan_id`, `monthly_sales_id`, `resource_id`, `engplantype_data_id`, `value`, `created_at`, `created_by`) VALUES
(1, 1, 1, 1, '2', NULL, 320),
(2, 1, 2, 2, '2', NULL, 320),
(3, 2, 1, 1, '5', NULL, 321),
(4, 2, 2, 2, 'thr', NULL, 321),
(5, 4, 1, 1, '2', NULL, 321),
(6, 4, 2, 2, 't', NULL, 321),
(7, 5, 1, 1, '2', NULL, 322),
(8, 5, 2, 2, 'k', NULL, 322),
(9, 6, 1, 1, '20', NULL, 330),
(10, 7, 1, 1, '10', NULL, 333),
(11, 8, 1, 1, '1', NULL, 321),
(12, 8, 2, 2, 'rx3', NULL, 321),
(13, 9, 1, 1, '2', NULL, 326),
(14, 9, 2, 2, 'er3', NULL, 326),
(15, 10, 1, 1, '4', NULL, 323),
(16, 10, 2, 2, 'gdugdud', NULL, 323),
(17, 11, 1, 1, '9', NULL, 324),
(18, 12, 1, 1, '6', NULL, 327),
(19, 13, 1, 1, '9', NULL, 331),
(20, 13, 2, 2, 'gdigdihc', NULL, 331),
(21, 14, 1, 1, '9', NULL, 332),
(22, 14, 2, 2, 'grjgdug', NULL, 332),
(23, 15, 1, 1, '1', NULL, 334),
(24, 15, 2, 2, 'test1', NULL, 334),
(25, 16, 1, 1, '3', NULL, 328),
(26, 16, 2, 2, 'r', NULL, 328),
(27, 17, 1, 1, '3', NULL, 335),
(28, 17, 2, 2, 'rt', NULL, 335),
(29, 18, 1, 1, '5', NULL, 336),
(30, 18, 2, 2, 'r', NULL, 336),
(31, 19, 1, 1, '0', NULL, 337),
(32, 19, 2, 2, '0', NULL, 337),
(33, 20, 1, 1, '5', NULL, 320),
(34, 20, 2, 2, 'r', NULL, 320),
(35, 21, 1, 1, '3', NULL, 321),
(36, 21, 2, 2, 'tets', NULL, 321),
(37, 22, 1, 1, '2', NULL, 322),
(38, 22, 2, 2, 'ugdu', NULL, 322),
(39, 23, 2, 2, 'x', NULL, 323),
(40, 23, 3, 1, '2', NULL, 323),
(41, 23, 1, 1, '2', NULL, 323),
(42, 23, 4, 2, '2', NULL, 323),
(43, 24, 3, 1, '2', NULL, 324),
(44, 24, 1, 1, '3', NULL, 324),
(45, 25, 1, 1, '2', NULL, 339),
(46, 26, 1, 1, '2', NULL, 340),
(47, 27, 1, 1, '2', NULL, 337),
(48, 28, 2, 2, 'trdh', NULL, 341),
(49, 29, 3, 1, '2', NULL, 342),
(50, 30, 3, 1, '2', NULL, 343),
(51, 30, 1, 1, '3', NULL, 343),
(52, 30, 2, 2, 'jbx', NULL, 343),
(53, 30, 4, 2, 'k', NULL, 343),
(54, 29, 1, 1, '4', NULL, 342),
(55, 31, 1, 1, '2', NULL, 340),
(56, 31, 2, 2, 'tdg', NULL, 340),
(57, 31, 3, 1, '5', NULL, 340),
(58, 32, 1, 1, '4', NULL, 328),
(59, 32, 2, 2, 'yu', NULL, 328),
(60, 32, 3, 1, '2', NULL, 328),
(61, 33, 1, 1, '4', NULL, 328),
(62, 33, 2, 2, 'fyjggj', NULL, 328),
(63, 33, 3, 1, '2', NULL, 328),
(64, 33, 4, 2, 'gy', NULL, 328),
(65, 24, 2, 2, 'dg', NULL, 324),
(66, 24, 4, 2, 'dv', NULL, 324),
(67, 34, 1, 1, '3', NULL, 336),
(68, 34, 2, 2, 'rgd', NULL, 336),
(69, 34, 3, 1, '3', NULL, 336),
(70, 34, 4, 2, 'xc', NULL, 336);

-- --------------------------------------------------------

--
-- Table structure for table `monthly_salestargetplan`
--

CREATE TABLE `monthly_salestargetplan` (
  `monthly_sales_id` int(11) NOT NULL,
  `employee_id` int(11) NOT NULL,
  `month` varchar(25) NOT NULL,
  `year` varchar(4) NOT NULL,
  `status` int(1) NOT NULL COMMENT '2=Approved;1=Pending approval;3=Rejected',
  `reject_reason` varchar(250) DEFAULT NULL,
  `status_updatedate` date NOT NULL
) ENGINE=InnoDB DEFAULT CHARSET=latin1;

--
-- Dumping data for table `monthly_salestargetplan`
--

INSERT INTO `monthly_salestargetplan` (`monthly_sales_id`, `employee_id`, `month`, `year`, `status`, `reject_reason`, `status_updatedate`) VALUES
(1, 320, '11', '2019', 2, NULL, '2019-11-29'),
(2, 321, '11', '2019', 1, NULL, '2019-11-29'),
(3, 322, '11', '2019', 1, NULL, '2019-11-30'),
(4, 321, '11', '2019', 2, NULL, '2019-11-30'),
(5, 322, '12', '2019', 2, NULL, '2019-12-06'),
(6, 330, '12', '2019', 2, NULL, '2019-12-10'),
(7, 333, '12', '2019', 2, NULL, '2019-12-11'),
(8, 321, '12', '2019', 2, NULL, '2019-12-11'),
(9, 326, '12', '2019', 2, NULL, '2019-12-13'),
(10, 323, '12', '2019', 2, NULL, '2019-12-13'),
(11, 324, '12', '2019', 1, NULL, '2019-12-13'),
(12, 327, '12', '2019', 2, NULL, '2019-12-13'),
(13, 331, '12', '2019', 2, NULL, '2019-12-13'),
(14, 332, '12', '2019', 1, NULL, '2019-12-13'),
(15, 334, '12', '2019', 1, NULL, '2019-12-30'),
(16, 328, '12', '2019', 2, NULL, '2019-12-30'),
(17, 335, '12', '2019', 2, NULL, '2019-12-30'),
(18, 336, '12', '2019', 1, NULL, '2019-12-30'),
(19, 337, '12', '2019', 1, NULL, '2019-12-30'),
(20, 320, '12', '2019', 2, NULL, '2019-12-30'),
(21, 321, '01', '2020', 2, NULL, '2020-01-06'),
(22, 322, '01', '2020', 2, NULL, '2020-01-06'),
(23, 323, '01', '2020', 2, NULL, '2020-01-06'),
(24, 324, '01', '2020', 2, NULL, '2020-01-06'),
(25, 339, '01', '2020', 2, NULL, '2020-01-06'),
(27, 337, '01', '2020', 2, NULL, '2020-01-06'),
(28, 341, '01', '2020', 2, NULL, '2020-01-07'),
(29, 342, '01', '2020', 2, NULL, '2020-01-07'),
(30, 343, '01', '2020', 2, NULL, '2020-01-07'),
(31, 340, '01', '2020', 2, NULL, '2020-01-07'),
(33, 328, '01', '2020', 2, NULL, '2020-01-07'),
(34, 336, '01', '2020', 2, NULL, '2020-01-08');

-- --------------------------------------------------------

--
-- Table structure for table `monthly_salestargetplan_details`
--

CREATE TABLE `monthly_salestargetplan_details` (
  `mnthly_salestrgtplan_id` int(11) NOT NULL,
  `monthly_sales_id` int(11) NOT NULL,
  `resource_id` int(11) NOT NULL,
  `funnel_id` int(11) NOT NULL,
  `calc_value` float(10,2) NOT NULL,
  `entered_value` float(10,2) DEFAULT NULL COMMENT 'original value',
  `created_by` int(10) DEFAULT NULL,
  `modified_by` int(11) NOT NULL
) ENGINE=InnoDB DEFAULT CHARSET=latin1;

--
-- Dumping data for table `monthly_salestargetplan_details`
--

INSERT INTO `monthly_salestargetplan_details` (`mnthly_salestrgtplan_id`, `monthly_sales_id`, `resource_id`, `funnel_id`, `calc_value`, `entered_value`, `created_by`, `modified_by`) VALUES
(1, 1, 1, 1, 10.00, NULL, NULL, 320),
(2, 1, 1, 2, 1.00, NULL, NULL, 320),
(3, 1, 1, 3, 2.00, NULL, NULL, 320),
(4, 1, 2, 1, 15.00, NULL, NULL, 320),
(5, 1, 2, 2, 1.00, NULL, NULL, 320),
(6, 1, 2, 3, 1.00, NULL, NULL, 320),
(7, 2, 1, 1, 25.00, NULL, NULL, 321),
(8, 2, 1, 2, 1.00, NULL, NULL, 321),
(9, 2, 1, 3, 5.00, NULL, NULL, 321),
(10, 2, 2, 1, 35.00, NULL, NULL, 321),
(11, 2, 2, 2, 0.00, NULL, NULL, 321),
(12, 2, 2, 3, 1.00, NULL, NULL, 321),
(13, 4, 1, 1, 25.00, NULL, NULL, 321),
(14, 4, 1, 2, 1.00, NULL, NULL, 321),
(15, 4, 1, 3, 2.00, NULL, NULL, 321),
(16, 4, 2, 1, 35.00, NULL, NULL, 321),
(17, 4, 2, 2, 0.00, NULL, NULL, 321),
(18, 4, 2, 3, 1.00, NULL, NULL, 321),
(19, 5, 1, 1, 25.00, NULL, NULL, 322),
(20, 5, 1, 2, 1.00, NULL, NULL, 322),
(21, 5, 1, 3, 2.00, NULL, NULL, 322),
(22, 5, 2, 1, 35.00, NULL, NULL, 322),
(23, 5, 2, 2, 0.00, NULL, NULL, 322),
(24, 5, 2, 3, 1.00, NULL, NULL, 322),
(25, 6, 1, 1, 25.00, NULL, NULL, 330),
(26, 6, 1, 2, 1.00, NULL, NULL, 330),
(27, 6, 1, 3, 20.00, NULL, NULL, 330),
(28, 7, 1, 1, 25.00, NULL, NULL, 333),
(29, 7, 1, 2, 1.00, NULL, NULL, 333),
(30, 7, 1, 3, 10.00, NULL, NULL, 333),
(31, 8, 1, 1, 25.00, NULL, NULL, 321),
(32, 8, 1, 2, 1.00, NULL, NULL, 321),
(33, 8, 1, 3, 1.00, NULL, NULL, 321),
(34, 8, 2, 1, 35.00, NULL, NULL, 321),
(35, 8, 2, 2, 0.00, NULL, NULL, 321),
(36, 8, 2, 3, 1.00, NULL, NULL, 321),
(37, 9, 1, 1, 25.00, NULL, NULL, 326),
(38, 9, 1, 2, 1.00, NULL, NULL, 326),
(39, 9, 1, 3, 2.00, NULL, NULL, 326),
(40, 9, 2, 1, 35.00, NULL, NULL, 326),
(41, 9, 2, 2, 0.00, NULL, NULL, 326),
(42, 9, 2, 3, 1.00, NULL, NULL, 326),
(43, 10, 1, 1, 25.00, NULL, NULL, 323),
(44, 10, 1, 2, 1.00, NULL, NULL, 323),
(45, 10, 1, 3, 4.00, NULL, NULL, 323),
(46, 10, 2, 1, 35.00, NULL, NULL, 323),
(47, 10, 2, 2, 0.00, NULL, NULL, 323),
(48, 10, 2, 3, 1.00, NULL, NULL, 323),
(49, 11, 1, 1, 25.00, NULL, NULL, 324),
(50, 11, 1, 2, 1.00, NULL, NULL, 324),
(51, 11, 1, 3, 9.00, NULL, NULL, 324),
(52, 12, 1, 1, 25.00, NULL, NULL, 327),
(53, 12, 1, 2, 1.00, NULL, NULL, 327),
(54, 12, 1, 3, 6.00, NULL, NULL, 327),
(55, 13, 1, 1, 25.00, NULL, NULL, 331),
(56, 13, 1, 2, 1.00, NULL, NULL, 331),
(57, 13, 1, 3, 9.00, NULL, NULL, 331),
(58, 13, 2, 1, 35.00, NULL, NULL, 331),
(59, 13, 2, 2, 0.00, NULL, NULL, 331),
(60, 13, 2, 3, 1.00, NULL, NULL, 331),
(61, 14, 1, 1, 25.00, NULL, NULL, 332),
(62, 14, 1, 2, 1.00, NULL, NULL, 332),
(63, 14, 1, 3, 9.00, NULL, NULL, 332),
(64, 14, 2, 1, 35.00, NULL, NULL, 332),
(65, 14, 2, 2, 0.00, NULL, NULL, 332),
(66, 14, 2, 3, 1.00, NULL, NULL, 332),
(67, 15, 1, 1, 25.00, NULL, NULL, 334),
(68, 15, 1, 2, 1.00, NULL, NULL, 334),
(69, 15, 1, 3, 1.00, NULL, NULL, 334),
(70, 15, 2, 1, 35.00, NULL, NULL, 334),
(71, 15, 2, 2, 0.00, NULL, NULL, 334),
(72, 15, 2, 3, 1.00, NULL, NULL, 334),
(73, 16, 1, 1, 25.00, NULL, NULL, 328),
(74, 16, 1, 2, 1.00, NULL, NULL, 328),
(75, 16, 1, 3, 3.00, NULL, NULL, 328),
(76, 16, 2, 1, 35.00, NULL, NULL, 328),
(77, 16, 2, 2, 0.00, NULL, NULL, 328),
(78, 16, 2, 3, 1.00, NULL, NULL, 328),
(79, 17, 1, 1, 25.00, NULL, NULL, 335),
(80, 17, 1, 2, 1.00, NULL, NULL, 335),
(81, 17, 1, 3, 3.00, NULL, NULL, 335),
(82, 17, 2, 1, 35.00, NULL, NULL, 335),
(83, 17, 2, 2, 0.00, NULL, NULL, 335),
(84, 17, 2, 3, 1.00, NULL, NULL, 335),
(85, 18, 1, 1, 25.00, NULL, NULL, 336),
(86, 18, 1, 2, 1.00, NULL, NULL, 336),
(87, 18, 1, 3, 5.00, NULL, NULL, 336),
(88, 18, 2, 1, 35.00, NULL, NULL, 336),
(89, 18, 2, 2, 0.00, NULL, NULL, 336),
(90, 18, 2, 3, 1.00, NULL, NULL, 336),
(91, 19, 1, 1, 25.00, NULL, NULL, 337),
(92, 19, 1, 2, 1.00, NULL, NULL, 337),
(93, 19, 1, 3, 0.00, NULL, NULL, 337),
(94, 19, 2, 1, 35.00, NULL, NULL, 337),
(95, 19, 2, 2, 0.00, NULL, NULL, 337),
(96, 19, 2, 3, 1.00, NULL, NULL, 337),
(97, 20, 1, 1, 25.00, NULL, NULL, 320),
(98, 20, 1, 2, 1.00, NULL, NULL, 320),
(99, 20, 1, 3, 5.00, NULL, NULL, 320),
(100, 20, 2, 1, 35.00, NULL, NULL, 320),
(101, 20, 2, 2, 0.00, NULL, NULL, 320),
(102, 20, 2, 3, 1.00, NULL, NULL, 320),
(103, 21, 1, 1, 25.00, NULL, NULL, 321),
(104, 21, 1, 2, 1.00, NULL, NULL, 321),
(105, 21, 1, 3, 3.00, NULL, NULL, 321),
(106, 21, 2, 1, 35.00, NULL, NULL, 321),
(107, 21, 2, 2, 0.00, NULL, NULL, 321),
(108, 21, 2, 3, 1.00, NULL, NULL, 321),
(109, 22, 1, 1, 25.00, NULL, NULL, 322),
(110, 22, 1, 2, 1.00, NULL, NULL, 322),
(111, 22, 1, 3, 2.00, NULL, NULL, 322),
(112, 22, 2, 1, 35.00, NULL, NULL, 322),
(113, 22, 2, 2, 0.00, NULL, NULL, 322),
(114, 22, 2, 3, 3.00, NULL, NULL, 322),
(115, 23, 2, 1, 35.00, NULL, NULL, 323),
(116, 23, 2, 2, 0.00, NULL, NULL, 323),
(117, 23, 2, 3, 1.00, NULL, NULL, 323),
(118, 23, 3, 1, 5.00, NULL, NULL, 323),
(119, 23, 3, 2, 0.00, NULL, NULL, 323),
(120, 23, 3, 3, 1.00, NULL, NULL, 323),
(121, 23, 1, 1, 25.00, NULL, NULL, 323),
(122, 23, 1, 2, 1.00, NULL, NULL, 323),
(123, 23, 1, 3, 2.00, NULL, NULL, 323),
(124, 23, 4, 1, 50.00, NULL, NULL, 323),
(125, 23, 4, 2, 1.00, NULL, NULL, 323),
(126, 23, 4, 3, 1.00, NULL, NULL, 323),
(127, 24, 3, 1, 5.00, NULL, NULL, 324),
(128, 24, 3, 2, 0.00, NULL, NULL, 324),
(129, 24, 3, 3, 1.00, NULL, NULL, 324),
(130, 24, 1, 1, 25.00, NULL, NULL, 324),
(131, 24, 1, 2, 1.00, NULL, NULL, 324),
(132, 24, 1, 3, 3.00, NULL, NULL, 324),
(133, 25, 1, 1, 25.00, NULL, NULL, 339),
(134, 25, 1, 2, 1.00, NULL, NULL, 339),
(135, 25, 1, 3, 2.00, NULL, NULL, 339),
(136, 26, 1, 1, 25.00, NULL, NULL, 340),
(137, 26, 1, 2, 1.00, NULL, NULL, 340),
(138, 26, 1, 3, 2.00, NULL, NULL, 340),
(139, 27, 1, 1, 25.00, NULL, NULL, 337),
(140, 27, 1, 2, 1.00, NULL, NULL, 337),
(141, 27, 1, 3, 2.00, NULL, NULL, 337),
(142, 28, 2, 1, 35.00, NULL, NULL, 341),
(143, 28, 2, 2, 0.00, NULL, NULL, 341),
(144, 28, 2, 3, 1.00, NULL, NULL, 341),
(145, 29, 3, 1, 5.00, NULL, NULL, 342),
(146, 29, 3, 2, 0.00, NULL, NULL, 342),
(147, 29, 3, 3, 1.00, NULL, NULL, 342),
(148, 30, 3, 1, 5.00, NULL, NULL, 343),
(149, 30, 3, 2, 0.00, NULL, NULL, 343),
(150, 30, 3, 3, 1.00, NULL, NULL, 343),
(151, 30, 1, 1, 25.00, NULL, NULL, 343),
(152, 30, 1, 2, 1.00, NULL, NULL, 343),
(153, 30, 1, 3, 3.00, NULL, NULL, 343),
(154, 30, 2, 1, 35.00, NULL, NULL, 343),
(155, 30, 2, 2, 0.00, NULL, NULL, 343),
(156, 30, 2, 3, 1.00, NULL, NULL, 343),
(157, 30, 4, 1, 50.00, NULL, NULL, 343),
(158, 30, 4, 2, 0.00, NULL, NULL, 343),
(159, 30, 4, 3, 1.00, NULL, NULL, 343),
(160, 29, 1, 1, 25.00, NULL, NULL, 342),
(161, 29, 1, 2, 1.00, NULL, NULL, 342),
(162, 29, 1, 3, 4.00, NULL, NULL, 342),
(163, 31, 1, 1, 25.00, NULL, NULL, 340),
(164, 31, 1, 2, 1.00, NULL, NULL, 340),
(165, 31, 1, 3, 2.00, NULL, NULL, 340),
(166, 31, 2, 1, 35.00, NULL, NULL, 340),
(167, 31, 2, 2, 0.00, NULL, NULL, 340),
(168, 31, 2, 3, 1.00, NULL, NULL, 340),
(169, 31, 3, 1, 5.00, NULL, NULL, 340),
(170, 31, 3, 2, 0.00, NULL, NULL, 340),
(171, 31, 3, 3, 4.00, NULL, NULL, 340),
(172, 32, 1, 1, 25.00, NULL, NULL, 328),
(173, 32, 1, 2, 1.00, NULL, NULL, 328),
(174, 32, 1, 3, 4.00, NULL, NULL, 328),
(175, 32, 2, 1, 35.00, NULL, NULL, 328),
(176, 32, 2, 2, 0.00, NULL, NULL, 328),
(177, 32, 2, 3, 1.00, NULL, NULL, 328),
(178, 32, 3, 1, 5.00, NULL, NULL, 328),
(179, 32, 3, 2, 0.00, NULL, NULL, 328),
(180, 32, 3, 3, 1.00, NULL, NULL, 328),
(181, 33, 1, 1, 25.00, NULL, NULL, 328),
(182, 33, 1, 2, 1.00, NULL, NULL, 328),
(183, 33, 1, 3, 4.00, NULL, NULL, 328),
(184, 33, 2, 1, 35.00, NULL, NULL, 328),
(185, 33, 2, 2, 0.00, NULL, NULL, 328),
(186, 33, 2, 3, 1.00, NULL, NULL, 328),
(187, 33, 3, 1, 5.00, NULL, NULL, 328),
(188, 33, 3, 2, 0.00, NULL, NULL, 328),
(189, 33, 3, 3, 1.00, NULL, NULL, 328),
(190, 33, 4, 1, 50.00, NULL, NULL, 328),
(191, 33, 4, 2, 0.00, NULL, NULL, 328),
(192, 33, 4, 3, 1.00, NULL, NULL, 328),
(193, 24, 2, 1, 35.00, NULL, NULL, 324),
(194, 24, 2, 2, 0.00, NULL, NULL, 324),
(195, 24, 2, 3, 1.00, NULL, NULL, 324),
(196, 24, 4, 1, 50.00, NULL, NULL, 324),
(197, 24, 4, 2, 0.00, NULL, NULL, 324),
(198, 24, 4, 3, 1.00, NULL, NULL, 324),
(199, 34, 1, 1, 25.00, NULL, NULL, 336),
(200, 34, 1, 2, 1.00, NULL, NULL, 336),
(201, 34, 1, 3, 3.00, NULL, NULL, 336),
(202, 34, 2, 1, 35.00, NULL, NULL, 336),
(203, 34, 2, 2, 0.00, NULL, NULL, 336),
(204, 34, 2, 3, 1.00, NULL, NULL, 336),
(205, 34, 3, 1, 5.00, NULL, NULL, 336),
(206, 34, 3, 2, 0.00, NULL, NULL, 336),
(207, 34, 3, 3, 2.00, NULL, NULL, 336),
(208, 34, 4, 1, 50.00, NULL, NULL, 336),
(209, 34, 4, 2, 0.00, NULL, NULL, 336),
(210, 34, 4, 3, 1.00, NULL, NULL, 336);

-- --------------------------------------------------------

--
-- Table structure for table `monthly_salestargetproduct_details`
--

CREATE TABLE `monthly_salestargetproduct_details` (
  `monthly_salestargetproduct_id` int(11) NOT NULL,
  `monthly_sales_id` int(11) NOT NULL,
  `product_id` int(11) NOT NULL,
  `quantity` varchar(6) NOT NULL,
  `created_at` datetime DEFAULT NULL ON UPDATE CURRENT_TIMESTAMP,
  `created_by` int(11) NOT NULL
) ENGINE=InnoDB DEFAULT CHARSET=latin1;

--
-- Dumping data for table `monthly_salestargetproduct_details`
--

INSERT INTO `monthly_salestargetproduct_details` (`monthly_salestargetproduct_id`, `monthly_sales_id`, `product_id`, `quantity`, `created_at`, `created_by`) VALUES
(1, 1, 1, '2', NULL, 320),
(2, 1, 2, '1', NULL, 320),
(3, 2, 1, '5', NULL, 321),
(4, 2, 2, '1', '2019-11-29 15:11:34', 321),
(5, 4, 1, '2', NULL, 321),
(6, 4, 2, '7', '2019-11-30 14:34:57', 321),
(7, 4, 3, '', '2019-11-30 14:34:27', 321),
(8, 5, 1, '3', NULL, 322),
(9, 5, 2, '0', NULL, 322),
(10, 5, 3, '0', NULL, 322),
(11, 6, 1, '11', '2019-12-10 18:09:24', 330),
(12, 6, 2, '9', '2019-12-10 18:09:24', 330),
(13, 6, 3, '0', NULL, 330),
(14, 7, 1, '6', NULL, 333),
(15, 7, 2, '4', NULL, 333),
(16, 7, 3, '0', NULL, 333),
(17, 8, 1, '1', NULL, 321),
(18, 8, 2, '1', '2019-12-11 16:59:41', 321),
(19, 8, 3, '0', NULL, 321),
(20, 9, 1, '2', NULL, 326),
(21, 9, 2, '1', '2019-12-13 11:27:47', 326),
(22, 10, 1, '4', NULL, 323),
(23, 10, 2, '1', '2019-12-13 12:01:22', 323),
(24, 11, 1, '9', NULL, 324),
(25, 11, 2, '0', NULL, 324),
(26, 12, 1, '5', '2019-12-13 15:17:05', 327),
(27, 12, 2, '1', '2019-12-13 15:17:05', 327),
(28, 13, 1, '9', NULL, 331),
(29, 13, 2, '1', '2019-12-13 15:23:10', 331),
(30, 14, 1, '9', NULL, 332),
(31, 14, 2, '1', '2019-12-13 15:33:09', 332),
(32, 15, 1, '1', NULL, 334),
(33, 15, 2, '1', '2019-12-30 10:25:01', 334),
(34, 16, 1, '03', NULL, 328),
(35, 16, 2, '01', '2019-12-30 10:51:35', 328),
(36, 17, 1, '03', NULL, 335),
(37, 17, 2, '01', '2019-12-30 10:56:05', 335),
(38, 18, 1, '05', NULL, 336),
(39, 18, 2, '01', '2019-12-30 10:59:49', 336),
(40, 19, 1, '01', NULL, 337),
(41, 19, 2, '0', NULL, 337),
(42, 20, 1, '5', NULL, 320),
(43, 20, 2, '01', '2019-12-30 16:53:19', 320),
(44, 20, 3, '0', NULL, 320),
(45, 16, 3, '0', NULL, 328),
(46, 21, 1, '03', NULL, 321),
(47, 21, 2, '0', NULL, 321),
(48, 21, 3, '0', NULL, 321),
(49, 22, 1, '02', NULL, 322),
(50, 22, 2, '01', '2020-01-06 16:53:11', 322),
(51, 22, 3, '0', NULL, 322),
(52, 23, 1, '02', NULL, 323),
(53, 23, 2, '03', NULL, 323),
(54, 23, 3, '0', NULL, 323),
(55, 24, 1, '01', NULL, 324),
(56, 24, 2, '02', '2020-01-07 12:09:28', 324),
(57, 24, 3, '03', '2020-01-07 12:09:28', 324),
(58, 25, 1, '02', NULL, 339),
(59, 25, 2, '0', NULL, 339),
(60, 25, 3, '0', NULL, 339),
(61, 26, 1, '02', NULL, 340),
(62, 26, 2, '0', NULL, 340),
(63, 26, 3, '0', NULL, 340),
(64, 27, 1, '02', NULL, 337),
(65, 27, 2, '0', NULL, 337),
(66, 27, 3, '0', NULL, 337),
(67, 28, 1, '01', NULL, 341),
(68, 28, 2, '0', NULL, 341),
(69, 28, 3, '0', NULL, 341),
(70, 29, 1, '01', NULL, 342),
(71, 29, 2, '04', '2020-01-07 11:24:46', 342),
(72, 29, 3, '0', NULL, 342),
(73, 30, 1, '01', NULL, 343),
(74, 30, 2, '05', '2020-01-07 11:23:34', 343),
(75, 30, 3, '0', NULL, 343),
(76, 31, 1, '06', NULL, 340),
(77, 31, 2, '01', '2020-01-07 11:29:27', 340),
(78, 31, 3, '0', NULL, 340),
(79, 32, 1, '05', NULL, 328),
(80, 32, 2, '0', NULL, 328),
(81, 32, 3, '0', NULL, 328),
(82, 33, 1, '05', NULL, 328),
(83, 33, 2, '02', '2020-01-07 12:05:24', 328),
(84, 33, 3, '0', NULL, 328),
(85, 34, 1, '07', NULL, 336),
(86, 34, 2, '0', NULL, 336),
(87, 34, 3, '0', NULL, 336),
(88, 34, 4, '0', NULL, 336),
(89, 34, 5, '0', NULL, 336),
(90, 34, 6, '0', NULL, 336);

-- --------------------------------------------------------

--
-- Table structure for table `norms`
--

CREATE TABLE `norms` (
  `norm_id` int(11) NOT NULL,
  `resource_id` int(11) DEFAULT NULL,
  `norm_type_id` int(11) DEFAULT NULL COMMENT '1=Fixed;2-=Variable',
  `funnel_id` int(11) DEFAULT NULL,
  `depend_value` int(11) DEFAULT NULL COMMENT '1-YES,2-No',
  `depend_field` int(11) DEFAULT NULL COMMENT 'from engagement_plantype_data id',
  `basevalue` float(10,2) DEFAULT NULL,
  `norm_value` float(10,2) DEFAULT NULL,
  `basenorm_conversion_id` int(11) DEFAULT NULL COMMENT 'funnel_id',
  `is_active` int(1) NOT NULL COMMENT '1=Active;2=Inactive'
) ENGINE=InnoDB DEFAULT CHARSET=latin1;

--
-- Dumping data for table `norms`
--

INSERT INTO `norms` (`norm_id`, `resource_id`, `norm_type_id`, `funnel_id`, `depend_value`, `depend_field`, `basevalue`, `norm_value`, `basenorm_conversion_id`, `is_active`) VALUES
(1, 1, 1, 1, NULL, NULL, 0.00, 25.00, NULL, 1),
(2, 1, 2, 2, 2, NULL, NULL, 2.00, 1, 1),
(3, 1, 2, 3, 1, 1, 1.00, 1.00, NULL, 1),
(4, 2, 1, 1, NULL, 0, 0.00, 35.00, NULL, 1),
(5, 2, 2, 2, 1, 2, 2.00, 1.00, NULL, 1),
(6, 2, 2, 3, 2, NULL, NULL, 2.00, 1, 1),
(7, 3, 1, 1, NULL, 0, 0.00, 5.00, NULL, 1),
(8, 3, 2, 2, 2, NULL, NULL, 2.00, 1, 1),
(9, 3, 2, 3, 1, 1, 2.00, 1.00, NULL, 1),
(10, 4, 1, 1, NULL, NULL, 0.00, 50.00, NULL, 1),
(11, 4, 2, 2, 1, 2, 2.00, 1.00, NULL, 1),
(12, 4, 2, 3, 2, NULL, NULL, 1.00, 1, 1);

-- --------------------------------------------------------

--
-- Table structure for table `norms_type`
--

CREATE TABLE `norms_type` (
  `norm_type_id` int(11) NOT NULL,
  `norm_type` varchar(25) NOT NULL
) ENGINE=InnoDB DEFAULT CHARSET=latin1;

--
-- Dumping data for table `norms_type`
--

INSERT INTO `norms_type` (`norm_type_id`, `norm_type`) VALUES
(1, 'Fixed'),
(2, 'Variable');

-- --------------------------------------------------------

--
-- Table structure for table `order_document`
--

CREATE TABLE `order_document` (
  `order_document_id` int(11) NOT NULL,
  `order_id` int(11) NOT NULL,
  `product_id` int(11) DEFAULT NULL,
  `document_type` int(11) NOT NULL,
  `document_id` int(11) NOT NULL,
  `isvalid` int(1) NOT NULL COMMENT '1=true;2=false',
  `created_at` datetime DEFAULT CURRENT_TIMESTAMP ON UPDATE CURRENT_TIMESTAMP,
  `created_by` int(11) NOT NULL
) ENGINE=InnoDB DEFAULT CHARSET=latin1;

--
-- Dumping data for table `order_document`
--

INSERT INTO `order_document` (`order_document_id`, `order_id`, `product_id`, `document_type`, `document_id`, `isvalid`, `created_by`) VALUES
(1, 1, 1, 1, 2, 1, 320),
(2, 2, 1, 1, 2, 1, 320),
(3, 3, 1, 1, 2, 1, 320),
(4, 4, 1, 1, 2, 1, 320),
(5, 5, 1, 1, 2, 1, 320),
(6, 6, 1, 1, 2, 1, 320),
(7, 7, 1, 1, 2, 1, 320),
(8, 8, 1, 1, 2, 1, 320),
(9, 9, 1, 1, 2, 1, 320),
(10, 10, 1, 1, 2, 1, 320),
(11, 11, 1, 1, 1, 0, 320),
(12, 11, 1, 1, 2, 1, 320),
(13, 12, 1, 1, 2, 1, 320),
(14, 13, 1, 1, 2, 1, 320),
(15, 14, 1, 1, 2, 1, 320),
(16, 15, 1, 1, 2, 1, 320),
(17, 16, 1, 1, 2, 1, 320),
(18, 17, 1, 1, 2, 1, 320),
(19, 18, 1, 1, 2, 1, 320),
(20, 19, 1, 1, 2, 1, 320),
(21, 20, 1, 1, 2, 1, 320),
(22, 21, 1, 1, 2, 1, 322),
(23, 22, 1, 1, 2, 1, 322),
(24, 23, 1, 1, 2, 1, 322),
(25, 24, 1, 1, 2, 1, 322),
(26, 25, 1, 1, 2, 1, 322),
(27, 26, 1, 1, 2, 1, 322),
(28, 27, 1, 1, 2, 1, 322),
(29, 28, 1, 1, 2, 1, 322),
(30, 29, 1, 1, 2, 1, 322),
(31, 30, 1, 1, 2, 1, 322),
(32, 31, 1, 1, 2, 1, 322),
(33, 32, 1, 1, 2, 1, 322),
(34, 33, 1, 1, 2, 1, 322),
(35, 34, 1, 1, 2, 1, 322),
(36, 35, 1, 1, 2, 1, 322),
(37, 36, 1, 1, 2, 1, 322),
(38, 37, 1, 1, 2, 1, 322),
(39, 38, 1, 1, 2, 1, 322),
(40, 39, 1, 1, 2, 1, 322),
(41, 40, 1, 1, 2, 1, 322),
(42, 41, 1, 1, 2, 1, 322),
(43, 42, 1, 1, 2, 1, 320),
(44, 43, 1, 1, 2, 1, 320),
(45, 44, 1, 1, 2, 1, 320),
(46, 45, 1, 1, 2, 1, 322),
(47, 46, 1, 1, 2, 1, 322),
(48, 47, 1, 1, 2, 1, 321),
(49, 48, 1, 1, 2, 1, 321),
(50, 49, 1, 1, 2, 1, 321),
(51, 50, 1, 1, 2, 1, 321),
(52, 51, 1, 1, 2, 1, 321),
(53, 52, 1, 1, 2, 1, 321),
(60, 54, 1, 1, 2, 1, 321),
(61, 55, 1, 1, 2, 1, 321),
(62, 56, 1, 1, 1, 0, 321),
(63, 56, 1, 1, 2, 1, 321),
(64, 57, 1, 1, 2, 1, 321),
(65, 58, 1, 1, 2, 1, 321),
(66, 59, 1, 1, 2, 1, 321),
(67, 60, 1, 1, 2, 1, 321),
(68, 61, 1, 1, 2, 1, 321),
(69, 62, 1, 1, 2, 1, 321),
(70, 63, 1, 1, 2, 1, 321),
(71, 64, 1, 1, 2, 1, 321),
(72, 65, 1, 1, 2, 1, 321),
(73, 66, 1, 1, 2, 1, 321),
(74, 67, 1, 1, 2, 1, 321),
(75, 68, 1, 1, 2, 1, 321),
(76, 69, 1, 1, 2, 1, 321),
(77, 70, 1, 1, 2, 1, 321),
(78, 71, 1, 1, 1, 1, 321),
(79, 71, 1, 1, 2, 1, 321),
(106, 71, 2, 1, 1, 1, 321),
(107, 71, 2, 1, 2, 1, 321),
(108, 72, 1, 1, 2, 1, 321),
(109, 73, 1, 1, 2, 1, 321),
(110, 74, 1, 1, 2, 1, 321),
(111, 75, 1, 1, 2, 1, 321),
(112, 76, 1, 1, 2, 1, 321),
(113, 77, 1, 1, 2, 1, 321),
(114, 78, 1, 1, 2, 1, 321),
(115, 79, 1, 1, 2, 1, 321),
(116, 80, 1, 1, 2, 1, 321),
(117, 81, 1, 1, 2, 1, 321),
(118, 82, 1, 1, 2, 1, 321),
(119, 83, 1, 1, 2, 1, 321),
(120, 84, 1, 1, 2, 1, 320),
(121, 85, 1, 1, 2, 1, 320),
(122, 86, 1, 1, 2, 1, 320),
(123, 87, 1, 1, 2, 1, 320),
(124, 88, 1, 1, 2, 1, 320),
(125, 89, 1, 1, 2, 1, 323),
(126, 90, 1, 1, 2, 1, 323),
(127, 91, 1, 1, 2, 1, 323),
(128, 92, 1, 1, 2, 1, 323),
(129, 93, 1, 1, 2, 1, 323),
(130, 94, 1, 1, 2, 1, 323),
(131, 95, 1, 1, 2, 1, 323),
(132, 96, 1, 1, 2, 1, 323),
(133, 97, 1, 1, 2, 1, 323),
(134, 98, 1, 1, 2, 1, 323),
(135, 99, 1, 1, 2, 1, 323),
(136, 100, 1, 1, 2, 1, 323),
(137, 101, 1, 1, 2, 1, 323),
(138, 102, 1, 1, 2, 1, 323),
(139, 103, 1, 1, 2, 1, 323),
(140, 104, 1, 1, 2, 1, 323),
(141, 105, 1, 1, 2, 1, 320),
(142, 106, 1, 1, 2, 1, 320),
(143, 107, 1, 1, 2, 1, 320),
(144, 108, 1, 1, 2, 1, 320),
(145, 109, 1, 1, 2, 1, 320),
(146, 110, 1, 1, 2, 1, 320),
(147, 111, 1, 1, 2, 1, 320),
(150, 113, 1, 1, 2, 1, 321),
(151, 114, 1, 1, 2, 1, 321),
(152, 115, 1, 1, 2, 1, 321),
(153, 116, 1, 1, 2, 1, 321),
(154, 117, 1, 1, 2, 1, 321),
(155, 118, 1, 1, 2, 1, 321),
(156, 119, 1, 1, 2, 1, 321),
(157, 120, 1, 1, 2, 1, 321),
(158, 121, 1, 1, 2, 1, 321),
(159, 122, 1, 1, 2, 1, 321),
(160, 123, 1, 1, 2, 1, 321),
(161, 124, 1, 1, 2, 1, 321),
(162, 125, 1, 1, 2, 1, 321),
(163, 126, 1, 1, 2, 1, 321),
(164, 127, 1, 1, 2, 1, 322),
(165, 128, 1, 1, 2, 1, 321),
(166, 129, 1, 1, 2, 1, 320),
(167, 130, 1, 1, 2, 1, 320),
(168, 131, 1, 1, 2, 1, 320),
(169, 132, 1, 1, 2, 1, 320),
(170, 133, 1, 1, 2, 1, 320),
(171, 134, 1, 1, 2, 1, 320),
(172, 135, 1, 1, 2, 1, 320),
(173, 136, 1, 1, 2, 1, 320),
(174, 137, 1, 1, 2, 1, 320),
(175, 138, 1, 1, 2, 1, 322),
(176, 139, 1, 1, 2, 1, 322),
(177, 140, 1, 1, 2, 1, 322),
(178, 141, 1, 1, 2, 1, 322),
(179, 142, 1, 1, 2, 1, 322),
(180, 143, 1, 1, 2, 1, 322),
(181, 144, 1, 1, 2, 1, 322),
(182, 145, 1, 1, 2, 1, 322),
(183, 146, 1, 1, 2, 1, 322),
(184, 147, 1, 1, 2, 1, 322),
(185, 148, 1, 1, 2, 1, 322),
(186, 149, 1, 1, 2, 1, 322),
(187, 150, 1, 1, 1, 0, 322),
(188, 150, 1, 1, 2, 1, 322),
(189, 151, 1, 1, 2, 1, 322),
(190, 152, 1, 1, 2, 1, 322),
(191, 153, 1, 1, 2, 1, 322),
(192, 154, 1, 1, 2, 1, 322),
(193, 155, 1, 1, 2, 1, 322),
(194, 156, 1, 1, 2, 1, 322),
(195, 157, 1, 1, 2, 1, 322),
(196, 158, 1, 1, 2, 1, 322),
(197, 159, 1, 1, 2, 1, 322),
(198, 160, 1, 1, 2, 1, 322),
(199, 161, 1, 1, 2, 1, 321),
(200, 162, 1, 1, 2, 1, 321),
(201, 163, 1, 1, 2, 1, 321),
(202, 164, 1, 1, 2, 1, 321),
(203, 165, 1, 1, 2, 1, 321),
(204, 166, 1, 1, 2, 1, 321),
(205, 167, 1, 1, 2, 1, 321),
(206, 168, 1, 1, 2, 1, 321),
(207, 169, 1, 1, 2, 1, 321),
(208, 170, 1, 1, 2, 1, 321),
(209, 171, 1, 1, 2, 1, 321),
(210, 172, 1, 1, 2, 1, 321),
(211, 173, 1, 1, 2, 1, 321),
(212, 174, 1, 1, 2, 1, 321),
(213, 175, 1, 1, 2, 1, 321),
(214, 176, 1, 1, 2, 1, 321),
(215, 177, 1, 1, 2, 1, 321),
(216, 178, 1, 1, 2, 1, 321),
(217, 179, 1, 1, 2, 1, 321),
(218, 180, 1, 1, 2, 1, 321),
(219, 181, 1, 1, 2, 1, 321),
(220, 182, 1, 1, 2, 1, 321),
(221, 183, 1, 1, 2, 1, 321),
(222, 184, 1, 1, 2, 1, 321),
(223, 185, 1, 1, 2, 1, 321),
(224, 186, 1, 1, 2, 1, 321),
(225, 187, 1, 1, 2, 1, 321),
(226, 188, 1, 1, 2, 1, 321),
(227, 189, 1, 1, 2, 1, 321),
(228, 190, 1, 1, 2, 1, 321),
(229, 191, 1, 1, 2, 1, 321),
(230, 192, 1, 1, 2, 1, 321),
(231, 193, 1, 1, 2, 1, 321),
(232, 194, 1, 1, 2, 1, 321),
(233, 195, 1, 1, 2, 1, 321),
(234, 196, 1, 1, 2, 1, 321),
(235, 197, 1, 1, 2, 1, 321),
(236, 198, 1, 1, 2, 1, 321),
(237, 199, 1, 1, 2, 1, 321),
(238, 200, 1, 1, 2, 1, 321),
(239, 201, 1, 1, 2, 1, 321),
(240, 202, 1, 1, 2, 1, 321),
(241, 203, 1, 1, 2, 1, 321),
(242, 204, 1, 1, 2, 1, 321),
(243, 205, 1, 1, 2, 1, 321),
(244, 206, 1, 1, 2, 1, 321),
(245, 207, 1, 1, 2, 1, 321),
(246, 208, 1, 1, 2, 1, 321),
(247, 209, 1, 1, 2, 1, 321),
(248, 210, 1, 1, 2, 1, 321),
(249, 211, 1, 1, 2, 1, 321),
(250, 212, 1, 1, 2, 1, 320),
(251, 213, 1, 1, 2, 1, 320),
(252, 214, 1, 1, 2, 1, 320),
(253, 215, 1, 1, 2, 1, 320),
(254, 216, 1, 1, 2, 1, 321),
(255, 217, 1, 1, 2, 1, 321),
(256, 218, 1, 1, 2, 1, 322),
(257, 219, 1, 1, 2, 1, 322),
(258, 220, 1, 1, 2, 1, 323),
(259, 221, 1, 1, 2, 1, 323),
(260, 222, 1, 1, 2, 1, 323),
(261, 223, 1, 1, 2, 1, 323),
(262, 224, 1, 1, 2, 1, 323),
(263, 225, 1, 1, 2, 1, 323),
(264, 226, 1, 1, 2, 1, 323),
(265, 227, 1, 1, 2, 1, 323),
(266, 228, 1, 1, 2, 1, 322),
(267, 229, 1, 1, 2, 1, 323),
(268, 230, 1, 1, 2, 1, 324),
(269, 231, 1, 1, 2, 1, 324),
(270, 232, 1, 1, 2, 1, 324),
(271, 233, 1, 1, 2, 1, 324),
(272, 234, 1, 1, 2, 1, 323),
(273, 235, 1, 1, 2, 1, 323),
(274, 236, 1, 1, 2, 1, 323),
(275, 237, 1, 1, 2, 1, 323),
(276, 238, 1, 1, 2, 1, 323),
(277, 239, 1, 1, 2, 1, 323),
(278, 240, 1, 1, 2, 1, 324),
(279, 241, 1, 1, 2, 1, 324),
(280, 242, 1, 1, 2, 1, 324),
(281, 243, 1, 1, 2, 1, 323),
(282, 244, 1, 1, 2, 1, 324),
(283, 245, 1, 1, 2, 1, 323),
(284, 246, 1, 1, 2, 1, 323),
(285, 247, 1, 1, 2, 1, 320),
(286, 248, 1, 1, 2, 1, 320),
(287, 249, 1, 1, 2, 1, 323),
(288, 250, 1, 1, 2, 1, 323),
(289, 251, 1, 1, 2, 1, 323),
(290, 252, 1, 1, 2, 1, 323),
(291, 253, 1, 1, 2, 1, 323),
(292, 254, 1, 1, 2, 1, 324),
(293, 255, 1, 1, 2, 1, 324),
(294, 256, 1, 1, 2, 1, 322),
(295, 257, 1, 1, 2, 1, 322),
(296, 258, 1, 1, 2, 1, 322),
(297, 259, 1, 1, 2, 1, 320),
(298, 260, 1, 1, 2, 1, 320),
(299, 261, 1, 1, 2, 1, 321),
(300, 262, 1, 1, 2, 1, 321),
(301, 263, 1, 1, 2, 1, 321),
(302, 264, 1, 1, 2, 1, 321),
(303, 265, 1, 1, 2, 1, 321),
(304, 266, 1, 1, 2, 1, 321),
(305, 267, 1, 1, 2, 1, 321),
(306, 268, 1, 1, 2, 1, 321),
(307, 269, 1, 1, 2, 1, 321),
(308, 270, 1, 1, 2, 1, 320),
(309, 271, 1, 1, 2, 1, 320),
(310, 272, 1, 1, 2, 1, 320),
(311, 273, 1, 1, 2, 1, 320),
(312, 274, 1, 1, 2, 1, 320),
(313, 275, 1, 1, 2, 1, 320),
(314, 276, 1, 1, 2, 1, 321),
(315, 277, 1, 1, 2, 1, 321),
(316, 278, 1, 1, 2, 1, 321),
(317, 279, 1, 1, 2, 1, 321),
(318, 280, 1, 1, 2, 1, 321),
(319, 281, 1, 1, 2, 1, 321),
(320, 282, 1, 1, 2, 1, 321),
(321, 283, 1, 1, 2, 1, 321),
(322, 284, 1, 1, 2, 1, 321),
(323, 285, 1, 1, 2, 1, 320),
(324, 286, 1, 1, 2, 1, 320),
(325, 287, 1, 1, 2, 1, 320),
(326, 288, 1, 1, 2, 1, 320),
(327, 289, 1, 1, 2, 1, 320),
(328, 290, 1, 1, 2, 1, 325),
(329, 291, 1, 1, 2, 1, 325),
(330, 292, 1, 1, 2, 1, 325),
(331, 293, 1, 1, 2, 1, 325),
(332, 294, 1, 1, 2, 1, 325),
(333, 295, 1, 1, 2, 1, 325),
(334, 296, 1, 1, 2, 1, 325),
(335, 297, 1, 1, 2, 1, 325),
(336, 298, 1, 1, 2, 1, 325),
(337, 299, 1, 1, 2, 1, 325),
(338, 300, 1, 1, 2, 1, 326),
(339, 301, 1, 1, 2, 1, 326),
(340, 302, 1, 1, 2, 1, 326),
(341, 303, 1, 1, 2, 1, 321),
(342, 304, 1, 1, 1, 0, 327),
(343, 304, 1, 1, 2, 1, 327),
(344, 305, 1, 1, 2, 1, 321),
(345, 306, 1, 1, 2, 1, 321),
(346, 307, 1, 1, 2, 1, 321),
(347, 308, 1, 1, 2, 1, 321),
(348, 309, 1, 1, 2, 1, 321),
(349, 310, 1, 1, 2, 1, 321),
(350, 311, 1, 1, 2, 1, 321),
(351, 312, 1, 1, 2, 1, 321),
(352, 313, 1, 1, 2, 1, 321),
(353, 314, 1, 1, 2, 1, 321),
(354, 315, 1, 1, 2, 1, 321),
(355, 316, 1, 1, 2, 1, 321),
(356, 317, 1, 1, 2, 1, 321),
(357, 318, 1, 1, 2, 1, 321),
(358, 319, 1, 1, 2, 1, 321),
(359, 320, 1, 1, 2, 1, 321),
(360, 321, 1, 1, 2, 1, 321),
(361, 322, 1, 1, 2, 1, 321),
(362, 323, 1, 1, 2, 1, 321),
(363, 324, 1, 1, 2, 1, 321),
(364, 325, 1, 1, 2, 1, 320),
(365, 326, 1, 1, 2, 1, 320),
(366, 327, 1, 1, 2, 1, 320),
(367, 328, 1, 1, 2, 1, 320),
(368, 329, 1, 1, 2, 1, 320),
(369, 330, 1, 1, 2, 1, 320),
(370, 331, 1, 1, 2, 1, 320),
(371, 332, 1, 1, 2, 1, 320),
(372, 333, 1, 1, 2, 1, 320),
(373, 334, 1, 1, 1, 0, 321),
(374, 334, 1, 1, 2, 1, 321),
(375, 335, 1, 1, 1, 0, 322),
(376, 335, 1, 1, 2, 1, 322),
(377, 336, 1, 1, 1, 0, 327),
(378, 336, 1, 1, 2, 1, 327),
(379, 337, 1, 1, 1, 0, 327),
(380, 337, 1, 1, 2, 1, 327),
(381, 338, 1, 1, 1, 0, 327),
(382, 338, 1, 1, 2, 1, 327),
(385, 341, 1, 1, 1, 1, 327),
(386, 341, 1, 1, 2, 1, 327),
(387, 342, 1, 1, 1, 0, 330),
(388, 342, 1, 1, 2, 1, 330),
(389, 343, 1, 1, 1, 0, 330),
(390, 343, 1, 1, 2, 1, 330),
(391, 344, 1, 1, 1, 0, 330),
(392, 344, 1, 1, 2, 1, 330),
(393, 345, 1, 1, 1, 0, 333),
(394, 345, 1, 1, 2, 1, 333),
(395, 346, 1, 1, 1, 0, 321),
(396, 346, 1, 1, 2, 1, 321),
(397, 347, 1, 1, 2, 1, 321),
(398, 348, 1, 1, 1, 0, 322),
(399, 348, 1, 1, 2, 1, 322),
(400, 349, 1, 1, 1, 1, 327),
(401, 349, 1, 1, 2, 1, 327),
(402, 350, 1, 1, 1, 0, 321),
(403, 350, 1, 1, 2, 1, 321),
(404, 353, 1, 1, 1, 0, 322),
(405, 353, 1, 1, 2, 1, 322),
(406, 354, 1, 1, 1, 0, 327),
(407, 354, 1, 1, 2, 1, 327),
(408, 355, 1, 1, 1, 0, 327),
(409, 355, 1, 1, 2, 1, 327),
(410, 356, 1, 1, 1, 0, 326),
(411, 356, 1, 1, 2, 1, 326),
(412, 357, 1, 1, 1, 0, 327),
(413, 357, 1, 1, 2, 1, 327),
(414, 358, 1, 1, 1, 0, 327),
(415, 358, 1, 1, 2, 1, 327),
(416, 359, 1, 1, 1, 1, 327),
(417, 359, 1, 1, 2, 1, 327),
(426, 361, 1, 1, 1, 1, 322),
(427, 361, 1, 1, 2, 1, 322),
(428, 362, 1, 1, 1, 0, 322),
(429, 362, 1, 1, 2, 1, 322),
(432, 363, 1, 1, 1, 1, 322),
(433, 363, 1, 1, 2, 1, 322),
(434, 365, 1, 1, 1, 0, 335),
(435, 365, 1, 1, 2, 1, 335),
(436, 366, 1, 1, 1, 0, 337),
(437, 366, 1, 1, 2, 1, 337),
(438, 367, 1, 1, 1, 0, 337),
(439, 367, 1, 1, 2, 1, 337),
(442, 369, 1, 1, 1, 1, 335),
(443, 369, 1, 1, 2, 1, 335),
(444, 370, 1, 1, 1, 0, 336),
(445, 370, 1, 1, 2, 1, 336),
(446, 371, 1, 1, 1, 1, 338),
(447, 371, 1, 1, 2, 1, 338),
(448, 373, 1, 1, 1, 0, 321),
(449, 373, 1, 1, 2, 1, 321),
(450, 374, 1, 1, 1, 0, 338),
(451, 374, 1, 1, 2, 1, 338),
(452, 375, 1, 1, 1, 0, 336),
(453, 375, 1, 1, 2, 1, 336),
(454, 376, 1, 1, 1, 0, 335),
(455, 376, 1, 1, 2, 1, 335),
(456, 377, 1, 1, 1, 0, 328),
(457, 377, 1, 1, 2, 1, 328),
(458, 378, 3, 1, 2, 1, 328),
(459, 379, 3, 1, 2, 1, 338),
(460, 380, 3, 1, 2, 1, 338),
(461, 381, 1, 1, 1, 0, 320),
(462, 381, 1, 1, 2, 1, 320),
(463, 381, 3, 1, 2, 1, 320),
(475, 387, 1, 1, 1, 1, 322),
(476, 387, 1, 1, 2, 1, 322),
(477, 388, 1, 1, 1, 1, 322),
(478, 388, 1, 1, 2, 1, 322),
(479, 388, 3, 1, 2, 1, 322),
(482, 389, 3, 1, 2, 1, 323),
(483, 389, 1, 1, 1, 0, 323),
(484, 389, 1, 1, 2, 1, 323),
(487, 390, 3, 1, 2, 1, 323),
(488, 390, 1, 1, 1, 1, 323),
(489, 390, 1, 1, 2, 1, 323),
(490, 391, 1, 1, 1, 1, 323),
(491, 391, 1, 1, 2, 1, 323),
(492, 391, 3, 1, 2, 1, 323),
(493, 392, 1, 1, 1, 0, 340),
(494, 392, 1, 1, 2, 1, 340),
(504, 394, 3, 1, 2, 1, 340),
(505, 396, 1, 1, 1, 0, 340),
(506, 396, 1, 1, 2, 1, 340),
(507, 396, 3, 1, 2, 1, 340),
(508, 397, 1, 1, 1, 0, 335),
(509, 397, 1, 1, 2, 1, 335),
(510, 398, 3, 1, 2, 1, 335),
(511, 399, 3, 1, 2, 1, 335),
(512, 400, 1, 1, 1, 1, 335),
(513, 400, 1, 1, 2, 1, 335),
(514, 401, 1, 1, 1, 0, 335),
(515, 401, 1, 1, 2, 1, 335),
(516, 402, 1, 1, 1, 0, 335),
(517, 402, 1, 1, 2, 1, 335),
(518, 403, 1, 1, 1, 1, 335),
(519, 403, 1, 1, 2, 1, 335),
(521, 403, 3, 1, 2, 1, 335),
(522, 404, 1, 1, 1, 1, 336),
(523, 404, 1, 1, 2, 1, 336),
(525, 406, 3, 1, 2, 1, 336),
(526, 405, 3, 1, 1, 1, 336),
(527, 405, 3, 1, 2, 1, 336),
(528, 409, 5, 1, 1, 1, 336),
(529, 410, 5, 1, 1, 1, 336),
(530, 413, 5, 1, 1, 1, 323),
(531, 415, 5, 1, 1, 1, 323),
(533, 416, 5, 1, 1, 1, 323),
(534, 385, 5, 1, 1, 1, 338),
(535, 418, 5, 1, 1, 1, 338),
(536, 419, 5, 1, 1, 1, 338),
(537, 422, 5, 1, 1, 1, 343);

-- --------------------------------------------------------

--
-- Table structure for table `order_payment`
--

CREATE TABLE `order_payment` (
  `order_payment_id` int(11) NOT NULL,
  `order_id` int(11) NOT NULL,
  `paidAmount` float(10,2) NOT NULL DEFAULT '0.00',
  `pay_valid` int(1) NOT NULL DEFAULT '0' COMMENT '0=Duplicate(repeated) 1=Authentic(Valid)',
  `paymentmode_id` int(11) DEFAULT NULL,
  `paymentmode_param_id` int(11) DEFAULT NULL,
  `payment_value` varchar(100) DEFAULT NULL,
  `created_at` datetime DEFAULT CURRENT_TIMESTAMP ON UPDATE CURRENT_TIMESTAMP,
  `created_by` int(11) NOT NULL
) ENGINE=InnoDB DEFAULT CHARSET=latin1;

--
-- Dumping data for table `order_payment`
--

INSERT INTO `order_payment` (`order_payment_id`, `order_id`, `paidAmount`, `pay_valid`, `paymentmode_id`, `paymentmode_param_id`, `payment_value`, `created_by`) VALUES
(1, 6, 0.00, 0, 2, 1, '538', 320),
(2, 6, 0.00, 0, 2, 2, '29-11-2019', 320),
(3, 6, 0.00, 0, 2, 3, 'kvb', 320),
(4, 6, 0.00, 0, 2, 4, 'alwarpet', 320),
(5, 7, 0.00, 0, 2, 1, '538', 320),
(6, 7, 0.00, 0, 2, 2, '29-11-2019', 320),
(7, 7, 0.00, 0, 2, 3, 'kvb', 320),
(8, 7, 0.00, 0, 2, 4, 'alwarpet', 320),
(9, 8, 0.00, 0, 2, 1, '538', 320),
(10, 8, 0.00, 0, 2, 2, '29-11-2019', 320),
(11, 8, 0.00, 0, 2, 3, 'kvb', 320),
(12, 8, 0.00, 0, 2, 4, 'alwarpet', 320),
(13, 11, 400.00, 1, 1, NULL, NULL, 320),
(14, 11, 400.00, 1, 1, NULL, NULL, 320),
(15, 53, 400.00, 1, 1, NULL, NULL, 321),
(16, 53, 400.00, 1, 1, NULL, NULL, 321),
(17, 53, 400.00, 1, 1, NULL, NULL, 321),
(18, 53, 400.00, 1, 1, NULL, NULL, 321),
(19, 53, 400.00, 1, 1, NULL, NULL, 321),
(20, 53, 400.00, 1, 1, NULL, NULL, 321),
(21, 53, 400.00, 1, 1, NULL, NULL, 321),
(22, 53, 400.00, 1, 1, NULL, NULL, 321),
(23, 53, 400.00, 1, 1, NULL, NULL, 321),
(24, 53, 400.00, 1, 1, NULL, NULL, 321),
(25, 53, 400.00, 1, 1, NULL, NULL, 321),
(26, 53, 400.00, 1, 1, NULL, NULL, 321),
(27, 53, 2085.00, 1, 1, NULL, NULL, 321),
(28, 53, 2085.00, 1, 1, NULL, NULL, 321),
(29, 53, 2085.00, 1, 1, NULL, NULL, 321),
(30, 53, 2085.00, 1, 1, NULL, NULL, 321),
(31, 53, 2085.00, 1, 1, NULL, NULL, 321),
(32, 53, 2085.00, 1, 1, NULL, NULL, 321),
(33, 53, 2085.00, 1, 1, NULL, NULL, 321),
(34, 53, 2085.00, 1, 1, NULL, NULL, 321),
(35, 53, 2085.00, 1, 1, NULL, NULL, 321),
(36, 56, 4257700.00, 1, 2, 1, '235689', 321),
(37, 56, 4257700.00, 1, 2, 2, '29-11-2019', 321),
(38, 56, 4257700.00, 1, 2, 3, 'so', 321),
(39, 56, 4257700.00, 1, 2, 4, 'alwarpet', 321),
(40, 56, 4257700.00, 1, 2, 1, '235689', 321),
(41, 56, 4257700.00, 1, 2, 2, '29-11-2019', 321),
(42, 56, 4257700.00, 1, 2, 3, 'so', 321),
(43, 56, 4257700.00, 1, 2, 4, 'alwarpet', 321),
(44, 71, 3370.00, 1, 1, NULL, NULL, 321),
(45, 150, 800.00, 1, 3, NULL, NULL, 322),
(46, 304, 1800.00, 1, 1, NULL, NULL, 327),
(47, 304, 1800.00, 1, 1, NULL, NULL, 327),
(48, 334, 900.00, 1, 3, NULL, NULL, 321),
(49, 335, 900.00, 1, 1, NULL, NULL, 322),
(50, 336, 1800.00, 1, 1, NULL, NULL, 327),
(51, 337, 900.00, 1, 1, NULL, NULL, 327),
(52, 338, 1800.00, 1, 1, NULL, NULL, 327),
(53, 340, 1285.00, 1, 1, NULL, NULL, 327),
(54, 341, 3200.00, 1, 1, NULL, NULL, 327),
(55, 342, 7300.00, 1, 2, 1, '653254', 330),
(56, 342, 7300.00, 1, 2, 2, '10-12-2019', 330),
(57, 342, 7300.00, 1, 2, 3, 'SBI', 330),
(58, 342, 7300.00, 1, 2, 4, 'alwarpet', 330),
(59, 343, 7000.00, 1, 1, NULL, NULL, 330),
(60, 344, 1450.00, 1, 1, NULL, NULL, 330),
(61, 345, 6400.00, 1, 1, NULL, NULL, 333),
(62, 346, 1600.00, 1, 1, NULL, NULL, 321),
(63, 348, 3000.25, 1, 3, NULL, NULL, 322),
(64, 349, 3200.00, 1, 1, NULL, NULL, 327),
(65, 350, 1600.00, 1, 1, NULL, NULL, 321),
(66, 339, 1285.00, 1, 1, NULL, NULL, 327),
(67, 353, 10570.00, 1, 1, NULL, NULL, 322),
(68, 354, 1450.00, 1, 2, 1, '58599', 327),
(69, 354, 1450.00, 1, 2, 2, '12-12-2019', 327),
(70, 354, 1450.00, 1, 2, 3, 'Indian bank', 327),
(71, 354, 1450.00, 1, 2, 4, 'alwarpet', 327),
(72, 354, 150.00, 1, 1, NULL, NULL, 327),
(73, 355, 3200.00, 1, 1, NULL, NULL, 327),
(74, 356, 4485.00, 1, 3, 5, '23568947125', 326),
(75, 357, 3200.00, 1, 1, NULL, NULL, 327),
(76, 358, 3200.00, 1, 1, NULL, NULL, 327),
(77, 359, 5500.00, 1, 1, NULL, NULL, 327),
(78, 361, 10731.18, 1, 1, NULL, NULL, 322),
(79, 362, 6556.08, 1, 3, 5, '6867580787778', 322),
(80, 364, 2380.98, 1, 2, 1, '568902', 323),
(81, 364, 2380.98, 1, 2, 2, '30-12-2019', 323),
(82, 364, 2380.98, 1, 2, 3, 'sbi', 323),
(83, 364, 2380.98, 1, 2, 4, 'alwarpet', 323),
(84, 365, 8350.20, 1, 3, 5, '0897643667678', 335),
(85, 366, 4175.10, 1, 3, 5, '585000588', 337),
(86, 367, 4175.10, 1, 3, 5, '55686886865', 337),
(87, 368, 2380.98, 1, 1, NULL, NULL, 335),
(88, 369, 4175.10, 1, 1, NULL, NULL, 335),
(89, 370, 3588.24, 1, 1, NULL, NULL, 336),
(90, 372, 4761.96, 1, 1, NULL, NULL, 321),
(91, 373, 1794.12, 1, 3, 5, '8906553353', 321),
(92, 374, 4175.10, 1, 3, 5, '846706088', 338),
(93, 375, 4175.10, 1, 3, 5, '90865800', 336),
(94, 376, 1794.12, 1, 3, 5, '894386983229', 335),
(95, 377, 1794.12, 1, 3, 5, '37575385', 328),
(96, 378, 300.00, 1, 3, 5, '67876707078', 328),
(97, 379, 300.00, 1, 1, NULL, NULL, 338),
(98, 380, 500.00, 1, 1, NULL, NULL, 338),
(99, 381, 2150.00, 1, 1, NULL, NULL, 320),
(103, 387, 4500.00, 1, 1, NULL, NULL, 322),
(104, 388, 5500.00, 1, 1, NULL, NULL, 322),
(105, 389, 7200.00, 1, 2, 1, '235689', 323),
(106, 389, 7200.00, 1, 2, 2, '08-01-2020', 323),
(107, 389, 7200.00, 1, 2, 3, 'sbi', 323),
(108, 389, 7200.00, 1, 2, 4, 'alwarpet', 323),
(109, 390, 7200.00, 1, 1, NULL, NULL, 323),
(110, 391, 5500.00, 1, 2, 1, '24860', 323),
(111, 391, 5500.00, 1, 2, 2, '08-02-2020', 323),
(112, 391, 5500.00, 1, 2, 3, 'sbi', 323),
(113, 391, 5500.00, 1, 2, 4, 'alwarpet', 323),
(114, 392, 2200.00, 1, 3, 5, '65868388638368', 340),
(115, 393, 3000.00, 1, 1, NULL, NULL, 340),
(116, 394, 3000.00, 1, 1, NULL, NULL, 340),
(117, 395, 3000.00, 1, 1, NULL, NULL, 340),
(118, 396, 4500.00, 1, 1, NULL, NULL, 340),
(119, 397, 2500.00, 1, 2, 1, '6345494887', 335),
(120, 397, 2500.00, 1, 2, 2, '08-01-2020', 335),
(121, 397, 2500.00, 1, 2, 3, 'bsb', 335),
(122, 397, 2500.00, 1, 2, 4, 'hdbd', 335),
(123, 398, 2700.00, 1, 1, NULL, NULL, 335),
(124, 399, 500.00, 1, 1, NULL, NULL, 335),
(125, 400, 1794.12, 1, 1, NULL, NULL, 335),
(126, 401, 3588.24, 1, 1, NULL, NULL, 335),
(127, 402, 1794.12, 1, 3, 5, '5487078787', 335),
(128, 403, 4500.00, 1, 1, NULL, NULL, 335),
(129, 404, 3588.24, 1, 1, NULL, NULL, 336),
(130, 406, 300.00, 1, 1, NULL, NULL, 336),
(131, 405, 300.00, 1, 1, NULL, NULL, 336),
(132, 407, 2380.98, 1, 3, 5, '85825825858520', 336),
(133, 408, 3000.00, 1, 1, NULL, NULL, 336),
(134, 410, 400.00, 1, 3, 5, '64840484', 336),
(135, 411, 3000.00, 1, 1, NULL, NULL, 323),
(136, 412, 700.00, 1, 1, NULL, NULL, 323),
(137, 413, 900.00, 1, 1, NULL, NULL, 323),
(138, 414, 2380.98, 1, 3, 5, '35057582505', 323),
(139, 415, 2700.00, 1, 3, 5, '578485740', 323),
(140, 416, 4000.00, 1, 2, 1, '87357357', 323),
(141, 416, 4000.00, 1, 2, 2, '13-01-2020', 323),
(142, 416, 4000.00, 1, 2, 3, 'bgn', 323),
(143, 416, 4000.00, 1, 2, 4, 'alwarpet', 323),
(144, 417, 2380.98, 1, 1, NULL, NULL, 323),
(145, 385, 3300.00, 1, 1, NULL, NULL, 338),
(146, 418, 500.00, 1, 1, NULL, NULL, 338),
(147, 419, 900.00, 1, 2, 1, '56080', 338),
(148, 419, 900.00, 1, 2, 2, '16-01-2020', 338),
(149, 419, 900.00, 1, 2, 3, '6td', 338),
(150, 419, 900.00, 1, 2, 4, 'ygc7y', 338),
(151, 420, 1000.00, 1, 1, NULL, NULL, 338),
(152, 421, 2380.98, 1, 1, NULL, NULL, 324),
(153, 422, 2000.00, 1, 1, NULL, NULL, 343);

-- --------------------------------------------------------

--
-- Table structure for table `order_product`
--

CREATE TABLE `order_product` (
  `order_product_id` int(11) NOT NULL,
  `order_id` int(11) DEFAULT NULL,
  `product_id` int(11) NOT NULL,
  `qty` int(11) NOT NULL,
  `out_stock_status` int(11) NOT NULL DEFAULT '1' COMMENT '1=Not Required; 2= Out of Stock',
  `base_charge` text,
  `tax` text,
  `other_charge` text,
  `discount` text,
  `netAmount` float(10,2) NOT NULL DEFAULT '0.00',
  `created_at` datetime DEFAULT CURRENT_TIMESTAMP
) ENGINE=InnoDB DEFAULT CHARSET=latin1;

--
-- Dumping data for table `order_product`
--

INSERT INTO `order_product` (`order_product_id`, `order_id`, `product_id`, `qty`, `out_stock_status`, `base_charge`, `tax`, `other_charge`, `discount`, `netAmount`) VALUES
(1, 1, 1, 2, 1, NULL, 'a:1:{i:0;a:1:{i:1;d:2.425986824;}}', 'a:1:{i:0;a:1:{i:1;d:23.0529;}}', 'a:2:{i:0;a:1:{i:1;i:116;}i:1;a:1:{i:2;d:31.62312;}}', 1080.26),
(2, 1, 2, 1, 1, NULL, 'a:1:{i:0;a:1:{i:1;s:1:\"0\";}}', 'a:1:{i:0;a:1:{i:1;s:1:\"0\";}}', 'a:2:{i:0;a:1:{i:1;i:215;}i:1;a:1:{i:2;s:1:\"0\";}}', 1285.00),
(3, 2, 1, 2, 1, NULL, 'a:1:{i:0;a:1:{i:1;d:2.425986824;}}', 'a:1:{i:0;a:1:{i:1;d:23.0529;}}', 'a:2:{i:0;a:1:{i:1;i:116;}i:1;a:1:{i:2;d:31.62312;}}', 1080.26),
(4, 2, 2, 1, 1, NULL, 'a:1:{i:0;a:1:{i:1;s:1:\"0\";}}', 'a:1:{i:0;a:1:{i:1;s:1:\"0\";}}', 'a:2:{i:0;a:1:{i:1;i:215;}i:1;a:1:{i:2;s:1:\"0\";}}', 1285.00),
(5, 3, 1, 2, 1, NULL, 'a:1:{i:0;a:1:{i:1;d:2.425986824;}}', 'a:1:{i:0;a:1:{i:1;d:23.0529;}}', 'a:2:{i:0;a:1:{i:1;i:116;}i:1;a:1:{i:2;d:31.62312;}}', 1080.26),
(6, 3, 2, 1, 1, NULL, 'a:1:{i:0;a:1:{i:1;s:1:\"0\";}}', 'a:1:{i:0;a:1:{i:1;s:1:\"0\";}}', 'a:2:{i:0;a:1:{i:1;i:215;}i:1;a:1:{i:2;s:1:\"0\";}}', 1285.00),
(7, 4, 1, 1, 1, NULL, 'a:1:{i:0;a:1:{i:1;d:2.425986824;}}', 'a:1:{i:0;a:1:{i:1;d:23.0529;}}', 'a:2:{i:0;a:1:{i:1;i:116;}i:1;a:1:{i:2;d:31.62312;}}', 1080.26),
(8, 5, 1, 1, 1, NULL, 'a:1:{i:0;a:1:{i:1;d:2.425986824;}}', 'a:1:{i:0;a:1:{i:1;d:23.0529;}}', 'a:2:{i:0;a:1:{i:1;i:116;}i:1;a:1:{i:2;d:31.62312;}}', 1080.26),
(9, 6, 1, 1, 1, NULL, 'a:1:{i:0;a:1:{i:1;d:2.425986824;}}', 'a:1:{i:0;a:1:{i:1;d:23.0529;}}', 'a:2:{i:0;a:1:{i:1;i:116;}i:1;a:1:{i:2;d:31.62312;}}', 1080.26),
(10, 7, 1, 1, 1, NULL, 'a:1:{i:0;a:1:{i:1;d:2.425986824;}}', 'a:1:{i:0;a:1:{i:1;d:23.0529;}}', 'a:2:{i:0;a:1:{i:1;i:116;}i:1;a:1:{i:2;d:31.62312;}}', 1080.26),
(11, 8, 1, 1, 1, NULL, 'a:1:{i:0;a:1:{i:1;d:2.425986824;}}', 'a:1:{i:0;a:1:{i:1;d:23.0529;}}', 'a:2:{i:0;a:1:{i:1;i:116;}i:1;a:1:{i:2;d:31.62312;}}', 1080.26),
(12, 9, 1, 1, 1, NULL, 'a:1:{i:0;a:1:{i:1;d:2.425986824;}}', 'a:1:{i:0;a:1:{i:1;d:23.0529;}}', 'a:2:{i:0;a:1:{i:1;i:116;}i:1;a:1:{i:2;d:31.62312;}}', 1080.26),
(13, 10, 1, 1, 1, NULL, 'a:1:{i:0;a:1:{i:1;d:2.425986824;}}', 'a:1:{i:0;a:1:{i:1;d:23.0529;}}', 'a:2:{i:0;a:1:{i:1;i:116;}i:1;a:1:{i:2;d:31.62312;}}', 1080.26),
(15, 11, 1, 1, 1, '1202.40', 'a:1:{i:0;a:1:{i:1;d:2.425986824;}}', 'a:1:{i:0;a:1:{i:1;d:23.0529;}}', 'a:2:{i:0;a:1:{i:1;i:116;}i:1;a:1:{i:2;d:31.62312;}}', 1080.26),
(16, 12, 1, 1, 1, NULL, 'a:1:{i:0;a:1:{i:1;d:2.425986824;}}', 'a:1:{i:0;a:1:{i:1;d:23.0529;}}', 'a:2:{i:0;a:1:{i:1;i:116;}i:1;a:1:{i:2;d:31.62312;}}', 1080.26),
(17, 13, 1, 1, 1, NULL, 'a:1:{i:0;a:1:{i:1;d:2.425986824;}}', 'a:1:{i:0;a:1:{i:1;d:23.0529;}}', 'a:2:{i:0;a:1:{i:1;i:116;}i:1;a:1:{i:2;d:31.62312;}}', 1080.26),
(18, 14, 1, 1, 1, NULL, 'a:1:{i:0;a:1:{i:1;d:2.425986824;}}', 'a:1:{i:0;a:1:{i:1;d:23.0529;}}', 'a:2:{i:0;a:1:{i:1;i:116;}i:1;a:1:{i:2;d:31.62312;}}', 1080.26),
(19, 15, 1, 1, 1, NULL, 'a:1:{i:0;a:1:{i:1;d:2.425986824;}}', 'a:1:{i:0;a:1:{i:1;d:23.0529;}}', 'a:2:{i:0;a:1:{i:1;i:116;}i:1;a:1:{i:2;d:31.62312;}}', 1080.26),
(20, 16, 1, 1, 1, NULL, 'a:1:{i:0;a:1:{i:1;d:2.425986824;}}', 'a:1:{i:0;a:1:{i:1;d:23.0529;}}', 'a:2:{i:0;a:1:{i:1;i:116;}i:1;a:1:{i:2;d:31.62312;}}', 1080.26),
(21, 17, 1, 1, 1, NULL, 'a:1:{i:0;a:1:{i:1;d:2.425986824;}}', 'a:1:{i:0;a:1:{i:1;d:23.0529;}}', 'a:2:{i:0;a:1:{i:1;i:116;}i:1;a:1:{i:2;d:31.62312;}}', 1080.26),
(22, 18, 1, 1, 1, NULL, 'a:1:{i:0;a:1:{i:1;d:2.425986824;}}', 'a:1:{i:0;a:1:{i:1;d:23.0529;}}', 'a:2:{i:0;a:1:{i:1;i:116;}i:1;a:1:{i:2;d:31.62312;}}', 1080.26),
(23, 19, 1, 1, 1, NULL, 'a:1:{i:0;a:1:{i:1;d:2.425986824;}}', 'a:1:{i:0;a:1:{i:1;d:23.0529;}}', 'a:2:{i:0;a:1:{i:1;i:116;}i:1;a:1:{i:2;d:31.62312;}}', 1080.26),
(24, 20, 1, 1, 1, NULL, 'a:1:{i:0;a:1:{i:1;d:2.425986824;}}', 'a:1:{i:0;a:1:{i:1;d:23.0529;}}', 'a:2:{i:0;a:1:{i:1;i:116;}i:1;a:1:{i:2;d:31.62312;}}', 1080.26),
(25, 21, 1, 1, 1, NULL, 'a:1:{i:0;a:1:{i:1;d:2.425986824;}}', 'a:1:{i:0;a:1:{i:1;d:23.0529;}}', 'a:2:{i:0;a:1:{i:1;i:116;}i:1;a:1:{i:2;d:31.62312;}}', 1080.26),
(26, 22, 1, 1, 1, NULL, 'a:1:{i:0;a:1:{i:1;d:2.425986824;}}', 'a:1:{i:0;a:1:{i:1;d:23.0529;}}', 'a:2:{i:0;a:1:{i:1;i:116;}i:1;a:1:{i:2;d:31.62312;}}', 1080.26),
(27, 23, 1, 1, 1, NULL, 'a:1:{i:0;a:1:{i:1;d:2.425986824;}}', 'a:1:{i:0;a:1:{i:1;d:23.0529;}}', 'a:2:{i:0;a:1:{i:1;i:116;}i:1;a:1:{i:2;d:31.62312;}}', 1080.26),
(28, 24, 1, 1, 1, NULL, 'a:1:{i:0;a:1:{i:1;d:2.425986824;}}', 'a:1:{i:0;a:1:{i:1;d:23.0529;}}', 'a:2:{i:0;a:1:{i:1;i:116;}i:1;a:1:{i:2;d:31.62312;}}', 1080.26),
(29, 25, 1, 1, 1, NULL, 'a:1:{i:0;a:1:{i:1;d:2.425986824;}}', 'a:1:{i:0;a:1:{i:1;d:23.0529;}}', 'a:2:{i:0;a:1:{i:1;i:116;}i:1;a:1:{i:2;d:31.62312;}}', 1080.26),
(30, 26, 1, 1, 1, NULL, 'a:1:{i:0;a:1:{i:1;d:2.425986824;}}', 'a:1:{i:0;a:1:{i:1;d:23.0529;}}', 'a:2:{i:0;a:1:{i:1;i:116;}i:1;a:1:{i:2;d:31.62312;}}', 1080.26),
(31, 27, 1, 1, 1, NULL, 'a:1:{i:0;a:1:{i:1;d:2.425986824;}}', 'a:1:{i:0;a:1:{i:1;d:23.0529;}}', 'a:2:{i:0;a:1:{i:1;i:116;}i:1;a:1:{i:2;d:31.62312;}}', 1080.26),
(32, 28, 1, 1, 1, NULL, 'a:1:{i:0;a:1:{i:1;d:2.425986824;}}', 'a:1:{i:0;a:1:{i:1;d:23.0529;}}', 'a:2:{i:0;a:1:{i:1;i:116;}i:1;a:1:{i:2;d:31.62312;}}', 1080.26),
(33, 29, 1, 1, 1, NULL, 'a:1:{i:0;a:1:{i:1;d:2.425986824;}}', 'a:1:{i:0;a:1:{i:1;d:23.0529;}}', 'a:2:{i:0;a:1:{i:1;i:116;}i:1;a:1:{i:2;d:31.62312;}}', 1080.26),
(34, 30, 1, 1, 1, NULL, 'a:1:{i:0;a:1:{i:1;d:2.425986824;}}', 'a:1:{i:0;a:1:{i:1;d:23.0529;}}', 'a:2:{i:0;a:1:{i:1;i:116;}i:1;a:1:{i:2;d:31.62312;}}', 1080.26),
(35, 31, 1, 1, 1, NULL, 'a:1:{i:0;a:1:{i:1;d:2.425986824;}}', 'a:1:{i:0;a:1:{i:1;d:23.0529;}}', 'a:2:{i:0;a:1:{i:1;i:116;}i:1;a:1:{i:2;d:31.62312;}}', 1080.26),
(36, 32, 1, 1, 1, NULL, 'a:1:{i:0;a:1:{i:1;d:2.425986824;}}', 'a:1:{i:0;a:1:{i:1;d:23.0529;}}', 'a:2:{i:0;a:1:{i:1;i:116;}i:1;a:1:{i:2;d:31.62312;}}', 1080.26),
(37, 33, 1, 1, 1, NULL, 'a:1:{i:0;a:1:{i:1;d:2.425986824;}}', 'a:1:{i:0;a:1:{i:1;d:23.0529;}}', 'a:2:{i:0;a:1:{i:1;i:116;}i:1;a:1:{i:2;d:31.62312;}}', 1080.26),
(38, 34, 1, 1, 1, NULL, 'a:1:{i:0;a:1:{i:1;d:2.425986824;}}', 'a:1:{i:0;a:1:{i:1;d:23.0529;}}', 'a:2:{i:0;a:1:{i:1;i:116;}i:1;a:1:{i:2;d:31.62312;}}', 1080.26),
(39, 35, 1, 1, 1, NULL, 'a:1:{i:0;a:1:{i:1;d:2.425986824;}}', 'a:1:{i:0;a:1:{i:1;d:23.0529;}}', 'a:2:{i:0;a:1:{i:1;i:116;}i:1;a:1:{i:2;d:31.62312;}}', 1080.26),
(40, 36, 1, 1, 1, NULL, 'a:1:{i:0;a:1:{i:1;d:2.425986824;}}', 'a:1:{i:0;a:1:{i:1;d:23.0529;}}', 'a:2:{i:0;a:1:{i:1;i:116;}i:1;a:1:{i:2;d:31.62312;}}', 1080.26),
(41, 37, 1, 1, 1, NULL, 'a:1:{i:0;a:1:{i:1;d:2.425986824;}}', 'a:1:{i:0;a:1:{i:1;d:23.0529;}}', 'a:2:{i:0;a:1:{i:1;i:116;}i:1;a:1:{i:2;d:31.62312;}}', 1080.26),
(42, 38, 1, 1, 1, NULL, 'a:1:{i:0;a:1:{i:1;d:2.425986824;}}', 'a:1:{i:0;a:1:{i:1;d:23.0529;}}', 'a:2:{i:0;a:1:{i:1;i:116;}i:1;a:1:{i:2;d:31.62312;}}', 1080.26),
(43, 39, 1, 1, 1, NULL, 'a:1:{i:0;a:1:{i:1;d:2.425986824;}}', 'a:1:{i:0;a:1:{i:1;d:23.0529;}}', 'a:2:{i:0;a:1:{i:1;i:116;}i:1;a:1:{i:2;d:31.62312;}}', 1080.26),
(44, 40, 1, 1, 1, NULL, 'a:1:{i:0;a:1:{i:1;d:2.425986824;}}', 'a:1:{i:0;a:1:{i:1;d:23.0529;}}', 'a:2:{i:0;a:1:{i:1;i:116;}i:1;a:1:{i:2;d:31.62312;}}', 1080.26),
(45, 41, 1, 1, 1, NULL, 'a:1:{i:0;a:1:{i:1;d:2.425986824;}}', 'a:1:{i:0;a:1:{i:1;d:23.0529;}}', 'a:2:{i:0;a:1:{i:1;i:116;}i:1;a:1:{i:2;d:31.62312;}}', 1080.26),
(46, 42, 1, 1, 1, NULL, 'a:1:{i:0;a:1:{i:1;d:2.425986824;}}', 'a:1:{i:0;a:1:{i:1;d:23.0529;}}', 'a:2:{i:0;a:1:{i:1;i:116;}i:1;a:1:{i:2;d:31.62312;}}', 1080.26),
(47, 43, 1, 1, 1, NULL, 'a:1:{i:0;a:1:{i:1;d:2.425986824;}}', 'a:1:{i:0;a:1:{i:1;d:23.0529;}}', 'a:2:{i:0;a:1:{i:1;i:116;}i:1;a:1:{i:2;d:31.62312;}}', 1080.26),
(48, 44, 1, 1, 1, NULL, 'a:1:{i:0;a:1:{i:1;d:2.425986824;}}', 'a:1:{i:0;a:1:{i:1;d:23.0529;}}', 'a:2:{i:0;a:1:{i:1;i:116;}i:1;a:1:{i:2;d:31.62312;}}', 1080.26),
(49, 45, 1, 1, 1, NULL, 'a:1:{i:0;a:1:{i:1;d:2.425986824;}}', 'a:1:{i:0;a:1:{i:1;d:23.0529;}}', 'a:2:{i:0;a:1:{i:1;i:116;}i:1;a:1:{i:2;d:31.62312;}}', 1080.26),
(50, 46, 1, 1, 1, NULL, 'a:1:{i:0;a:1:{i:1;d:2.425986824;}}', 'a:1:{i:0;a:1:{i:1;d:23.0529;}}', 'a:2:{i:0;a:1:{i:1;i:116;}i:1;a:1:{i:2;d:31.62312;}}', 1080.26),
(51, 47, 1, 1, 1, NULL, 'a:1:{i:0;a:1:{i:1;d:2.425986824;}}', 'a:1:{i:0;a:1:{i:1;d:23.0529;}}', 'a:2:{i:0;a:1:{i:1;i:116;}i:1;a:1:{i:2;d:31.62312;}}', 1080.26),
(52, 48, 1, 1, 1, NULL, 'a:1:{i:0;a:1:{i:1;d:2.425986824;}}', 'a:1:{i:0;a:1:{i:1;d:23.0529;}}', 'a:2:{i:0;a:1:{i:1;i:116;}i:1;a:1:{i:2;d:31.62312;}}', 1080.26),
(53, 49, 1, 1, 1, NULL, 'a:1:{i:0;a:1:{i:1;d:2.425986824;}}', 'a:1:{i:0;a:1:{i:1;d:23.0529;}}', 'a:2:{i:0;a:1:{i:1;i:116;}i:1;a:1:{i:2;d:31.62312;}}', 1080.26),
(54, 50, 1, 1, 1, NULL, 'a:1:{i:0;a:1:{i:1;d:2.425986824;}}', 'a:1:{i:0;a:1:{i:1;d:23.0529;}}', 'a:2:{i:0;a:1:{i:1;i:116;}i:1;a:1:{i:2;d:31.62312;}}', 1080.26),
(55, 51, 1, 1, 1, NULL, 'a:1:{i:0;a:1:{i:1;d:2.425986824;}}', 'a:1:{i:0;a:1:{i:1;d:23.0529;}}', 'a:2:{i:0;a:1:{i:1;i:116;}i:1;a:1:{i:2;d:31.62312;}}', 1080.26),
(56, 52, 1, 1, 1, NULL, 'a:1:{i:0;a:1:{i:1;d:2.425986824;}}', 'a:1:{i:0;a:1:{i:1;d:23.0529;}}', 'a:2:{i:0;a:1:{i:1;i:116;}i:1;a:1:{i:2;d:31.62312;}}', 1080.26),
(67, 54, 1, 1, 1, NULL, 'a:1:{i:0;a:1:{i:1;d:2.425986824;}}', 'a:1:{i:0;a:1:{i:1;d:23.0529;}}', 'a:2:{i:0;a:1:{i:1;i:116;}i:1;a:1:{i:2;d:31.62312;}}', 1080.26),
(68, 55, 1, 1, 1, NULL, 'a:1:{i:0;a:1:{i:1;d:2.425986824;}}', 'a:1:{i:0;a:1:{i:1;d:23.0529;}}', 'a:2:{i:0;a:1:{i:1;i:116;}i:1;a:1:{i:2;d:31.62312;}}', 1080.26),
(71, 56, 1, 2580, 1, NULL, NULL, NULL, NULL, 1080.26),
(72, 56, 2, 2356, 1, NULL, NULL, NULL, NULL, 1285.00),
(73, 57, 1, 1, 1, NULL, 'a:1:{i:0;a:1:{i:1;d:2.425986824;}}', 'a:1:{i:0;a:1:{i:1;d:23.0529;}}', 'a:2:{i:0;a:1:{i:1;i:116;}i:1;a:1:{i:2;d:31.62312;}}', 1080.26),
(74, 58, 1, 1, 1, NULL, 'a:1:{i:0;a:1:{i:1;d:2.425986824;}}', 'a:1:{i:0;a:1:{i:1;d:23.0529;}}', 'a:2:{i:0;a:1:{i:1;i:116;}i:1;a:1:{i:2;d:31.62312;}}', 1080.26),
(75, 59, 1, 1, 1, NULL, 'a:1:{i:0;a:1:{i:1;d:2.425986824;}}', 'a:1:{i:0;a:1:{i:1;d:23.0529;}}', 'a:2:{i:0;a:1:{i:1;i:116;}i:1;a:1:{i:2;d:31.62312;}}', 1080.26),
(76, 60, 1, 1, 1, NULL, 'a:1:{i:0;a:1:{i:1;d:2.425986824;}}', 'a:1:{i:0;a:1:{i:1;d:23.0529;}}', 'a:2:{i:0;a:1:{i:1;i:116;}i:1;a:1:{i:2;d:31.62312;}}', 1080.26),
(77, 61, 1, 1, 1, NULL, 'a:1:{i:0;a:1:{i:1;d:2.425986824;}}', 'a:1:{i:0;a:1:{i:1;d:23.0529;}}', 'a:2:{i:0;a:1:{i:1;i:116;}i:1;a:1:{i:2;d:31.62312;}}', 1080.26),
(78, 62, 1, 1, 1, NULL, 'a:1:{i:0;a:1:{i:1;d:2.425986824;}}', 'a:1:{i:0;a:1:{i:1;d:23.0529;}}', 'a:2:{i:0;a:1:{i:1;i:116;}i:1;a:1:{i:2;d:31.62312;}}', 1080.26),
(79, 63, 1, 1, 1, NULL, 'a:1:{i:0;a:1:{i:1;d:2.425986824;}}', 'a:1:{i:0;a:1:{i:1;d:23.0529;}}', 'a:2:{i:0;a:1:{i:1;i:116;}i:1;a:1:{i:2;d:31.62312;}}', 1080.26),
(80, 64, 1, 1, 1, NULL, 'a:1:{i:0;a:1:{i:1;d:2.425986824;}}', 'a:1:{i:0;a:1:{i:1;d:23.0529;}}', 'a:2:{i:0;a:1:{i:1;i:116;}i:1;a:1:{i:2;d:31.62312;}}', 1080.26),
(81, 65, 1, 1, 1, NULL, 'a:1:{i:0;a:1:{i:1;d:2.425986824;}}', 'a:1:{i:0;a:1:{i:1;d:23.0529;}}', 'a:2:{i:0;a:1:{i:1;i:116;}i:1;a:1:{i:2;d:31.62312;}}', 1080.26),
(82, 66, 1, 1, 1, NULL, 'a:1:{i:0;a:1:{i:1;d:2.425986824;}}', 'a:1:{i:0;a:1:{i:1;d:23.0529;}}', 'a:2:{i:0;a:1:{i:1;i:116;}i:1;a:1:{i:2;d:31.62312;}}', 1080.26),
(83, 67, 1, 1, 1, NULL, 'a:1:{i:0;a:1:{i:1;d:2.425986824;}}', 'a:1:{i:0;a:1:{i:1;d:23.0529;}}', 'a:2:{i:0;a:1:{i:1;i:116;}i:1;a:1:{i:2;d:31.62312;}}', 1080.26),
(84, 68, 1, 1, 1, NULL, 'a:1:{i:0;a:1:{i:1;d:2.425986824;}}', 'a:1:{i:0;a:1:{i:1;d:23.0529;}}', 'a:2:{i:0;a:1:{i:1;i:116;}i:1;a:1:{i:2;d:31.62312;}}', 1080.26),
(85, 69, 1, 1, 1, NULL, 'a:1:{i:0;a:1:{i:1;d:2.425986824;}}', 'a:1:{i:0;a:1:{i:1;d:23.0529;}}', 'a:2:{i:0;a:1:{i:1;i:116;}i:1;a:1:{i:2;d:31.62312;}}', 1080.26),
(86, 70, 1, 1, 1, NULL, 'a:1:{i:0;a:1:{i:1;d:2.425986824;}}', 'a:1:{i:0;a:1:{i:1;d:23.0529;}}', 'a:2:{i:0;a:1:{i:1;i:116;}i:1;a:1:{i:2;d:31.62312;}}', 1080.26),
(102, 72, 1, 1, 1, NULL, 'a:1:{i:0;a:1:{i:1;d:2.425986824;}}', 'a:1:{i:0;a:1:{i:1;d:23.0529;}}', 'a:2:{i:0;a:1:{i:1;i:116;}i:1;a:1:{i:2;d:31.62312;}}', 1080.26),
(103, 71, 1, 2, 1, NULL, NULL, NULL, NULL, 1080.26),
(104, 71, 2, 2, 1, NULL, NULL, NULL, NULL, 1285.00),
(105, 73, 1, 1, 1, NULL, 'a:1:{i:0;a:1:{i:1;d:2.425986824;}}', 'a:1:{i:0;a:1:{i:1;d:23.0529;}}', 'a:2:{i:0;a:1:{i:1;i:116;}i:1;a:1:{i:2;d:31.62312;}}', 1080.26),
(106, 74, 1, 1, 1, NULL, 'a:1:{i:0;a:1:{i:1;d:2.425986824;}}', 'a:1:{i:0;a:1:{i:1;d:23.0529;}}', 'a:2:{i:0;a:1:{i:1;i:116;}i:1;a:1:{i:2;d:31.62312;}}', 1080.26),
(107, 75, 1, 1, 1, NULL, 'a:1:{i:0;a:1:{i:1;d:2.425986824;}}', 'a:1:{i:0;a:1:{i:1;d:23.0529;}}', 'a:2:{i:0;a:1:{i:1;i:116;}i:1;a:1:{i:2;d:31.62312;}}', 1080.26),
(108, 76, 1, 1, 1, NULL, 'a:1:{i:0;a:1:{i:1;d:2.425986824;}}', 'a:1:{i:0;a:1:{i:1;d:23.0529;}}', 'a:2:{i:0;a:1:{i:1;i:116;}i:1;a:1:{i:2;d:31.62312;}}', 1080.26),
(109, 77, 1, 1, 1, NULL, 'a:1:{i:0;a:1:{i:1;d:2.425986824;}}', 'a:1:{i:0;a:1:{i:1;d:23.0529;}}', 'a:2:{i:0;a:1:{i:1;i:116;}i:1;a:1:{i:2;d:31.62312;}}', 1080.26),
(110, 78, 1, 1, 1, NULL, 'a:1:{i:0;a:1:{i:1;d:2.425986824;}}', 'a:1:{i:0;a:1:{i:1;d:23.0529;}}', 'a:2:{i:0;a:1:{i:1;i:116;}i:1;a:1:{i:2;d:31.62312;}}', 1080.26),
(111, 79, 1, 1, 1, NULL, 'a:1:{i:0;a:1:{i:1;d:2.425986824;}}', 'a:1:{i:0;a:1:{i:1;d:23.0529;}}', 'a:2:{i:0;a:1:{i:1;i:116;}i:1;a:1:{i:2;d:31.62312;}}', 1080.26),
(112, 80, 1, 1, 1, NULL, 'a:1:{i:0;a:1:{i:1;d:2.425986824;}}', 'a:1:{i:0;a:1:{i:1;d:23.0529;}}', 'a:2:{i:0;a:1:{i:1;i:116;}i:1;a:1:{i:2;d:31.62312;}}', 1080.26),
(113, 81, 1, 1, 1, NULL, 'a:1:{i:0;a:1:{i:1;d:2.425986824;}}', 'a:1:{i:0;a:1:{i:1;d:23.0529;}}', 'a:2:{i:0;a:1:{i:1;i:116;}i:1;a:1:{i:2;d:31.62312;}}', 1080.26),
(114, 82, 1, 1, 1, NULL, 'a:1:{i:0;a:1:{i:1;d:2.425986824;}}', 'a:1:{i:0;a:1:{i:1;d:23.0529;}}', 'a:2:{i:0;a:1:{i:1;i:116;}i:1;a:1:{i:2;d:31.62312;}}', 1080.26),
(115, 83, 1, 1, 1, NULL, 'a:1:{i:0;a:1:{i:1;d:2.425986824;}}', 'a:1:{i:0;a:1:{i:1;d:23.0529;}}', 'a:2:{i:0;a:1:{i:1;i:116;}i:1;a:1:{i:2;d:31.62312;}}', 1080.26),
(116, 84, 1, 1, 1, NULL, 'a:1:{i:0;a:1:{i:1;d:2.425986824;}}', 'a:1:{i:0;a:1:{i:1;d:23.0529;}}', 'a:2:{i:0;a:1:{i:1;i:116;}i:1;a:1:{i:2;d:31.62312;}}', 1080.26),
(117, 85, 1, 1, 1, NULL, 'a:1:{i:0;a:1:{i:1;d:2.425986824;}}', 'a:1:{i:0;a:1:{i:1;d:23.0529;}}', 'a:2:{i:0;a:1:{i:1;i:116;}i:1;a:1:{i:2;d:31.62312;}}', 1080.26),
(118, 86, 1, 1, 1, NULL, 'a:1:{i:0;a:1:{i:1;d:2.425986824;}}', 'a:1:{i:0;a:1:{i:1;d:23.0529;}}', 'a:2:{i:0;a:1:{i:1;i:116;}i:1;a:1:{i:2;d:31.62312;}}', 1080.26),
(119, 87, 1, 1, 1, NULL, 'a:1:{i:0;a:1:{i:1;d:2.425986824;}}', 'a:1:{i:0;a:1:{i:1;d:23.0529;}}', 'a:2:{i:0;a:1:{i:1;i:116;}i:1;a:1:{i:2;d:31.62312;}}', 1080.26),
(120, 88, 1, 1, 1, NULL, 'a:1:{i:0;a:1:{i:1;d:2.425986824;}}', 'a:1:{i:0;a:1:{i:1;d:23.0529;}}', 'a:2:{i:0;a:1:{i:1;i:116;}i:1;a:1:{i:2;d:31.62312;}}', 1080.26),
(121, 89, 1, 1, 1, NULL, 'a:1:{i:0;a:1:{i:1;d:2.425986824;}}', 'a:1:{i:0;a:1:{i:1;d:23.0529;}}', 'a:2:{i:0;a:1:{i:1;i:116;}i:1;a:1:{i:2;d:31.62312;}}', 1080.26),
(122, 90, 1, 1, 1, NULL, 'a:1:{i:0;a:1:{i:1;d:2.425986824;}}', 'a:1:{i:0;a:1:{i:1;d:23.0529;}}', 'a:2:{i:0;a:1:{i:1;i:116;}i:1;a:1:{i:2;d:31.62312;}}', 1080.26),
(123, 91, 1, 1, 1, NULL, 'a:1:{i:0;a:1:{i:1;d:2.425986824;}}', 'a:1:{i:0;a:1:{i:1;d:23.0529;}}', 'a:2:{i:0;a:1:{i:1;i:116;}i:1;a:1:{i:2;d:31.62312;}}', 1080.26),
(124, 92, 1, 1, 1, NULL, 'a:1:{i:0;a:1:{i:1;d:2.425986824;}}', 'a:1:{i:0;a:1:{i:1;d:23.0529;}}', 'a:2:{i:0;a:1:{i:1;i:116;}i:1;a:1:{i:2;d:31.62312;}}', 1080.26),
(125, 93, 1, 1, 1, NULL, 'a:1:{i:0;a:1:{i:1;d:2.425986824;}}', 'a:1:{i:0;a:1:{i:1;d:23.0529;}}', 'a:2:{i:0;a:1:{i:1;i:116;}i:1;a:1:{i:2;d:31.62312;}}', 1080.26),
(126, 94, 1, 1, 1, NULL, 'a:1:{i:0;a:1:{i:1;d:2.425986824;}}', 'a:1:{i:0;a:1:{i:1;d:23.0529;}}', 'a:2:{i:0;a:1:{i:1;i:116;}i:1;a:1:{i:2;d:31.62312;}}', 1080.26),
(127, 95, 1, 1, 1, NULL, 'a:1:{i:0;a:1:{i:1;d:2.425986824;}}', 'a:1:{i:0;a:1:{i:1;d:23.0529;}}', 'a:2:{i:0;a:1:{i:1;i:116;}i:1;a:1:{i:2;d:31.62312;}}', 1080.26),
(128, 96, 1, 1, 1, NULL, 'a:1:{i:0;a:1:{i:1;d:2.425986824;}}', 'a:1:{i:0;a:1:{i:1;d:23.0529;}}', 'a:2:{i:0;a:1:{i:1;i:116;}i:1;a:1:{i:2;d:31.62312;}}', 1080.26),
(129, 97, 1, 1, 1, NULL, 'a:1:{i:0;a:1:{i:1;d:2.425986824;}}', 'a:1:{i:0;a:1:{i:1;d:23.0529;}}', 'a:2:{i:0;a:1:{i:1;i:116;}i:1;a:1:{i:2;d:31.62312;}}', 1080.26),
(130, 98, 1, 1, 1, NULL, 'a:1:{i:0;a:1:{i:1;d:2.425986824;}}', 'a:1:{i:0;a:1:{i:1;d:23.0529;}}', 'a:2:{i:0;a:1:{i:1;i:116;}i:1;a:1:{i:2;d:31.62312;}}', 1080.26),
(131, 99, 1, 1, 1, NULL, 'a:1:{i:0;a:1:{i:1;d:2.425986824;}}', 'a:1:{i:0;a:1:{i:1;d:23.0529;}}', 'a:2:{i:0;a:1:{i:1;i:116;}i:1;a:1:{i:2;d:31.62312;}}', 1080.26),
(132, 100, 1, 1, 1, NULL, 'a:1:{i:0;a:1:{i:1;d:2.425986824;}}', 'a:1:{i:0;a:1:{i:1;d:23.0529;}}', 'a:2:{i:0;a:1:{i:1;i:116;}i:1;a:1:{i:2;d:31.62312;}}', 1080.26),
(133, 101, 1, 1, 1, NULL, 'a:1:{i:0;a:1:{i:1;d:2.425986824;}}', 'a:1:{i:0;a:1:{i:1;d:23.0529;}}', 'a:2:{i:0;a:1:{i:1;i:116;}i:1;a:1:{i:2;d:31.62312;}}', 1080.26),
(134, 102, 1, 1, 1, NULL, 'a:1:{i:0;a:1:{i:1;d:2.425986824;}}', 'a:1:{i:0;a:1:{i:1;d:23.0529;}}', 'a:2:{i:0;a:1:{i:1;i:116;}i:1;a:1:{i:2;d:31.62312;}}', 1080.26),
(135, 103, 1, 1, 1, NULL, 'a:1:{i:0;a:1:{i:1;d:2.425986824;}}', 'a:1:{i:0;a:1:{i:1;d:23.0529;}}', 'a:2:{i:0;a:1:{i:1;i:116;}i:1;a:1:{i:2;d:31.62312;}}', 1080.26),
(136, 104, 1, 1, 1, NULL, 'a:1:{i:0;a:1:{i:1;d:2.425986824;}}', 'a:1:{i:0;a:1:{i:1;d:23.0529;}}', 'a:2:{i:0;a:1:{i:1;i:116;}i:1;a:1:{i:2;d:31.62312;}}', 1080.26),
(137, 105, 1, 1, 1, NULL, 'a:1:{i:0;a:1:{i:1;d:2.425986824;}}', 'a:1:{i:0;a:1:{i:1;d:23.0529;}}', 'a:2:{i:0;a:1:{i:1;i:116;}i:1;a:1:{i:2;d:31.62312;}}', 1080.26),
(138, 106, 1, 1, 1, NULL, 'a:1:{i:0;a:1:{i:1;d:2.425986824;}}', 'a:1:{i:0;a:1:{i:1;d:23.0529;}}', 'a:2:{i:0;a:1:{i:1;i:116;}i:1;a:1:{i:2;d:31.62312;}}', 1080.26),
(139, 107, 1, 1, 1, NULL, 'a:1:{i:0;a:1:{i:1;d:2.425986824;}}', 'a:1:{i:0;a:1:{i:1;d:23.0529;}}', 'a:2:{i:0;a:1:{i:1;i:116;}i:1;a:1:{i:2;d:31.62312;}}', 1080.26),
(140, 108, 1, 1, 1, NULL, 'a:1:{i:0;a:1:{i:1;d:2.425986824;}}', 'a:1:{i:0;a:1:{i:1;d:23.0529;}}', 'a:2:{i:0;a:1:{i:1;i:116;}i:1;a:1:{i:2;d:31.62312;}}', 1080.26),
(141, 109, 1, 1, 1, NULL, 'a:1:{i:0;a:1:{i:1;d:2.425986824;}}', 'a:1:{i:0;a:1:{i:1;d:23.0529;}}', 'a:2:{i:0;a:1:{i:1;i:116;}i:1;a:1:{i:2;d:31.62312;}}', 1080.26),
(142, 110, 1, 1, 1, NULL, 'a:1:{i:0;a:1:{i:1;d:2.425986824;}}', 'a:1:{i:0;a:1:{i:1;d:23.0529;}}', 'a:2:{i:0;a:1:{i:1;i:116;}i:1;a:1:{i:2;d:31.62312;}}', 1080.26),
(143, 111, 1, 1, 1, NULL, 'a:1:{i:0;a:1:{i:1;d:2.425986824;}}', 'a:1:{i:0;a:1:{i:1;d:23.0529;}}', 'a:2:{i:0;a:1:{i:1;i:116;}i:1;a:1:{i:2;d:31.62312;}}', 1080.26),
(146, 113, 1, 1, 1, NULL, 'a:1:{i:0;a:1:{i:1;d:2.425986824;}}', 'a:1:{i:0;a:1:{i:1;d:23.0529;}}', 'a:2:{i:0;a:1:{i:1;i:116;}i:1;a:1:{i:2;d:31.62312;}}', 1080.26),
(147, 114, 1, 1, 1, NULL, 'a:1:{i:0;a:1:{i:1;d:2.425986824;}}', 'a:1:{i:0;a:1:{i:1;d:23.0529;}}', 'a:2:{i:0;a:1:{i:1;i:116;}i:1;a:1:{i:2;d:31.62312;}}', 1080.26),
(148, 115, 1, 1, 1, NULL, 'a:1:{i:0;a:1:{i:1;d:2.425986824;}}', 'a:1:{i:0;a:1:{i:1;d:23.0529;}}', 'a:2:{i:0;a:1:{i:1;i:116;}i:1;a:1:{i:2;d:31.62312;}}', 1080.26),
(149, 116, 1, 1, 1, NULL, 'a:1:{i:0;a:1:{i:1;d:2.425986824;}}', 'a:1:{i:0;a:1:{i:1;d:23.0529;}}', 'a:2:{i:0;a:1:{i:1;i:116;}i:1;a:1:{i:2;d:31.62312;}}', 1080.26),
(150, 117, 1, 1, 1, NULL, 'a:1:{i:0;a:1:{i:1;d:2.425986824;}}', 'a:1:{i:0;a:1:{i:1;d:23.0529;}}', 'a:2:{i:0;a:1:{i:1;i:116;}i:1;a:1:{i:2;d:31.62312;}}', 1080.26),
(151, 118, 1, 1, 1, NULL, 'a:1:{i:0;a:1:{i:1;d:2.425986824;}}', 'a:1:{i:0;a:1:{i:1;d:23.0529;}}', 'a:2:{i:0;a:1:{i:1;i:116;}i:1;a:1:{i:2;d:31.62312;}}', 1080.26),
(152, 119, 1, 1, 1, NULL, 'a:1:{i:0;a:1:{i:1;d:2.425986824;}}', 'a:1:{i:0;a:1:{i:1;d:23.0529;}}', 'a:2:{i:0;a:1:{i:1;i:116;}i:1;a:1:{i:2;d:31.62312;}}', 1080.26),
(153, 120, 1, 1, 1, NULL, 'a:1:{i:0;a:1:{i:1;d:2.425986824;}}', 'a:1:{i:0;a:1:{i:1;d:23.0529;}}', 'a:2:{i:0;a:1:{i:1;i:116;}i:1;a:1:{i:2;d:31.62312;}}', 1080.26),
(154, 121, 1, 1, 1, NULL, 'a:1:{i:0;a:1:{i:1;d:2.425986824;}}', 'a:1:{i:0;a:1:{i:1;d:23.0529;}}', 'a:2:{i:0;a:1:{i:1;i:116;}i:1;a:1:{i:2;d:31.62312;}}', 1080.26),
(155, 122, 1, 1, 1, NULL, 'a:1:{i:0;a:1:{i:1;d:2.425986824;}}', 'a:1:{i:0;a:1:{i:1;d:23.0529;}}', 'a:2:{i:0;a:1:{i:1;i:116;}i:1;a:1:{i:2;d:31.62312;}}', 1080.26),
(156, 123, 1, 1, 1, NULL, 'a:1:{i:0;a:1:{i:1;d:2.425986824;}}', 'a:1:{i:0;a:1:{i:1;d:23.0529;}}', 'a:2:{i:0;a:1:{i:1;i:116;}i:1;a:1:{i:2;d:31.62312;}}', 1080.26),
(157, 124, 1, 1, 1, NULL, 'a:1:{i:0;a:1:{i:1;d:2.425986824;}}', 'a:1:{i:0;a:1:{i:1;d:23.0529;}}', 'a:2:{i:0;a:1:{i:1;i:116;}i:1;a:1:{i:2;d:31.62312;}}', 1080.26),
(158, 125, 1, 1, 1, NULL, 'a:1:{i:0;a:1:{i:1;d:2.425986824;}}', 'a:1:{i:0;a:1:{i:1;d:23.0529;}}', 'a:2:{i:0;a:1:{i:1;i:116;}i:1;a:1:{i:2;d:31.62312;}}', 1080.26),
(159, 126, 1, 1, 1, NULL, 'a:1:{i:0;a:1:{i:1;d:2.425986824;}}', 'a:1:{i:0;a:1:{i:1;d:23.0529;}}', 'a:2:{i:0;a:1:{i:1;i:116;}i:1;a:1:{i:2;d:31.62312;}}', 1080.26),
(160, 127, 1, 1, 1, NULL, 'a:1:{i:0;a:1:{i:1;d:2.425986824;}}', 'a:1:{i:0;a:1:{i:1;d:23.0529;}}', 'a:2:{i:0;a:1:{i:1;i:116;}i:1;a:1:{i:2;d:31.62312;}}', 1080.26),
(161, 128, 1, 1, 1, NULL, 'a:1:{i:0;a:1:{i:1;d:2.425986824;}}', 'a:1:{i:0;a:1:{i:1;d:23.0529;}}', 'a:2:{i:0;a:1:{i:1;i:116;}i:1;a:1:{i:2;d:31.62312;}}', 1080.26),
(162, 129, 1, 1, 1, NULL, 'a:1:{i:0;a:1:{i:1;d:2.425986824;}}', 'a:1:{i:0;a:1:{i:1;d:23.0529;}}', 'a:2:{i:0;a:1:{i:1;i:116;}i:1;a:1:{i:2;d:31.62312;}}', 1080.26),
(163, 130, 1, 1, 1, NULL, 'a:1:{i:0;a:1:{i:1;d:2.425986824;}}', 'a:1:{i:0;a:1:{i:1;d:23.0529;}}', 'a:2:{i:0;a:1:{i:1;i:116;}i:1;a:1:{i:2;d:31.62312;}}', 1080.26),
(164, 131, 1, 1, 1, NULL, 'a:1:{i:0;a:1:{i:1;d:2.425986824;}}', 'a:1:{i:0;a:1:{i:1;d:23.0529;}}', 'a:2:{i:0;a:1:{i:1;i:116;}i:1;a:1:{i:2;d:31.62312;}}', 1080.26),
(165, 132, 1, 1, 1, NULL, 'a:1:{i:0;a:1:{i:1;d:2.425986824;}}', 'a:1:{i:0;a:1:{i:1;d:23.0529;}}', 'a:2:{i:0;a:1:{i:1;i:116;}i:1;a:1:{i:2;d:31.62312;}}', 1080.26),
(166, 133, 1, 1, 1, NULL, 'a:1:{i:0;a:1:{i:1;d:2.425986824;}}', 'a:1:{i:0;a:1:{i:1;d:23.0529;}}', 'a:2:{i:0;a:1:{i:1;i:116;}i:1;a:1:{i:2;d:31.62312;}}', 1080.26),
(167, 134, 1, 1, 1, NULL, 'a:1:{i:0;a:1:{i:1;d:2.425986824;}}', 'a:1:{i:0;a:1:{i:1;d:23.0529;}}', 'a:2:{i:0;a:1:{i:1;i:116;}i:1;a:1:{i:2;d:31.62312;}}', 1080.26),
(168, 135, 1, 1, 1, NULL, 'a:1:{i:0;a:1:{i:1;d:2.425986824;}}', 'a:1:{i:0;a:1:{i:1;d:23.0529;}}', 'a:2:{i:0;a:1:{i:1;i:116;}i:1;a:1:{i:2;d:31.62312;}}', 1080.26),
(169, 136, 1, 1, 1, NULL, 'a:1:{i:0;a:1:{i:1;d:2.425986824;}}', 'a:1:{i:0;a:1:{i:1;d:23.0529;}}', 'a:2:{i:0;a:1:{i:1;i:116;}i:1;a:1:{i:2;d:31.62312;}}', 1080.26),
(170, 137, 1, 1, 1, NULL, 'a:1:{i:0;a:1:{i:1;d:2.425986824;}}', 'a:1:{i:0;a:1:{i:1;d:23.0529;}}', 'a:2:{i:0;a:1:{i:1;i:116;}i:1;a:1:{i:2;d:31.62312;}}', 1080.26),
(171, 138, 1, 1, 1, NULL, 'a:1:{i:0;a:1:{i:1;d:2.425986824;}}', 'a:1:{i:0;a:1:{i:1;d:23.0529;}}', 'a:2:{i:0;a:1:{i:1;i:116;}i:1;a:1:{i:2;d:31.62312;}}', 1080.26),
(172, 139, 1, 1, 1, NULL, 'a:1:{i:0;a:1:{i:1;d:2.425986824;}}', 'a:1:{i:0;a:1:{i:1;d:23.0529;}}', 'a:2:{i:0;a:1:{i:1;i:116;}i:1;a:1:{i:2;d:31.62312;}}', 1080.26),
(173, 140, 1, 1, 1, NULL, 'a:1:{i:0;a:1:{i:1;d:2.425986824;}}', 'a:1:{i:0;a:1:{i:1;d:23.0529;}}', 'a:2:{i:0;a:1:{i:1;i:116;}i:1;a:1:{i:2;d:31.62312;}}', 1080.26),
(174, 141, 1, 1, 1, NULL, 'a:1:{i:0;a:1:{i:1;d:2.425986824;}}', 'a:1:{i:0;a:1:{i:1;d:23.0529;}}', 'a:2:{i:0;a:1:{i:1;i:116;}i:1;a:1:{i:2;d:31.62312;}}', 1080.26),
(175, 142, 1, 1, 1, NULL, 'a:1:{i:0;a:1:{i:1;d:2.425986824;}}', 'a:1:{i:0;a:1:{i:1;d:23.0529;}}', 'a:2:{i:0;a:1:{i:1;i:116;}i:1;a:1:{i:2;d:31.62312;}}', 1080.26),
(176, 143, 1, 1, 1, NULL, 'a:1:{i:0;a:1:{i:1;d:2.425986824;}}', 'a:1:{i:0;a:1:{i:1;d:23.0529;}}', 'a:2:{i:0;a:1:{i:1;i:116;}i:1;a:1:{i:2;d:31.62312;}}', 1080.26),
(177, 144, 1, 1, 1, NULL, 'a:1:{i:0;a:1:{i:1;d:2.425986824;}}', 'a:1:{i:0;a:1:{i:1;d:23.0529;}}', 'a:2:{i:0;a:1:{i:1;i:116;}i:1;a:1:{i:2;d:31.62312;}}', 1080.26),
(178, 145, 1, 1, 1, NULL, 'a:1:{i:0;a:1:{i:1;d:2.425986824;}}', 'a:1:{i:0;a:1:{i:1;d:23.0529;}}', 'a:2:{i:0;a:1:{i:1;i:116;}i:1;a:1:{i:2;d:31.62312;}}', 1080.26),
(179, 146, 1, 1, 1, NULL, 'a:1:{i:0;a:1:{i:1;d:2.425986824;}}', 'a:1:{i:0;a:1:{i:1;d:23.0529;}}', 'a:2:{i:0;a:1:{i:1;i:116;}i:1;a:1:{i:2;d:31.62312;}}', 1080.26),
(180, 147, 1, 1, 1, NULL, 'a:1:{i:0;a:1:{i:1;d:2.425986824;}}', 'a:1:{i:0;a:1:{i:1;d:23.0529;}}', 'a:2:{i:0;a:1:{i:1;i:116;}i:1;a:1:{i:2;d:31.62312;}}', 1080.26),
(181, 148, 1, 1, 1, NULL, 'a:1:{i:0;a:1:{i:1;d:2.425986824;}}', 'a:1:{i:0;a:1:{i:1;d:23.0529;}}', 'a:2:{i:0;a:1:{i:1;i:116;}i:1;a:1:{i:2;d:31.62312;}}', 1080.26),
(182, 149, 1, 1, 1, NULL, 'a:1:{i:0;a:1:{i:1;d:2.425986824;}}', 'a:1:{i:0;a:1:{i:1;d:23.0529;}}', 'a:2:{i:0;a:1:{i:1;i:116;}i:1;a:1:{i:2;d:31.62312;}}', 1080.26),
(184, 150, 1, 2, 1, NULL, NULL, NULL, NULL, 1080.26),
(185, 151, 1, 1, 1, NULL, 'a:1:{i:0;a:1:{i:1;d:2.425986824;}}', 'a:1:{i:0;a:1:{i:1;d:23.0529;}}', 'a:2:{i:0;a:1:{i:1;i:116;}i:1;a:1:{i:2;d:31.62312;}}', 1080.26),
(186, 152, 1, 1, 1, NULL, 'a:1:{i:0;a:1:{i:1;d:2.425986824;}}', 'a:1:{i:0;a:1:{i:1;d:23.0529;}}', 'a:2:{i:0;a:1:{i:1;i:116;}i:1;a:1:{i:2;d:31.62312;}}', 1080.26),
(187, 153, 1, 1, 1, NULL, 'a:1:{i:0;a:1:{i:1;d:2.425986824;}}', 'a:1:{i:0;a:1:{i:1;d:23.0529;}}', 'a:2:{i:0;a:1:{i:1;i:116;}i:1;a:1:{i:2;d:31.62312;}}', 1080.26),
(188, 154, 1, 1, 1, NULL, 'a:1:{i:0;a:1:{i:1;d:2.425986824;}}', 'a:1:{i:0;a:1:{i:1;d:23.0529;}}', 'a:2:{i:0;a:1:{i:1;i:116;}i:1;a:1:{i:2;d:31.62312;}}', 1080.26),
(189, 155, 1, 1, 1, NULL, 'a:1:{i:0;a:1:{i:1;d:2.425986824;}}', 'a:1:{i:0;a:1:{i:1;d:23.0529;}}', 'a:2:{i:0;a:1:{i:1;i:116;}i:1;a:1:{i:2;d:31.62312;}}', 1080.26),
(190, 156, 1, 1, 1, NULL, 'a:1:{i:0;a:1:{i:1;d:2.425986824;}}', 'a:1:{i:0;a:1:{i:1;d:23.0529;}}', 'a:2:{i:0;a:1:{i:1;i:116;}i:1;a:1:{i:2;d:31.62312;}}', 1080.26),
(191, 157, 1, 1, 1, NULL, 'a:1:{i:0;a:1:{i:1;d:2.425986824;}}', 'a:1:{i:0;a:1:{i:1;d:23.0529;}}', 'a:2:{i:0;a:1:{i:1;i:116;}i:1;a:1:{i:2;d:31.62312;}}', 1080.26),
(192, 158, 1, 1, 1, NULL, 'a:1:{i:0;a:1:{i:1;d:2.425986824;}}', 'a:1:{i:0;a:1:{i:1;d:23.0529;}}', 'a:2:{i:0;a:1:{i:1;i:116;}i:1;a:1:{i:2;d:31.62312;}}', 1080.26),
(193, 159, 1, 1, 1, NULL, 'a:1:{i:0;a:1:{i:1;d:2.425986824;}}', 'a:1:{i:0;a:1:{i:1;d:23.0529;}}', 'a:2:{i:0;a:1:{i:1;i:116;}i:1;a:1:{i:2;d:31.62312;}}', 1080.26),
(194, 160, 1, 1, 1, NULL, 'a:1:{i:0;a:1:{i:1;d:2.425986824;}}', 'a:1:{i:0;a:1:{i:1;d:23.0529;}}', 'a:2:{i:0;a:1:{i:1;i:116;}i:1;a:1:{i:2;d:31.62312;}}', 1080.26),
(195, 161, 1, 1, 1, NULL, 'a:1:{i:0;a:1:{i:1;d:2.425986824;}}', 'a:1:{i:0;a:1:{i:1;d:23.0529;}}', 'a:2:{i:0;a:1:{i:1;i:116;}i:1;a:1:{i:2;d:31.62312;}}', 1080.26),
(196, 162, 1, 1, 1, NULL, 'a:1:{i:0;a:1:{i:1;d:2.425986824;}}', 'a:1:{i:0;a:1:{i:1;d:23.0529;}}', 'a:2:{i:0;a:1:{i:1;i:116;}i:1;a:1:{i:2;d:31.62312;}}', 1080.26),
(197, 163, 1, 1, 1, NULL, 'a:1:{i:0;a:1:{i:1;d:2.425986824;}}', 'a:1:{i:0;a:1:{i:1;d:23.0529;}}', 'a:2:{i:0;a:1:{i:1;i:116;}i:1;a:1:{i:2;d:31.62312;}}', 1080.26),
(198, 164, 1, 1, 1, NULL, 'a:1:{i:0;a:1:{i:1;d:2.425986824;}}', 'a:1:{i:0;a:1:{i:1;d:23.0529;}}', 'a:2:{i:0;a:1:{i:1;i:116;}i:1;a:1:{i:2;d:31.62312;}}', 1080.26),
(199, 165, 1, 1, 1, NULL, 'a:1:{i:0;a:1:{i:1;d:2.425986824;}}', 'a:1:{i:0;a:1:{i:1;d:23.0529;}}', 'a:2:{i:0;a:1:{i:1;i:116;}i:1;a:1:{i:2;d:31.62312;}}', 1080.26),
(200, 166, 1, 1, 1, NULL, 'a:1:{i:0;a:1:{i:1;d:2.425986824;}}', 'a:1:{i:0;a:1:{i:1;d:23.0529;}}', 'a:2:{i:0;a:1:{i:1;i:116;}i:1;a:1:{i:2;d:31.62312;}}', 1080.26),
(201, 167, 1, 1, 1, NULL, 'a:1:{i:0;a:1:{i:1;d:2.425986824;}}', 'a:1:{i:0;a:1:{i:1;d:23.0529;}}', 'a:2:{i:0;a:1:{i:1;i:116;}i:1;a:1:{i:2;d:31.62312;}}', 1080.26),
(202, 168, 1, 1, 1, NULL, 'a:1:{i:0;a:1:{i:1;d:2.425986824;}}', 'a:1:{i:0;a:1:{i:1;d:23.0529;}}', 'a:2:{i:0;a:1:{i:1;i:116;}i:1;a:1:{i:2;d:31.62312;}}', 1080.26),
(203, 169, 1, 1, 1, NULL, 'a:1:{i:0;a:1:{i:1;d:2.425986824;}}', 'a:1:{i:0;a:1:{i:1;d:23.0529;}}', 'a:2:{i:0;a:1:{i:1;i:116;}i:1;a:1:{i:2;d:31.62312;}}', 1080.26),
(204, 170, 1, 1, 1, NULL, 'a:1:{i:0;a:1:{i:1;d:2.425986824;}}', 'a:1:{i:0;a:1:{i:1;d:23.0529;}}', 'a:2:{i:0;a:1:{i:1;i:116;}i:1;a:1:{i:2;d:31.62312;}}', 1080.26),
(205, 171, 1, 1, 1, NULL, 'a:1:{i:0;a:1:{i:1;d:2.425986824;}}', 'a:1:{i:0;a:1:{i:1;d:23.0529;}}', 'a:2:{i:0;a:1:{i:1;i:116;}i:1;a:1:{i:2;d:31.62312;}}', 1080.26),
(206, 172, 1, 1, 1, NULL, 'a:1:{i:0;a:1:{i:1;d:2.425986824;}}', 'a:1:{i:0;a:1:{i:1;d:23.0529;}}', 'a:2:{i:0;a:1:{i:1;i:116;}i:1;a:1:{i:2;d:31.62312;}}', 1080.26),
(207, 173, 1, 1, 1, NULL, 'a:1:{i:0;a:1:{i:1;d:2.425986824;}}', 'a:1:{i:0;a:1:{i:1;d:23.0529;}}', 'a:2:{i:0;a:1:{i:1;i:116;}i:1;a:1:{i:2;d:31.62312;}}', 1080.26),
(208, 174, 1, 1, 1, NULL, 'a:1:{i:0;a:1:{i:1;d:2.425986824;}}', 'a:1:{i:0;a:1:{i:1;d:23.0529;}}', 'a:2:{i:0;a:1:{i:1;i:116;}i:1;a:1:{i:2;d:31.62312;}}', 1080.26),
(209, 175, 1, 1, 1, NULL, 'a:1:{i:0;a:1:{i:1;d:2.425986824;}}', 'a:1:{i:0;a:1:{i:1;d:23.0529;}}', 'a:2:{i:0;a:1:{i:1;i:116;}i:1;a:1:{i:2;d:31.62312;}}', 1080.26),
(210, 176, 1, 1, 1, NULL, 'a:1:{i:0;a:1:{i:1;d:2.425986824;}}', 'a:1:{i:0;a:1:{i:1;d:23.0529;}}', 'a:2:{i:0;a:1:{i:1;i:116;}i:1;a:1:{i:2;d:31.62312;}}', 1080.26),
(211, 177, 1, 1, 1, NULL, 'a:1:{i:0;a:1:{i:1;d:2.425986824;}}', 'a:1:{i:0;a:1:{i:1;d:23.0529;}}', 'a:2:{i:0;a:1:{i:1;i:116;}i:1;a:1:{i:2;d:31.62312;}}', 1080.26),
(212, 178, 1, 1, 1, NULL, 'a:1:{i:0;a:1:{i:1;d:2.425986824;}}', 'a:1:{i:0;a:1:{i:1;d:23.0529;}}', 'a:2:{i:0;a:1:{i:1;i:116;}i:1;a:1:{i:2;d:31.62312;}}', 1080.26),
(213, 179, 1, 1, 1, NULL, 'a:1:{i:0;a:1:{i:1;d:2.425986824;}}', 'a:1:{i:0;a:1:{i:1;d:23.0529;}}', 'a:2:{i:0;a:1:{i:1;i:116;}i:1;a:1:{i:2;d:31.62312;}}', 1080.26),
(214, 180, 1, 1, 1, NULL, 'a:1:{i:0;a:1:{i:1;d:2.425986824;}}', 'a:1:{i:0;a:1:{i:1;d:23.0529;}}', 'a:2:{i:0;a:1:{i:1;i:116;}i:1;a:1:{i:2;d:31.62312;}}', 1080.26),
(215, 181, 1, 1, 1, NULL, 'a:1:{i:0;a:1:{i:1;d:2.425986824;}}', 'a:1:{i:0;a:1:{i:1;d:23.0529;}}', 'a:2:{i:0;a:1:{i:1;i:116;}i:1;a:1:{i:2;d:31.62312;}}', 1080.26),
(216, 182, 1, 1, 1, NULL, 'a:1:{i:0;a:1:{i:1;d:2.425986824;}}', 'a:1:{i:0;a:1:{i:1;d:23.0529;}}', 'a:2:{i:0;a:1:{i:1;i:116;}i:1;a:1:{i:2;d:31.62312;}}', 1080.26),
(217, 183, 1, 1, 1, NULL, 'a:1:{i:0;a:1:{i:1;d:2.425986824;}}', 'a:1:{i:0;a:1:{i:1;d:23.0529;}}', 'a:2:{i:0;a:1:{i:1;i:116;}i:1;a:1:{i:2;d:31.62312;}}', 1080.26),
(218, 184, 1, 1, 1, NULL, 'a:1:{i:0;a:1:{i:1;d:2.425986824;}}', 'a:1:{i:0;a:1:{i:1;d:23.0529;}}', 'a:2:{i:0;a:1:{i:1;i:116;}i:1;a:1:{i:2;d:31.62312;}}', 1080.26),
(219, 185, 1, 1, 1, NULL, 'a:1:{i:0;a:1:{i:1;d:2.425986824;}}', 'a:1:{i:0;a:1:{i:1;d:23.0529;}}', 'a:2:{i:0;a:1:{i:1;i:116;}i:1;a:1:{i:2;d:31.62312;}}', 1080.26),
(220, 186, 1, 1, 1, NULL, 'a:1:{i:0;a:1:{i:1;d:2.425986824;}}', 'a:1:{i:0;a:1:{i:1;d:23.0529;}}', 'a:2:{i:0;a:1:{i:1;i:116;}i:1;a:1:{i:2;d:31.62312;}}', 1080.26),
(221, 187, 1, 1, 1, NULL, 'a:1:{i:0;a:1:{i:1;d:2.425986824;}}', 'a:1:{i:0;a:1:{i:1;d:23.0529;}}', 'a:2:{i:0;a:1:{i:1;i:116;}i:1;a:1:{i:2;d:31.62312;}}', 1080.26),
(222, 188, 1, 1, 1, NULL, 'a:1:{i:0;a:1:{i:1;d:2.425986824;}}', 'a:1:{i:0;a:1:{i:1;d:23.0529;}}', 'a:2:{i:0;a:1:{i:1;i:116;}i:1;a:1:{i:2;d:31.62312;}}', 1080.26),
(223, 189, 1, 1, 1, NULL, 'a:1:{i:0;a:1:{i:1;d:2.425986824;}}', 'a:1:{i:0;a:1:{i:1;d:23.0529;}}', 'a:2:{i:0;a:1:{i:1;i:116;}i:1;a:1:{i:2;d:31.62312;}}', 1080.26),
(224, 190, 1, 1, 1, NULL, 'a:1:{i:0;a:1:{i:1;d:2.425986824;}}', 'a:1:{i:0;a:1:{i:1;d:23.0529;}}', 'a:2:{i:0;a:1:{i:1;i:116;}i:1;a:1:{i:2;d:31.62312;}}', 1080.26),
(225, 191, 1, 1, 1, NULL, 'a:1:{i:0;a:1:{i:1;d:2.425986824;}}', 'a:1:{i:0;a:1:{i:1;d:23.0529;}}', 'a:2:{i:0;a:1:{i:1;i:116;}i:1;a:1:{i:2;d:31.62312;}}', 1080.26),
(226, 192, 1, 1, 1, NULL, 'a:1:{i:0;a:1:{i:1;d:2.425986824;}}', 'a:1:{i:0;a:1:{i:1;d:23.0529;}}', 'a:2:{i:0;a:1:{i:1;i:116;}i:1;a:1:{i:2;d:31.62312;}}', 1080.26),
(227, 193, 1, 1, 1, NULL, 'a:1:{i:0;a:1:{i:1;d:2.425986824;}}', 'a:1:{i:0;a:1:{i:1;d:23.0529;}}', 'a:2:{i:0;a:1:{i:1;i:116;}i:1;a:1:{i:2;d:31.62312;}}', 1080.26),
(228, 194, 1, 1, 1, NULL, 'a:1:{i:0;a:1:{i:1;d:2.425986824;}}', 'a:1:{i:0;a:1:{i:1;d:23.0529;}}', 'a:2:{i:0;a:1:{i:1;i:116;}i:1;a:1:{i:2;d:31.62312;}}', 1080.26),
(229, 195, 1, 1, 1, NULL, 'a:1:{i:0;a:1:{i:1;d:2.425986824;}}', 'a:1:{i:0;a:1:{i:1;d:23.0529;}}', 'a:2:{i:0;a:1:{i:1;i:116;}i:1;a:1:{i:2;d:31.62312;}}', 1080.26),
(230, 196, 1, 1, 1, NULL, 'a:1:{i:0;a:1:{i:1;d:2.425986824;}}', 'a:1:{i:0;a:1:{i:1;d:23.0529;}}', 'a:2:{i:0;a:1:{i:1;i:116;}i:1;a:1:{i:2;d:31.62312;}}', 1080.26),
(231, 197, 1, 1, 1, NULL, 'a:1:{i:0;a:1:{i:1;d:2.425986824;}}', 'a:1:{i:0;a:1:{i:1;d:23.0529;}}', 'a:2:{i:0;a:1:{i:1;i:116;}i:1;a:1:{i:2;d:31.62312;}}', 1080.26),
(232, 198, 1, 1, 1, NULL, 'a:1:{i:0;a:1:{i:1;d:2.425986824;}}', 'a:1:{i:0;a:1:{i:1;d:23.0529;}}', 'a:2:{i:0;a:1:{i:1;i:116;}i:1;a:1:{i:2;d:31.62312;}}', 1080.26),
(233, 199, 1, 1, 1, NULL, 'a:1:{i:0;a:1:{i:1;d:2.425986824;}}', 'a:1:{i:0;a:1:{i:1;d:23.0529;}}', 'a:2:{i:0;a:1:{i:1;i:116;}i:1;a:1:{i:2;d:31.62312;}}', 1080.26),
(234, 200, 1, 1, 1, NULL, 'a:1:{i:0;a:1:{i:1;d:2.425986824;}}', 'a:1:{i:0;a:1:{i:1;d:23.0529;}}', 'a:2:{i:0;a:1:{i:1;i:116;}i:1;a:1:{i:2;d:31.62312;}}', 1080.26),
(235, 201, 1, 1, 1, NULL, 'a:1:{i:0;a:1:{i:1;d:2.425986824;}}', 'a:1:{i:0;a:1:{i:1;d:23.0529;}}', 'a:2:{i:0;a:1:{i:1;i:116;}i:1;a:1:{i:2;d:31.62312;}}', 1080.26),
(236, 202, 1, 1, 1, NULL, 'a:1:{i:0;a:1:{i:1;d:2.425986824;}}', 'a:1:{i:0;a:1:{i:1;d:23.0529;}}', 'a:2:{i:0;a:1:{i:1;i:116;}i:1;a:1:{i:2;d:31.62312;}}', 1080.26),
(237, 203, 1, 1, 1, NULL, 'a:1:{i:0;a:1:{i:1;d:2.425986824;}}', 'a:1:{i:0;a:1:{i:1;d:23.0529;}}', 'a:2:{i:0;a:1:{i:1;i:116;}i:1;a:1:{i:2;d:31.62312;}}', 1080.26),
(238, 204, 1, 1, 1, NULL, 'a:1:{i:0;a:1:{i:1;d:2.425986824;}}', 'a:1:{i:0;a:1:{i:1;d:23.0529;}}', 'a:2:{i:0;a:1:{i:1;i:116;}i:1;a:1:{i:2;d:31.62312;}}', 1080.26),
(239, 205, 1, 1, 1, NULL, 'a:1:{i:0;a:1:{i:1;d:2.425986824;}}', 'a:1:{i:0;a:1:{i:1;d:23.0529;}}', 'a:2:{i:0;a:1:{i:1;i:116;}i:1;a:1:{i:2;d:31.62312;}}', 1080.26),
(240, 206, 1, 1, 1, NULL, 'a:1:{i:0;a:1:{i:1;d:2.425986824;}}', 'a:1:{i:0;a:1:{i:1;d:23.0529;}}', 'a:2:{i:0;a:1:{i:1;i:116;}i:1;a:1:{i:2;d:31.62312;}}', 1080.26),
(241, 207, 1, 1, 1, NULL, 'a:1:{i:0;a:1:{i:1;d:2.425986824;}}', 'a:1:{i:0;a:1:{i:1;d:23.0529;}}', 'a:2:{i:0;a:1:{i:1;i:116;}i:1;a:1:{i:2;d:31.62312;}}', 1080.26),
(242, 208, 1, 1, 1, NULL, 'a:1:{i:0;a:1:{i:1;d:2.425986824;}}', 'a:1:{i:0;a:1:{i:1;d:23.0529;}}', 'a:2:{i:0;a:1:{i:1;i:116;}i:1;a:1:{i:2;d:31.62312;}}', 1080.26),
(243, 209, 1, 1, 1, NULL, 'a:1:{i:0;a:1:{i:1;d:2.425986824;}}', 'a:1:{i:0;a:1:{i:1;d:23.0529;}}', 'a:2:{i:0;a:1:{i:1;i:116;}i:1;a:1:{i:2;d:31.62312;}}', 1080.26),
(244, 210, 1, 1, 1, NULL, 'a:1:{i:0;a:1:{i:1;d:2.425986824;}}', 'a:1:{i:0;a:1:{i:1;d:23.0529;}}', 'a:2:{i:0;a:1:{i:1;i:116;}i:1;a:1:{i:2;d:31.62312;}}', 1080.26),
(245, 211, 1, 1, 1, NULL, 'a:1:{i:0;a:1:{i:1;d:2.425986824;}}', 'a:1:{i:0;a:1:{i:1;d:23.0529;}}', 'a:2:{i:0;a:1:{i:1;i:116;}i:1;a:1:{i:2;d:31.62312;}}', 1080.26),
(246, 212, 1, 1, 1, NULL, 'a:1:{i:0;a:1:{i:1;d:2.425986824;}}', 'a:1:{i:0;a:1:{i:1;d:23.0529;}}', 'a:2:{i:0;a:1:{i:1;i:116;}i:1;a:1:{i:2;d:31.62312;}}', 1080.26),
(247, 213, 1, 1, 1, NULL, 'a:1:{i:0;a:1:{i:1;d:2.425986824;}}', 'a:1:{i:0;a:1:{i:1;d:23.0529;}}', 'a:2:{i:0;a:1:{i:1;i:116;}i:1;a:1:{i:2;d:31.62312;}}', 1080.26),
(248, 214, 1, 1, 1, NULL, 'a:1:{i:0;a:1:{i:1;d:2.425986824;}}', 'a:1:{i:0;a:1:{i:1;d:23.0529;}}', 'a:2:{i:0;a:1:{i:1;i:116;}i:1;a:1:{i:2;d:31.62312;}}', 1080.26),
(249, 215, 1, 1, 1, NULL, 'a:1:{i:0;a:1:{i:1;d:2.425986824;}}', 'a:1:{i:0;a:1:{i:1;d:23.0529;}}', 'a:2:{i:0;a:1:{i:1;i:116;}i:1;a:1:{i:2;d:31.62312;}}', 1080.26),
(250, 216, 1, 1, 1, NULL, 'a:1:{i:0;a:1:{i:1;d:2.425986824;}}', 'a:1:{i:0;a:1:{i:1;d:23.0529;}}', 'a:2:{i:0;a:1:{i:1;i:116;}i:1;a:1:{i:2;d:31.62312;}}', 1080.26),
(251, 217, 1, 1, 1, NULL, 'a:1:{i:0;a:1:{i:1;d:2.425986824;}}', 'a:1:{i:0;a:1:{i:1;d:23.0529;}}', 'a:2:{i:0;a:1:{i:1;i:116;}i:1;a:1:{i:2;d:31.62312;}}', 1080.26),
(252, 218, 1, 1, 1, NULL, 'a:1:{i:0;a:1:{i:1;d:2.425986824;}}', 'a:1:{i:0;a:1:{i:1;d:23.0529;}}', 'a:2:{i:0;a:1:{i:1;i:116;}i:1;a:1:{i:2;d:31.62312;}}', 1080.26),
(253, 219, 1, 1, 1, NULL, 'a:1:{i:0;a:1:{i:1;d:2.425986824;}}', 'a:1:{i:0;a:1:{i:1;d:23.0529;}}', 'a:2:{i:0;a:1:{i:1;i:116;}i:1;a:1:{i:2;d:31.62312;}}', 1080.26),
(254, 220, 1, 1, 1, NULL, 'a:1:{i:0;a:1:{i:1;d:2.425986824;}}', 'a:1:{i:0;a:1:{i:1;d:23.0529;}}', 'a:2:{i:0;a:1:{i:1;i:116;}i:1;a:1:{i:2;d:31.62312;}}', 1080.26),
(255, 221, 1, 1, 1, NULL, 'a:1:{i:0;a:1:{i:1;d:2.425986824;}}', 'a:1:{i:0;a:1:{i:1;d:23.0529;}}', 'a:2:{i:0;a:1:{i:1;i:116;}i:1;a:1:{i:2;d:31.62312;}}', 1080.26),
(256, 222, 1, 1, 1, NULL, 'a:1:{i:0;a:1:{i:1;d:2.425986824;}}', 'a:1:{i:0;a:1:{i:1;d:23.0529;}}', 'a:2:{i:0;a:1:{i:1;i:116;}i:1;a:1:{i:2;d:31.62312;}}', 1080.26),
(257, 223, 1, 1, 1, NULL, 'a:1:{i:0;a:1:{i:1;d:2.425986824;}}', 'a:1:{i:0;a:1:{i:1;d:23.0529;}}', 'a:2:{i:0;a:1:{i:1;i:116;}i:1;a:1:{i:2;d:31.62312;}}', 1080.26),
(258, 224, 1, 1, 1, NULL, 'a:1:{i:0;a:1:{i:1;d:2.425986824;}}', 'a:1:{i:0;a:1:{i:1;d:23.0529;}}', 'a:2:{i:0;a:1:{i:1;i:116;}i:1;a:1:{i:2;d:31.62312;}}', 1080.26),
(259, 225, 1, 1, 1, NULL, 'a:1:{i:0;a:1:{i:1;d:2.425986824;}}', 'a:1:{i:0;a:1:{i:1;d:23.0529;}}', 'a:2:{i:0;a:1:{i:1;i:116;}i:1;a:1:{i:2;d:31.62312;}}', 1080.26),
(260, 226, 1, 1, 1, NULL, 'a:1:{i:0;a:1:{i:1;d:2.425986824;}}', 'a:1:{i:0;a:1:{i:1;d:23.0529;}}', 'a:2:{i:0;a:1:{i:1;i:116;}i:1;a:1:{i:2;d:31.62312;}}', 1080.26),
(261, 227, 1, 1, 1, NULL, 'a:1:{i:0;a:1:{i:1;d:2.425986824;}}', 'a:1:{i:0;a:1:{i:1;d:23.0529;}}', 'a:2:{i:0;a:1:{i:1;i:116;}i:1;a:1:{i:2;d:31.62312;}}', 1080.26),
(262, 228, 1, 1, 1, NULL, 'a:1:{i:0;a:1:{i:1;d:2.425986824;}}', 'a:1:{i:0;a:1:{i:1;d:23.0529;}}', 'a:2:{i:0;a:1:{i:1;i:116;}i:1;a:1:{i:2;d:31.62312;}}', 1080.26),
(263, 229, 1, 1, 1, NULL, 'a:1:{i:0;a:1:{i:1;d:2.425986824;}}', 'a:1:{i:0;a:1:{i:1;d:23.0529;}}', 'a:2:{i:0;a:1:{i:1;i:116;}i:1;a:1:{i:2;d:31.62312;}}', 1080.26),
(264, 230, 1, 1, 1, NULL, 'a:1:{i:0;a:1:{i:1;d:2.425986824;}}', 'a:1:{i:0;a:1:{i:1;d:23.0529;}}', 'a:2:{i:0;a:1:{i:1;i:116;}i:1;a:1:{i:2;d:31.62312;}}', 1080.26),
(265, 231, 1, 1, 1, NULL, 'a:1:{i:0;a:1:{i:1;d:2.425986824;}}', 'a:1:{i:0;a:1:{i:1;d:23.0529;}}', 'a:2:{i:0;a:1:{i:1;i:116;}i:1;a:1:{i:2;d:31.62312;}}', 1080.26),
(266, 232, 1, 1, 1, NULL, 'a:1:{i:0;a:1:{i:1;d:2.425986824;}}', 'a:1:{i:0;a:1:{i:1;d:23.0529;}}', 'a:2:{i:0;a:1:{i:1;i:116;}i:1;a:1:{i:2;d:31.62312;}}', 1080.26),
(267, 233, 1, 1, 1, NULL, 'a:1:{i:0;a:1:{i:1;d:2.425986824;}}', 'a:1:{i:0;a:1:{i:1;d:23.0529;}}', 'a:2:{i:0;a:1:{i:1;i:116;}i:1;a:1:{i:2;d:31.62312;}}', 1080.26),
(268, 234, 1, 1, 1, NULL, 'a:1:{i:0;a:1:{i:1;d:2.425986824;}}', 'a:1:{i:0;a:1:{i:1;d:23.0529;}}', 'a:2:{i:0;a:1:{i:1;i:116;}i:1;a:1:{i:2;d:31.62312;}}', 1080.26),
(269, 235, 1, 1, 1, NULL, 'a:1:{i:0;a:1:{i:1;d:2.425986824;}}', 'a:1:{i:0;a:1:{i:1;d:23.0529;}}', 'a:2:{i:0;a:1:{i:1;i:116;}i:1;a:1:{i:2;d:31.62312;}}', 1080.26),
(270, 236, 1, 1, 1, NULL, 'a:1:{i:0;a:1:{i:1;d:2.425986824;}}', 'a:1:{i:0;a:1:{i:1;d:23.0529;}}', 'a:2:{i:0;a:1:{i:1;i:116;}i:1;a:1:{i:2;d:31.62312;}}', 1080.26),
(271, 237, 1, 1, 1, NULL, 'a:1:{i:0;a:1:{i:1;d:2.425986824;}}', 'a:1:{i:0;a:1:{i:1;d:23.0529;}}', 'a:2:{i:0;a:1:{i:1;i:116;}i:1;a:1:{i:2;d:31.62312;}}', 1080.26),
(272, 238, 1, 1, 1, NULL, 'a:1:{i:0;a:1:{i:1;d:2.425986824;}}', 'a:1:{i:0;a:1:{i:1;d:23.0529;}}', 'a:2:{i:0;a:1:{i:1;i:116;}i:1;a:1:{i:2;d:31.62312;}}', 1080.26),
(273, 239, 1, 1, 1, NULL, 'a:1:{i:0;a:1:{i:1;d:2.425986824;}}', 'a:1:{i:0;a:1:{i:1;d:23.0529;}}', 'a:2:{i:0;a:1:{i:1;i:116;}i:1;a:1:{i:2;d:31.62312;}}', 1080.26),
(274, 240, 1, 1, 1, NULL, 'a:1:{i:0;a:1:{i:1;d:2.425986824;}}', 'a:1:{i:0;a:1:{i:1;d:23.0529;}}', 'a:2:{i:0;a:1:{i:1;i:116;}i:1;a:1:{i:2;d:31.62312;}}', 1080.26),
(275, 241, 1, 1, 1, NULL, 'a:1:{i:0;a:1:{i:1;d:2.425986824;}}', 'a:1:{i:0;a:1:{i:1;d:23.0529;}}', 'a:2:{i:0;a:1:{i:1;i:116;}i:1;a:1:{i:2;d:31.62312;}}', 1080.26),
(276, 242, 1, 1, 1, NULL, 'a:1:{i:0;a:1:{i:1;d:2.425986824;}}', 'a:1:{i:0;a:1:{i:1;d:23.0529;}}', 'a:2:{i:0;a:1:{i:1;i:116;}i:1;a:1:{i:2;d:31.62312;}}', 1080.26),
(277, 243, 1, 1, 1, NULL, 'a:1:{i:0;a:1:{i:1;d:2.425986824;}}', 'a:1:{i:0;a:1:{i:1;d:23.0529;}}', 'a:2:{i:0;a:1:{i:1;i:116;}i:1;a:1:{i:2;d:31.62312;}}', 1080.26),
(278, 244, 1, 1, 1, NULL, 'a:1:{i:0;a:1:{i:1;d:2.425986824;}}', 'a:1:{i:0;a:1:{i:1;d:23.0529;}}', 'a:2:{i:0;a:1:{i:1;i:116;}i:1;a:1:{i:2;d:31.62312;}}', 1080.26),
(279, 245, 1, 1, 1, NULL, 'a:1:{i:0;a:1:{i:1;d:2.425986824;}}', 'a:1:{i:0;a:1:{i:1;d:23.0529;}}', 'a:2:{i:0;a:1:{i:1;i:116;}i:1;a:1:{i:2;d:31.62312;}}', 1080.26),
(280, 246, 1, 1, 1, NULL, 'a:1:{i:0;a:1:{i:1;d:2.425986824;}}', 'a:1:{i:0;a:1:{i:1;d:23.0529;}}', 'a:2:{i:0;a:1:{i:1;i:116;}i:1;a:1:{i:2;d:31.62312;}}', 1080.26),
(281, 247, 1, 1, 1, NULL, 'a:1:{i:0;a:1:{i:1;d:2.425986824;}}', 'a:1:{i:0;a:1:{i:1;d:23.0529;}}', 'a:2:{i:0;a:1:{i:1;i:116;}i:1;a:1:{i:2;d:31.62312;}}', 1080.26),
(282, 248, 1, 1, 1, NULL, 'a:1:{i:0;a:1:{i:1;d:2.425986824;}}', 'a:1:{i:0;a:1:{i:1;d:23.0529;}}', 'a:2:{i:0;a:1:{i:1;i:116;}i:1;a:1:{i:2;d:31.62312;}}', 1080.26),
(283, 249, 1, 1, 1, NULL, 'a:1:{i:0;a:1:{i:1;d:2.425986824;}}', 'a:1:{i:0;a:1:{i:1;d:23.0529;}}', 'a:2:{i:0;a:1:{i:1;i:116;}i:1;a:1:{i:2;d:31.62312;}}', 1080.26),
(284, 250, 1, 1, 1, NULL, 'a:1:{i:0;a:1:{i:1;d:2.425986824;}}', 'a:1:{i:0;a:1:{i:1;d:23.0529;}}', 'a:2:{i:0;a:1:{i:1;i:116;}i:1;a:1:{i:2;d:31.62312;}}', 1080.26),
(285, 251, 1, 1, 1, NULL, 'a:1:{i:0;a:1:{i:1;d:2.425986824;}}', 'a:1:{i:0;a:1:{i:1;d:23.0529;}}', 'a:2:{i:0;a:1:{i:1;i:116;}i:1;a:1:{i:2;d:31.62312;}}', 1080.26),
(286, 252, 1, 1, 1, NULL, 'a:1:{i:0;a:1:{i:1;d:2.425986824;}}', 'a:1:{i:0;a:1:{i:1;d:23.0529;}}', 'a:2:{i:0;a:1:{i:1;i:116;}i:1;a:1:{i:2;d:31.62312;}}', 1080.26),
(287, 253, 1, 1, 1, NULL, 'a:1:{i:0;a:1:{i:1;d:2.425986824;}}', 'a:1:{i:0;a:1:{i:1;d:23.0529;}}', 'a:2:{i:0;a:1:{i:1;i:116;}i:1;a:1:{i:2;d:31.62312;}}', 1080.26),
(288, 254, 1, 1, 1, NULL, 'a:1:{i:0;a:1:{i:1;d:2.425986824;}}', 'a:1:{i:0;a:1:{i:1;d:23.0529;}}', 'a:2:{i:0;a:1:{i:1;i:116;}i:1;a:1:{i:2;d:31.62312;}}', 1080.26),
(289, 255, 1, 1, 1, NULL, 'a:1:{i:0;a:1:{i:1;d:2.425986824;}}', 'a:1:{i:0;a:1:{i:1;d:23.0529;}}', 'a:2:{i:0;a:1:{i:1;i:116;}i:1;a:1:{i:2;d:31.62312;}}', 1080.26),
(290, 256, 1, 1, 1, NULL, 'a:1:{i:0;a:1:{i:1;d:2.425986824;}}', 'a:1:{i:0;a:1:{i:1;d:23.0529;}}', 'a:2:{i:0;a:1:{i:1;i:116;}i:1;a:1:{i:2;d:31.62312;}}', 1080.26),
(291, 257, 1, 1, 1, NULL, 'a:1:{i:0;a:1:{i:1;d:2.425986824;}}', 'a:1:{i:0;a:1:{i:1;d:23.0529;}}', 'a:2:{i:0;a:1:{i:1;i:116;}i:1;a:1:{i:2;d:31.62312;}}', 1080.26),
(292, 258, 1, 1, 1, NULL, 'a:1:{i:0;a:1:{i:1;d:2.425986824;}}', 'a:1:{i:0;a:1:{i:1;d:23.0529;}}', 'a:2:{i:0;a:1:{i:1;i:116;}i:1;a:1:{i:2;d:31.62312;}}', 1080.26),
(293, 259, 1, 1, 1, NULL, 'a:1:{i:0;a:1:{i:1;d:2.425986824;}}', 'a:1:{i:0;a:1:{i:1;d:23.0529;}}', 'a:2:{i:0;a:1:{i:1;i:116;}i:1;a:1:{i:2;d:31.62312;}}', 1080.26),
(294, 260, 1, 1, 1, NULL, 'a:1:{i:0;a:1:{i:1;d:2.425986824;}}', 'a:1:{i:0;a:1:{i:1;d:23.0529;}}', 'a:2:{i:0;a:1:{i:1;i:116;}i:1;a:1:{i:2;d:31.62312;}}', 1080.26),
(295, 261, 1, 1, 1, NULL, 'a:1:{i:0;a:1:{i:1;d:2.425986824;}}', 'a:1:{i:0;a:1:{i:1;d:23.0529;}}', 'a:2:{i:0;a:1:{i:1;i:116;}i:1;a:1:{i:2;d:31.62312;}}', 1080.26),
(296, 262, 1, 1, 1, NULL, 'a:1:{i:0;a:1:{i:1;d:2.425986824;}}', 'a:1:{i:0;a:1:{i:1;d:23.0529;}}', 'a:2:{i:0;a:1:{i:1;i:116;}i:1;a:1:{i:2;d:31.62312;}}', 1080.26),
(297, 263, 1, 1, 1, NULL, 'a:1:{i:0;a:1:{i:1;d:2.425986824;}}', 'a:1:{i:0;a:1:{i:1;d:23.0529;}}', 'a:2:{i:0;a:1:{i:1;i:116;}i:1;a:1:{i:2;d:31.62312;}}', 1080.26),
(298, 264, 1, 1, 1, NULL, 'a:1:{i:0;a:1:{i:1;d:2.425986824;}}', 'a:1:{i:0;a:1:{i:1;d:23.0529;}}', 'a:2:{i:0;a:1:{i:1;i:116;}i:1;a:1:{i:2;d:31.62312;}}', 1080.26),
(299, 265, 1, 1, 1, NULL, 'a:1:{i:0;a:1:{i:1;d:2.425986824;}}', 'a:1:{i:0;a:1:{i:1;d:23.0529;}}', 'a:2:{i:0;a:1:{i:1;i:116;}i:1;a:1:{i:2;d:31.62312;}}', 1080.26),
(300, 266, 1, 1, 1, NULL, 'a:1:{i:0;a:1:{i:1;d:2.425986824;}}', 'a:1:{i:0;a:1:{i:1;d:23.0529;}}', 'a:2:{i:0;a:1:{i:1;i:116;}i:1;a:1:{i:2;d:31.62312;}}', 1080.26),
(301, 267, 1, 1, 1, NULL, 'a:1:{i:0;a:1:{i:1;d:2.425986824;}}', 'a:1:{i:0;a:1:{i:1;d:23.0529;}}', 'a:2:{i:0;a:1:{i:1;i:116;}i:1;a:1:{i:2;d:31.62312;}}', 1080.26),
(302, 268, 1, 1, 1, NULL, 'a:1:{i:0;a:1:{i:1;d:2.425986824;}}', 'a:1:{i:0;a:1:{i:1;d:23.0529;}}', 'a:2:{i:0;a:1:{i:1;i:116;}i:1;a:1:{i:2;d:31.62312;}}', 1080.26),
(303, 269, 1, 1, 1, NULL, 'a:1:{i:0;a:1:{i:1;d:2.425986824;}}', 'a:1:{i:0;a:1:{i:1;d:23.0529;}}', 'a:2:{i:0;a:1:{i:1;i:116;}i:1;a:1:{i:2;d:31.62312;}}', 1080.26),
(304, 270, 1, 1, 1, NULL, 'a:1:{i:0;a:1:{i:1;d:2.425986824;}}', 'a:1:{i:0;a:1:{i:1;d:23.0529;}}', 'a:2:{i:0;a:1:{i:1;i:116;}i:1;a:1:{i:2;d:31.62312;}}', 1080.26),
(305, 271, 1, 1, 1, NULL, 'a:1:{i:0;a:1:{i:1;d:2.425986824;}}', 'a:1:{i:0;a:1:{i:1;d:23.0529;}}', 'a:2:{i:0;a:1:{i:1;i:116;}i:1;a:1:{i:2;d:31.62312;}}', 1080.26),
(306, 272, 1, 1, 1, NULL, 'a:1:{i:0;a:1:{i:1;d:2.425986824;}}', 'a:1:{i:0;a:1:{i:1;d:23.0529;}}', 'a:2:{i:0;a:1:{i:1;i:116;}i:1;a:1:{i:2;d:31.62312;}}', 1080.26),
(307, 273, 1, 1, 1, NULL, 'a:1:{i:0;a:1:{i:1;d:2.425986824;}}', 'a:1:{i:0;a:1:{i:1;d:23.0529;}}', 'a:2:{i:0;a:1:{i:1;i:116;}i:1;a:1:{i:2;d:31.62312;}}', 1080.26),
(308, 274, 1, 1, 1, NULL, 'a:1:{i:0;a:1:{i:1;d:2.425986824;}}', 'a:1:{i:0;a:1:{i:1;d:23.0529;}}', 'a:2:{i:0;a:1:{i:1;i:116;}i:1;a:1:{i:2;d:31.62312;}}', 1080.26),
(309, 275, 1, 1, 1, NULL, 'a:1:{i:0;a:1:{i:1;d:2.425986824;}}', 'a:1:{i:0;a:1:{i:1;d:23.0529;}}', 'a:2:{i:0;a:1:{i:1;i:116;}i:1;a:1:{i:2;d:31.62312;}}', 1080.26),
(310, 276, 1, 1, 1, NULL, 'a:1:{i:0;a:1:{i:1;d:2.425986824;}}', 'a:1:{i:0;a:1:{i:1;d:23.0529;}}', 'a:2:{i:0;a:1:{i:1;i:116;}i:1;a:1:{i:2;d:31.62312;}}', 1080.26),
(311, 277, 1, 1, 1, NULL, 'a:1:{i:0;a:1:{i:1;d:2.425986824;}}', 'a:1:{i:0;a:1:{i:1;d:23.0529;}}', 'a:2:{i:0;a:1:{i:1;i:116;}i:1;a:1:{i:2;d:31.62312;}}', 1080.26),
(312, 278, 1, 1, 1, NULL, 'a:1:{i:0;a:1:{i:1;d:2.425986824;}}', 'a:1:{i:0;a:1:{i:1;d:23.0529;}}', 'a:2:{i:0;a:1:{i:1;i:116;}i:1;a:1:{i:2;d:31.62312;}}', 1080.26),
(313, 279, 1, 1, 1, NULL, 'a:1:{i:0;a:1:{i:1;d:2.425986824;}}', 'a:1:{i:0;a:1:{i:1;d:23.0529;}}', 'a:2:{i:0;a:1:{i:1;i:116;}i:1;a:1:{i:2;d:31.62312;}}', 1080.26),
(314, 280, 1, 1, 1, NULL, 'a:1:{i:0;a:1:{i:1;d:2.425986824;}}', 'a:1:{i:0;a:1:{i:1;d:23.0529;}}', 'a:2:{i:0;a:1:{i:1;i:116;}i:1;a:1:{i:2;d:31.62312;}}', 1080.26),
(315, 281, 1, 1, 1, NULL, 'a:1:{i:0;a:1:{i:1;d:2.425986824;}}', 'a:1:{i:0;a:1:{i:1;d:23.0529;}}', 'a:2:{i:0;a:1:{i:1;i:116;}i:1;a:1:{i:2;d:31.62312;}}', 1080.26),
(316, 282, 1, 1, 1, NULL, 'a:1:{i:0;a:1:{i:1;d:2.425986824;}}', 'a:1:{i:0;a:1:{i:1;d:23.0529;}}', 'a:2:{i:0;a:1:{i:1;i:116;}i:1;a:1:{i:2;d:31.62312;}}', 1080.26),
(317, 283, 1, 1, 1, NULL, 'a:1:{i:0;a:1:{i:1;d:2.425986824;}}', 'a:1:{i:0;a:1:{i:1;d:23.0529;}}', 'a:2:{i:0;a:1:{i:1;i:116;}i:1;a:1:{i:2;d:31.62312;}}', 1080.26),
(318, 284, 1, 1, 1, NULL, 'a:1:{i:0;a:1:{i:1;d:2.425986824;}}', 'a:1:{i:0;a:1:{i:1;d:23.0529;}}', 'a:2:{i:0;a:1:{i:1;i:116;}i:1;a:1:{i:2;d:31.62312;}}', 1080.26),
(319, 285, 1, 1, 1, NULL, 'a:1:{i:0;a:1:{i:1;d:2.425986824;}}', 'a:1:{i:0;a:1:{i:1;d:23.0529;}}', 'a:2:{i:0;a:1:{i:1;i:116;}i:1;a:1:{i:2;d:31.62312;}}', 1080.26),
(320, 286, 1, 1, 1, NULL, 'a:1:{i:0;a:1:{i:1;d:2.425986824;}}', 'a:1:{i:0;a:1:{i:1;d:23.0529;}}', 'a:2:{i:0;a:1:{i:1;i:116;}i:1;a:1:{i:2;d:31.62312;}}', 1080.26),
(321, 287, 1, 1, 1, NULL, 'a:1:{i:0;a:1:{i:1;d:2.425986824;}}', 'a:1:{i:0;a:1:{i:1;d:23.0529;}}', 'a:2:{i:0;a:1:{i:1;i:116;}i:1;a:1:{i:2;d:31.62312;}}', 1080.26),
(322, 288, 1, 1, 1, NULL, 'a:1:{i:0;a:1:{i:1;d:2.425986824;}}', 'a:1:{i:0;a:1:{i:1;d:23.0529;}}', 'a:2:{i:0;a:1:{i:1;i:116;}i:1;a:1:{i:2;d:31.62312;}}', 1080.26),
(323, 289, 1, 1, 1, NULL, 'a:1:{i:0;a:1:{i:1;d:2.425986824;}}', 'a:1:{i:0;a:1:{i:1;d:23.0529;}}', 'a:2:{i:0;a:1:{i:1;i:116;}i:1;a:1:{i:2;d:31.62312;}}', 1080.26),
(324, 290, 1, 1, 1, NULL, NULL, NULL, NULL, 1080.26),
(325, 291, 1, 1, 1, NULL, NULL, NULL, NULL, 1080.26),
(326, 292, 1, 1, 1, NULL, NULL, NULL, NULL, 1080.26),
(327, 293, 1, 1, 1, NULL, NULL, NULL, NULL, 1080.26),
(328, 294, 1, 1, 1, NULL, NULL, NULL, NULL, 1080.26),
(329, 295, 1, 1, 1, NULL, NULL, NULL, NULL, 1080.26),
(330, 296, 1, 1, 1, NULL, NULL, NULL, NULL, 1080.26),
(331, 297, 1, 1, 1, NULL, NULL, NULL, NULL, 1080.26),
(332, 298, 1, 1, 1, NULL, NULL, NULL, NULL, 1080.26),
(333, 299, 1, 1, 1, NULL, NULL, NULL, NULL, 1080.26),
(334, 300, 1, 1, 1, NULL, NULL, NULL, NULL, 1080.26),
(335, 301, 1, 1, 1, NULL, NULL, NULL, NULL, 1080.26),
(336, 302, 1, 1, 1, NULL, NULL, NULL, NULL, 1080.26),
(337, 303, 1, 1, 1, NULL, 'a:1:{i:0;a:1:{i:1;d:2.425986824;}}', 'a:1:{i:0;a:1:{i:1;d:23.0529;}}', 'a:2:{i:0;a:1:{i:1;i:116;}i:1;a:1:{i:2;d:31.62312;}}', 1080.26),
(339, 304, 1, 2, 1, NULL, NULL, NULL, NULL, 1080.26),
(340, 305, 1, 1, 1, NULL, 'a:1:{i:0;a:1:{i:1;d:2.425986824;}}', 'a:1:{i:0;a:1:{i:1;d:23.0529;}}', 'a:2:{i:0;a:1:{i:1;i:116;}i:1;a:1:{i:2;d:31.62312;}}', 1080.26),
(341, 306, 1, 1, 1, NULL, 'a:1:{i:0;a:1:{i:1;d:2.425986824;}}', 'a:1:{i:0;a:1:{i:1;d:23.0529;}}', 'a:2:{i:0;a:1:{i:1;i:116;}i:1;a:1:{i:2;d:31.62312;}}', 1080.26),
(342, 307, 1, 1, 1, NULL, 'a:1:{i:0;a:1:{i:1;d:2.425986824;}}', 'a:1:{i:0;a:1:{i:1;d:23.0529;}}', 'a:2:{i:0;a:1:{i:1;i:116;}i:1;a:1:{i:2;d:31.62312;}}', 1080.26),
(343, 308, 1, 1, 1, NULL, 'a:1:{i:0;a:1:{i:1;d:2.425986824;}}', 'a:1:{i:0;a:1:{i:1;d:23.0529;}}', 'a:2:{i:0;a:1:{i:1;i:116;}i:1;a:1:{i:2;d:31.62312;}}', 1080.26),
(344, 309, 1, 1, 1, NULL, 'a:1:{i:0;a:1:{i:1;d:2.425986824;}}', 'a:1:{i:0;a:1:{i:1;d:23.0529;}}', 'a:2:{i:0;a:1:{i:1;i:116;}i:1;a:1:{i:2;d:31.62312;}}', 1080.26),
(345, 310, 1, 1, 1, NULL, 'a:1:{i:0;a:1:{i:1;d:2.425986824;}}', 'a:1:{i:0;a:1:{i:1;d:23.0529;}}', 'a:2:{i:0;a:1:{i:1;i:116;}i:1;a:1:{i:2;d:31.62312;}}', 1080.26),
(346, 311, 1, 1, 1, NULL, 'a:1:{i:0;a:1:{i:1;d:2.425986824;}}', 'a:1:{i:0;a:1:{i:1;d:23.0529;}}', 'a:2:{i:0;a:1:{i:1;i:116;}i:1;a:1:{i:2;d:31.62312;}}', 1080.26),
(347, 312, 1, 1, 1, NULL, 'a:1:{i:0;a:1:{i:1;d:2.425986824;}}', 'a:1:{i:0;a:1:{i:1;d:23.0529;}}', 'a:2:{i:0;a:1:{i:1;i:116;}i:1;a:1:{i:2;d:31.62312;}}', 1080.26),
(348, 313, 1, 1, 1, NULL, 'a:1:{i:0;a:1:{i:1;d:2.425986824;}}', 'a:1:{i:0;a:1:{i:1;d:23.0529;}}', 'a:2:{i:0;a:1:{i:1;i:116;}i:1;a:1:{i:2;d:31.62312;}}', 1080.26),
(349, 314, 1, 1, 1, NULL, 'a:1:{i:0;a:1:{i:1;d:2.425986824;}}', 'a:1:{i:0;a:1:{i:1;d:23.0529;}}', 'a:2:{i:0;a:1:{i:1;i:116;}i:1;a:1:{i:2;d:31.62312;}}', 1080.26),
(350, 315, 1, 1, 1, NULL, 'a:1:{i:0;a:1:{i:1;d:2.425986824;}}', 'a:1:{i:0;a:1:{i:1;d:23.0529;}}', 'a:2:{i:0;a:1:{i:1;i:116;}i:1;a:1:{i:2;d:31.62312;}}', 1080.26),
(351, 316, 1, 1, 1, NULL, 'a:1:{i:0;a:1:{i:1;d:2.425986824;}}', 'a:1:{i:0;a:1:{i:1;d:23.0529;}}', 'a:2:{i:0;a:1:{i:1;i:116;}i:1;a:1:{i:2;d:31.62312;}}', 1080.26),
(352, 317, 1, 1, 1, NULL, 'a:1:{i:0;a:1:{i:1;d:2.425986824;}}', 'a:1:{i:0;a:1:{i:1;d:23.0529;}}', 'a:2:{i:0;a:1:{i:1;i:116;}i:1;a:1:{i:2;d:31.62312;}}', 1080.26),
(353, 318, 1, 1, 1, NULL, 'a:1:{i:0;a:1:{i:1;d:2.425986824;}}', 'a:1:{i:0;a:1:{i:1;d:23.0529;}}', 'a:2:{i:0;a:1:{i:1;i:116;}i:1;a:1:{i:2;d:31.62312;}}', 1080.26),
(354, 319, 1, 1, 1, NULL, 'a:1:{i:0;a:1:{i:1;d:2.425986824;}}', 'a:1:{i:0;a:1:{i:1;d:23.0529;}}', 'a:2:{i:0;a:1:{i:1;i:116;}i:1;a:1:{i:2;d:31.62312;}}', 1080.26),
(355, 320, 1, 1, 1, NULL, 'a:1:{i:0;a:1:{i:1;d:2.425986824;}}', 'a:1:{i:0;a:1:{i:1;d:23.0529;}}', 'a:2:{i:0;a:1:{i:1;i:116;}i:1;a:1:{i:2;d:31.62312;}}', 1080.26);
INSERT INTO `order_product` (`order_product_id`, `order_id`, `product_id`, `qty`, `out_stock_status`, `base_charge`, `tax`, `other_charge`, `discount`, `netAmount`) VALUES
(356, 321, 1, 1, 1, NULL, 'a:1:{i:0;a:1:{i:1;d:2.425986824;}}', 'a:1:{i:0;a:1:{i:1;d:23.0529;}}', 'a:2:{i:0;a:1:{i:1;i:116;}i:1;a:1:{i:2;d:31.62312;}}', 1080.26),
(357, 322, 1, 1, 1, NULL, 'a:1:{i:0;a:1:{i:1;d:2.425986824;}}', 'a:1:{i:0;a:1:{i:1;d:23.0529;}}', 'a:2:{i:0;a:1:{i:1;i:116;}i:1;a:1:{i:2;d:31.62312;}}', 1080.26),
(358, 323, 1, 1, 1, NULL, 'a:1:{i:0;a:1:{i:1;d:2.425986824;}}', 'a:1:{i:0;a:1:{i:1;d:23.0529;}}', 'a:2:{i:0;a:1:{i:1;i:116;}i:1;a:1:{i:2;d:31.62312;}}', 1080.26),
(359, 324, 1, 1, 1, NULL, 'a:1:{i:0;a:1:{i:1;d:2.425986824;}}', 'a:1:{i:0;a:1:{i:1;d:23.0529;}}', 'a:2:{i:0;a:1:{i:1;i:116;}i:1;a:1:{i:2;d:31.62312;}}', 1080.26),
(360, 325, 1, 1, 1, NULL, 'a:1:{i:0;a:1:{i:1;d:2.425986824;}}', 'a:1:{i:0;a:1:{i:1;d:23.0529;}}', 'a:2:{i:0;a:1:{i:1;i:116;}i:1;a:1:{i:2;d:31.62312;}}', 1080.26),
(361, 326, 1, 1, 1, NULL, 'a:1:{i:0;a:1:{i:1;d:2.425986824;}}', 'a:1:{i:0;a:1:{i:1;d:23.0529;}}', 'a:2:{i:0;a:1:{i:1;i:116;}i:1;a:1:{i:2;d:31.62312;}}', 1080.26),
(362, 327, 1, 1, 1, NULL, 'a:1:{i:0;a:1:{i:1;d:2.425986824;}}', 'a:1:{i:0;a:1:{i:1;d:23.0529;}}', 'a:2:{i:0;a:1:{i:1;i:116;}i:1;a:1:{i:2;d:31.62312;}}', 1080.26),
(363, 328, 1, 1, 1, NULL, 'a:1:{i:0;a:1:{i:1;d:2.425986824;}}', 'a:1:{i:0;a:1:{i:1;d:23.0529;}}', 'a:2:{i:0;a:1:{i:1;i:116;}i:1;a:1:{i:2;d:31.62312;}}', 1080.26),
(364, 329, 1, 1, 1, NULL, 'a:1:{i:0;a:1:{i:1;d:2.425986824;}}', 'a:1:{i:0;a:1:{i:1;d:23.0529;}}', 'a:2:{i:0;a:1:{i:1;i:116;}i:1;a:1:{i:2;d:31.62312;}}', 1080.26),
(365, 330, 1, 1, 1, NULL, 'a:1:{i:0;a:1:{i:1;d:2.425986824;}}', 'a:1:{i:0;a:1:{i:1;d:23.0529;}}', 'a:2:{i:0;a:1:{i:1;i:116;}i:1;a:1:{i:2;d:31.62312;}}', 1080.26),
(366, 331, 1, 1, 1, NULL, 'a:1:{i:0;a:1:{i:1;d:2.425986824;}}', 'a:1:{i:0;a:1:{i:1;d:23.0529;}}', 'a:2:{i:0;a:1:{i:1;i:116;}i:1;a:1:{i:2;d:31.62312;}}', 1080.26),
(367, 332, 1, 1, 1, NULL, 'a:1:{i:0;a:1:{i:1;d:2.425986824;}}', 'a:1:{i:0;a:1:{i:1;d:23.0529;}}', 'a:2:{i:0;a:1:{i:1;i:116;}i:1;a:1:{i:2;d:31.62312;}}', 1080.26),
(368, 333, 1, 1, 1, NULL, 'a:1:{i:0;a:1:{i:1;d:2.425986824;}}', 'a:1:{i:0;a:1:{i:1;d:23.0529;}}', 'a:2:{i:0;a:1:{i:1;i:116;}i:1;a:1:{i:2;d:31.62312;}}', 1080.26),
(370, 334, 1, 1, 1, NULL, NULL, NULL, NULL, 1080.26),
(372, 335, 1, 1, 1, NULL, NULL, NULL, NULL, 1080.26),
(374, 336, 1, 2, 1, NULL, NULL, NULL, NULL, 1080.26),
(376, 337, 1, 1, 1, NULL, NULL, NULL, NULL, 1080.26),
(378, 338, 1, 2, 1, NULL, NULL, NULL, NULL, 1080.26),
(390, 340, 2, 1, 1, NULL, NULL, NULL, NULL, 1285.00),
(392, 341, 1, 2, 1, NULL, NULL, NULL, NULL, 1749.51),
(397, 342, 1, 3, 1, '1764.00', 'a:1:{i:0;a:1:{i:1;d:4.0112;}}', 'a:1:{i:0;a:1:{i:1;d:1.50345;}}', 'a:2:{i:0;a:1:{i:1;i:20;}i:1;a:1:{i:2;s:1:\"0\";}}', 1749.51),
(398, 342, 2, 2, 1, NULL, NULL, NULL, NULL, 1285.00),
(401, 343, 1, 2, 1, '1764.00', 'a:1:{i:0;a:1:{i:1;d:4.0112;}}', 'a:1:{i:0;a:1:{i:1;d:1.50345;}}', 'a:2:{i:0;a:1:{i:1;i:20;}i:1;a:1:{i:2;s:1:\"0\";}}', 1749.51),
(402, 343, 2, 3, 1, NULL, NULL, NULL, NULL, 1285.00),
(404, 344, 1, 1, 1, '1764.00', 'a:1:{i:0;a:1:{i:1;d:4.0112;}}', 'a:1:{i:0;a:1:{i:1;d:1.50345;}}', 'a:2:{i:0;a:1:{i:1;i:20;}i:1;a:1:{i:2;s:1:\"0\";}}', 1749.51),
(406, 345, 1, 4, 1, NULL, NULL, NULL, NULL, 1749.51),
(408, 346, 1, 1, 1, NULL, NULL, NULL, NULL, 1749.51),
(409, 347, 2, 1, 1, NULL, 'a:1:{i:0;a:1:{i:1;s:1:\"0\";}}', 'a:1:{i:0;a:1:{i:1;s:1:\"0\";}}', 'a:2:{i:0;a:1:{i:1;i:215;}i:1;a:1:{i:2;s:1:\"0\";}}', 1285.00),
(410, 347, 1, 1, 1, NULL, NULL, NULL, NULL, 1749.51),
(412, 348, 1, 2, 1, NULL, NULL, NULL, NULL, 1749.51),
(414, 349, 1, 2, 1, NULL, NULL, NULL, NULL, 1749.51),
(416, 350, 1, 1, 1, NULL, NULL, NULL, NULL, 1749.51),
(417, 351, 1, 1, 1, NULL, NULL, NULL, NULL, 1749.51),
(419, 339, 2, 1, 1, NULL, NULL, NULL, NULL, 1285.00),
(420, 352, 2, 4, 1, NULL, 'a:1:{i:0;a:1:{i:1;s:1:\"0\";}}', 'a:1:{i:0;a:1:{i:1;s:1:\"0\";}}', 'a:2:{i:0;a:1:{i:1;i:215;}i:1;a:1:{i:2;s:1:\"0\";}}', 1285.00),
(423, 353, 1, 5, 1, NULL, NULL, NULL, NULL, 1749.51),
(424, 353, 2, 2, 1, NULL, NULL, NULL, NULL, 1285.00),
(426, 354, 1, 1, 1, NULL, NULL, NULL, NULL, 1749.51),
(428, 355, 1, 2, 1, NULL, NULL, NULL, NULL, 1749.51),
(431, 356, 1, 2, 1, NULL, NULL, NULL, NULL, 1749.51),
(432, 356, 2, 1, 1, NULL, NULL, NULL, NULL, 1285.00),
(434, 357, 1, 2, 1, NULL, NULL, NULL, NULL, 1749.51),
(436, 358, 1, 2, 1, NULL, NULL, NULL, NULL, 1749.51),
(440, 359, 1, 2, 1, NULL, NULL, NULL, NULL, 1749.51),
(441, 359, 2, 2, 1, NULL, NULL, NULL, NULL, 1285.00),
(444, 360, 2, 2, 1, '1500.00', 'a:1:{i:0;a:1:{i:1;s:1:\"0\";}}', 'a:1:{i:0;a:1:{i:1;s:1:\"0\";}}', 'a:2:{i:0;a:1:{i:1;i:215;}i:1;a:1:{i:2;s:1:\"0\";}}', 1285.00),
(473, 361, 1, 3, 1, NULL, NULL, NULL, NULL, 1794.12),
(474, 361, 2, 2, 1, NULL, NULL, NULL, NULL, 2380.98),
(479, 362, 1, 2, 1, NULL, NULL, NULL, NULL, 1794.12),
(480, 362, 2, 1, 1, NULL, NULL, NULL, NULL, 2380.98),
(488, 363, 1, 2, 1, NULL, NULL, NULL, NULL, 1794.12),
(489, 363, 2, 1, 1, NULL, NULL, NULL, NULL, 2380.98),
(491, 364, 2, 1, 1, NULL, NULL, NULL, NULL, 2380.98),
(495, 365, 1, 2, 1, NULL, NULL, NULL, NULL, 1794.12),
(496, 365, 2, 2, 1, NULL, NULL, NULL, NULL, 2380.98),
(500, 366, 1, 1, 1, NULL, NULL, NULL, NULL, 1794.12),
(501, 366, 2, 1, 1, NULL, NULL, NULL, NULL, 2380.98),
(504, 367, 1, 1, 1, NULL, NULL, NULL, NULL, 1794.12),
(505, 367, 2, 1, 1, NULL, NULL, NULL, NULL, 2380.98),
(508, 368, 2, 1, 1, NULL, NULL, NULL, NULL, 2380.98),
(517, 369, 1, 1, 1, NULL, NULL, NULL, NULL, 1794.12),
(518, 369, 2, 1, 1, NULL, NULL, NULL, NULL, 2380.98),
(520, 370, 1, 2, 1, NULL, NULL, NULL, NULL, 1794.12),
(521, 371, 1, 2, 1, NULL, NULL, NULL, NULL, 1794.12),
(522, 371, 2, 1, 1, NULL, NULL, NULL, NULL, 2380.98),
(524, 372, 2, 2, 1, NULL, NULL, NULL, NULL, 2380.98),
(526, 373, 1, 1, 1, NULL, NULL, NULL, NULL, 1794.12),
(529, 374, 1, 1, 1, NULL, NULL, NULL, NULL, 1794.12),
(530, 374, 2, 1, 1, NULL, NULL, NULL, NULL, 2380.98),
(533, 375, 1, 1, 1, NULL, NULL, NULL, NULL, 1794.12),
(534, 375, 2, 1, 1, NULL, NULL, NULL, NULL, 2380.98),
(536, 376, 1, 1, 1, NULL, NULL, NULL, NULL, 1794.12),
(538, 377, 1, 1, 1, NULL, NULL, NULL, NULL, 1794.12),
(540, 378, 3, 1, 1, NULL, NULL, NULL, NULL, 941.56),
(543, 379, 3, 1, 1, NULL, NULL, NULL, NULL, 941.56),
(545, 380, 3, 1, 1, NULL, NULL, NULL, NULL, 941.56),
(548, 381, 1, 1, 1, '2040.00', 'a:1:{i:0;a:1:{i:1;d:4.1124;}}', 'a:1:{i:0;a:1:{i:1;d:2.0046;}}', 'a:2:{i:0;a:1:{i:1;i:150;}i:1;a:1:{i:2;i:102;}}', 1794.12),
(549, 381, 3, 1, 1, NULL, NULL, NULL, NULL, 941.56),
(595, 387, 1, 1, 1, NULL, NULL, NULL, NULL, 1794.12),
(596, 387, 2, 1, 1, NULL, NULL, NULL, NULL, 2380.98),
(597, 387, 5, 1, 1, NULL, NULL, NULL, NULL, 951.58),
(603, 388, 1, 1, 1, NULL, NULL, NULL, NULL, 1794.12),
(604, 388, 2, 1, 1, NULL, NULL, NULL, NULL, 2380.98),
(605, 388, 3, 1, 1, NULL, NULL, NULL, NULL, 941.56),
(606, 388, 4, 1, 1, NULL, NULL, NULL, NULL, 1620.32),
(607, 388, 5, 1, 1, NULL, NULL, NULL, NULL, 951.58),
(619, 389, 1, 2, 1, NULL, NULL, NULL, NULL, 1794.12),
(620, 389, 2, 1, 1, NULL, NULL, NULL, NULL, 2380.98),
(621, 389, 3, 1, 1, NULL, NULL, NULL, NULL, 941.56),
(622, 389, 4, 1, 1, NULL, NULL, NULL, NULL, 1620.32),
(623, 389, 5, 1, 1, NULL, NULL, NULL, NULL, 951.58),
(635, 390, 1, 2, 1, NULL, NULL, NULL, NULL, 1794.12),
(636, 390, 2, 1, 1, NULL, NULL, NULL, NULL, 2380.98),
(637, 390, 3, 1, 1, NULL, NULL, NULL, NULL, 941.56),
(638, 390, 4, 1, 1, NULL, NULL, NULL, NULL, 1620.32),
(639, 390, 5, 1, 1, NULL, NULL, NULL, NULL, 951.58),
(650, 391, 1, 1, 1, NULL, NULL, NULL, NULL, 1794.12),
(651, 391, 2, 1, 1, NULL, NULL, NULL, NULL, 2380.98),
(652, 391, 3, 1, 1, NULL, NULL, NULL, NULL, 941.56),
(653, 391, 4, 1, 1, NULL, NULL, NULL, NULL, 1620.32),
(654, 391, 5, 1, 1, NULL, NULL, NULL, NULL, 951.58),
(658, 392, 1, 1, 1, NULL, NULL, NULL, NULL, 1794.12),
(659, 392, 5, 1, 1, NULL, NULL, NULL, NULL, 951.58),
(680, 393, 2, 1, 1, NULL, NULL, NULL, NULL, 2380.98),
(681, 393, 4, 1, 1, NULL, NULL, NULL, NULL, 1620.32),
(697, 394, 2, 1, 1, NULL, NULL, NULL, NULL, 2380.98),
(698, 394, 3, 1, 1, NULL, NULL, NULL, NULL, 941.56),
(699, 394, 5, 1, 1, NULL, NULL, NULL, NULL, 951.58),
(704, 395, 2, 1, 1, NULL, NULL, NULL, NULL, 2380.98),
(705, 395, 4, 1, 1, NULL, NULL, NULL, NULL, 1620.32),
(709, 396, 1, 1, 1, NULL, NULL, NULL, NULL, 1794.12),
(710, 396, 2, 1, 1, NULL, NULL, NULL, NULL, 2380.98),
(711, 396, 3, 1, 1, NULL, NULL, NULL, NULL, 941.56),
(714, 397, 1, 1, 1, NULL, NULL, NULL, NULL, 1794.12),
(715, 397, 4, 1, 1, NULL, NULL, NULL, NULL, 1620.32),
(718, 398, 2, 1, 1, NULL, NULL, NULL, NULL, 2380.98),
(719, 398, 3, 1, 1, NULL, NULL, NULL, NULL, 941.56),
(721, 399, 3, 1, 1, NULL, NULL, NULL, NULL, 941.56),
(723, 400, 1, 1, 1, NULL, NULL, NULL, NULL, 1794.12),
(725, 401, 1, 2, 1, NULL, NULL, NULL, NULL, 1794.12),
(727, 402, 1, 1, 1, NULL, NULL, NULL, NULL, 1794.12),
(741, 403, 1, 1, 1, NULL, NULL, NULL, NULL, 1794.12),
(742, 403, 2, 1, 1, NULL, NULL, NULL, NULL, 2380.98),
(743, 403, 3, 1, 1, NULL, NULL, NULL, NULL, 941.56),
(745, 404, 1, 2, 1, NULL, NULL, NULL, NULL, 1794.12),
(749, 406, 3, 1, 1, NULL, NULL, NULL, NULL, 941.56),
(751, 405, 3, 1, 1, NULL, NULL, NULL, NULL, 941.56),
(758, 407, 2, 1, 1, NULL, NULL, NULL, NULL, 2380.98),
(761, 408, 2, 1, 1, NULL, NULL, NULL, NULL, 2380.98),
(762, 408, 4, 1, 1, NULL, NULL, NULL, NULL, 1620.32),
(764, 409, 5, 1, 1, NULL, NULL, NULL, NULL, 951.58),
(766, 410, 5, 1, 1, NULL, NULL, NULL, NULL, 951.58),
(771, 411, 2, 1, 1, NULL, NULL, NULL, NULL, 2380.98),
(772, 411, 4, 1, 1, NULL, NULL, NULL, NULL, 1620.32),
(774, 412, 4, 1, 1, NULL, NULL, NULL, NULL, 1620.32),
(777, 413, 4, 1, 1, NULL, NULL, NULL, NULL, 1620.32),
(778, 413, 5, 1, 1, NULL, NULL, NULL, NULL, 951.58),
(781, 414, 2, 1, 1, NULL, NULL, NULL, NULL, 2380.98),
(784, 415, 2, 1, 1, NULL, NULL, NULL, NULL, 2380.98),
(785, 415, 5, 1, 1, NULL, NULL, NULL, NULL, 951.58),
(789, 416, 5, 13, 1, NULL, NULL, NULL, NULL, 951.58),
(792, 417, 2, 1, 1, NULL, NULL, NULL, NULL, 2380.98),
(796, 385, 2, 1, 1, NULL, NULL, NULL, NULL, 2380.98),
(797, 385, 4, 1, 1, NULL, NULL, NULL, NULL, 1620.32),
(798, 385, 5, 1, 1, NULL, NULL, NULL, NULL, 951.58),
(800, 418, 5, 1, 1, NULL, NULL, NULL, NULL, 951.58),
(803, 419, 4, 1, 1, NULL, NULL, NULL, NULL, 1620.32),
(804, 419, 5, 1, 1, NULL, NULL, NULL, NULL, 951.58),
(806, 420, 4, 1, 1, NULL, NULL, NULL, NULL, 1620.32),
(808, 421, 2, 1, 1, NULL, NULL, NULL, NULL, 2380.98),
(811, 422, 5, 1, 1, NULL, NULL, NULL, NULL, 951.58),
(812, 422, 6, 1, 1, NULL, NULL, NULL, NULL, 1332.97);

-- --------------------------------------------------------

--
-- Table structure for table `order_product_validation`
--

CREATE TABLE `order_product_validation` (
  `order_validation_id` int(11) NOT NULL,
  `order_id` int(11) NOT NULL,
  `product_id` int(11) DEFAULT NULL,
  `validation_id` int(11) NOT NULL,
  `value` varchar(100) NOT NULL,
  `created_at` datetime NOT NULL DEFAULT CURRENT_TIMESTAMP,
  `employee_id` int(10) DEFAULT NULL
) ENGINE=InnoDB DEFAULT CHARSET=latin1;

-- --------------------------------------------------------

--
-- Table structure for table `order_questionarrie`
--

CREATE TABLE `order_questionarrie` (
  `order_question_id` int(11) NOT NULL,
  `order_id` int(11) DEFAULT NULL,
  `prospect_id` int(11) DEFAULT NULL,
  `question_id` int(11) NOT NULL,
  `ques_answer_id` int(11) NOT NULL,
  `question_text` varchar(255) NOT NULL,
  `created_at` datetime NOT NULL,
  `created_by` int(11) NOT NULL
) ENGINE=InnoDB DEFAULT CHARSET=latin1;

--
-- Dumping data for table `order_questionarrie`
--

INSERT INTO `order_questionarrie` (`order_question_id`, `order_id`, `prospect_id`, `question_id`, `ques_answer_id`, `question_text`, `created_at`, `created_by`) VALUES
(1, NULL, 2, 3, 2, 'NO', '2019-11-29 12:49:13', 320),
(2, NULL, 36, 3, 2, 'NO', '2019-11-30 12:58:39', 323),
(3, NULL, 52, 3, 2, 'NO', '2019-12-10 18:47:11', 330),
(4, NULL, 53, 3, 1, 'YES', '2019-12-10 18:53:58', 330),
(5, NULL, 12, 3, 2, 'NO', '2019-12-12 11:11:04', 320),
(6, NULL, 34, 3, 2, 'NO', '2019-12-12 14:24:32', 321),
(7, NULL, 68, 3, 2, 'NO', '2019-12-13 11:56:47', 321),
(8, NULL, 69, 3, 2, 'NO', '2019-12-13 15:45:46', 321),
(9, NULL, 131, 3, 2, 'NO', '2020-01-13 15:20:10', 340),
(10, NULL, 70, 3, 2, 'NO', '2020-01-13 18:18:52', 324);

-- --------------------------------------------------------

--
-- Table structure for table `order_request`
--

CREATE TABLE `order_request` (
  `order_id` int(11) NOT NULL,
  `year` varchar(4) DEFAULT NULL,
  `month` varchar(2) DEFAULT NULL,
  `employee_id` int(11) DEFAULT NULL,
  `product_id` int(11) DEFAULT NULL,
  `prospect_id` int(11) NOT NULL,
  `ackNo` varchar(15) DEFAULT NULL,
  `appointment_id` int(11) DEFAULT NULL COMMENT 'if applicable',
  `paymentmode_id` int(11) DEFAULT NULL,
  `emicode_id` int(11) DEFAULT NULL,
  `payAmount` float(10,2) DEFAULT NULL,
  `order_amount` float(10,2) NOT NULL DEFAULT '0.00',
  `down_payment` float(10,2) NOT NULL DEFAULT '0.00',
  `base_price` float(10,2) DEFAULT '0.00',
  `othercharges` float(10,2) DEFAULT '0.00',
  `otherdiscount` float(10,2) NOT NULL DEFAULT '0.00',
  `tot_tax` float(10,2) NOT NULL DEFAULT '0.00',
  `tot_discount` float(10,2) NOT NULL DEFAULT '0.00',
  `tot_othercharges` float(10,2) NOT NULL DEFAULT '0.00',
  `deliverer_id` int(11) DEFAULT NULL,
  `hawker` varchar(100) DEFAULT NULL,
  `request_date` date NOT NULL,
  `request_status_id` int(11) DEFAULT NULL COMMENT '1=Order inititaed;2=Out of stock;3=Document Pending;4=Payment Pending;5=Sale closed',
  `product_stock_approval` int(1) DEFAULT NULL COMMENT '1=Approved;2=Rejected',
  `reason_code` varchar(150) DEFAULT NULL,
  `latitude_value` varchar(25) DEFAULT NULL,
  `longitude_value` varchar(25) DEFAULT NULL,
  `api_status` varchar(20) DEFAULT NULL,
  `api_message` varchar(60) DEFAULT NULL,
  `api_subscriberid` varchar(255) DEFAULT NULL,
  `api_subcode` varchar(255) DEFAULT NULL,
  `created_at` datetime DEFAULT NULL ON UPDATE CURRENT_TIMESTAMP,
  `created_by` int(11) NOT NULL,
  `cash_ack` int(1) NOT NULL DEFAULT '1' COMMENT '1=cash acknowledge No,2=cash acknowledge Yes',
  `cash_ackNo` varchar(32) DEFAULT NULL,
  `payment_details` text,
  `emi_date` date DEFAULT NULL,
  `doc_pending` int(1) NOT NULL DEFAULT '0' COMMENT '1=Pending;2=confirmed',
  `doc_remarks` varchar(255) DEFAULT NULL,
  `payment_pending` int(1) NOT NULL DEFAULT '0' COMMENT '1=Pending;2=confirmed',
  `cv_status` int(1) DEFAULT NULL COMMENT '1=OI;2=CA;3=DP;4=DPC;5=AC;',
  `qb_order_no` varchar(25) DEFAULT NULL
) ENGINE=InnoDB DEFAULT CHARSET=latin1;

--
-- Dumping data for table `order_request`
--

INSERT INTO `order_request` (`order_id`, `year`, `month`, `employee_id`, `product_id`, `prospect_id`, `ackNo`, `appointment_id`, `paymentmode_id`, `emicode_id`, `payAmount`, `order_amount`, `down_payment`, `base_price`, `othercharges`, `otherdiscount`, `tot_tax`, `tot_discount`, `tot_othercharges`, `deliverer_id`, `hawker`, `request_date`, `request_status_id`, `product_stock_approval`, `reason_code`, `latitude_value`, `longitude_value`, `api_status`, `api_message`, `api_subscriberid`, `api_subcode`, `created_at`, `created_by`, `cash_ack`, `cash_ackNo`, `payment_details`, `emi_date`, `doc_pending`, `doc_remarks`, `payment_pending`, `cv_status`, `qb_order_no`) VALUES
(11, '2019', '11', 320, NULL, 2, '002-2', NULL, 1, NULL, 400.00, 1080.26, 900.00, 0.00, 0.00, 0.00, 0.00, 0.00, 0.00, 1, '', '2019-11-29', NULL, NULL, NULL, '13.03676108', '80.25435676', NULL, NULL, NULL, NULL, '2019-11-29 12:49:48', 320, 1, NULL, ':,:', '1970-01-01', 0, NULL, 0, 1, NULL),
(53, '2019', '11', 321, NULL, 4, '003-2', NULL, 1, NULL, 2085.00, 3650.26, 3085.00, 0.00, 0.00, 0.00, 0.00, 0.00, 0.00, 1, '', '2019-11-29', NULL, NULL, NULL, '13.03659441', '80.25389199', NULL, NULL, NULL, NULL, '2019-11-29 14:26:32', 321, 1, NULL, ':,:,:,:,:,:,:,:,:,:,:,:,:,:,:,:,:,:,:,:,:', '1970-01-01', 0, NULL, 0, 1, NULL),
(56, '2019', '11', 321, NULL, 3, '003-4', NULL, 2, NULL, 4257700.00, 5814531.00, 5435700.00, 0.00, 0.00, 0.00, 0.00, 0.00, 0.00, 1, '', '2019-11-29', NULL, NULL, NULL, '13.03659642', '80.25389183', NULL, NULL, NULL, NULL, '2019-11-29 14:39:45', 321, 1, NULL, 'Cheque No:235689,Cheque Date:29-11-2019,Bank Name:so,Branch Name:alwarpet,Cheque No:235689,Cheque Date:29-11-2019,Bank Name:so,Branch Name:alwarpet', '1970-01-01', 0, NULL, 0, 1, NULL),
(71, '2019', '11', 321, NULL, 30, '003-6', NULL, 1, NULL, 3370.00, 4730.52, 4370.00, 0.00, 0.00, 0.00, 0.00, 0.00, 0.00, 1, '', '2019-11-29', NULL, NULL, NULL, '13.03660366', '80.25390271', NULL, NULL, NULL, NULL, '2019-11-29 14:50:10', 321, 1, NULL, ':', '1970-01-01', 0, NULL, 0, 1, NULL),
(112, '2019', '11', 321, NULL, 35, '003-7', NULL, NULL, NULL, NULL, 0.00, 0.00, 0.00, 0.00, 0.00, 0.00, 0.00, 0.00, NULL, NULL, '2019-11-29', NULL, NULL, NULL, NULL, NULL, NULL, NULL, NULL, NULL, NULL, 321, 1, NULL, NULL, NULL, 0, NULL, 0, NULL, NULL),
(128, '2019', '11', 321, NULL, 34, '003-8', 0, 1, 0, 500.00, 1080.26, 900.00, 1080.26, 0.00, 0.00, 0.00, 0.00, 0.00, 0, '', '2019-11-29', NULL, NULL, NULL, NULL, NULL, NULL, NULL, NULL, NULL, '2019-11-29 17:46:47', 321, 1, NULL, '', '1970-01-01', 0, NULL, 0, 1, NULL),
(150, '2019', '11', 322, NULL, 29, '004-2', NULL, 3, NULL, 800.00, 2160.52, 1800.00, 0.00, 0.00, 0.00, 0.00, 0.00, 0.00, 1, '', '2019-11-30', NULL, NULL, NULL, '13.03662978', '80.25387657', NULL, NULL, NULL, NULL, '2019-11-30 11:17:45', 322, 1, NULL, ':', '1970-01-01', 0, NULL, 0, 1, NULL),
(304, '2019', '11', 327, NULL, 43, '100-1', NULL, 1, NULL, 1800.00, 2160.52, 1800.00, 2160.52, 0.00, 0.00, 0.00, 0.00, 0.00, 1, '', '2019-11-30', NULL, NULL, NULL, '13.03655182', '80.253902', NULL, NULL, NULL, NULL, '2019-11-30 15:28:07', 327, 1, NULL, ':,:', '1970-01-01', 0, NULL, 0, 1, NULL),
(333, '2019', '11', 320, NULL, 12, '002-3', 0, 1, 0, 400.00, 1080.26, 900.00, 1080.26, 0.00, 0.00, 0.00, 0.00, 0.00, 0, '', '2019-11-30', NULL, NULL, NULL, NULL, NULL, NULL, NULL, NULL, NULL, '2019-11-30 18:28:07', 320, 1, NULL, '', '1970-01-01', 0, NULL, 0, 1, NULL),
(334, '2019', '12', 321, NULL, 38, '003-9', NULL, 3, NULL, 900.00, 1080.26, 900.00, 1080.26, 0.00, 0.00, 0.00, 0.00, 0.00, 1, '', '2019-12-02', NULL, NULL, NULL, '13.03626572', '80.25372332', NULL, NULL, NULL, NULL, '2019-12-02 10:40:05', 321, 1, NULL, ':', '1970-01-01', 0, NULL, 0, 1, NULL),
(335, '2019', '12', 322, NULL, 6, '004-3', NULL, 1, NULL, 900.00, 1080.26, 900.00, 1080.26, 0.00, 0.00, 0.00, 0.00, 0.00, 1, '', '2019-12-06', NULL, NULL, NULL, '13.03660151', '80.25390051', NULL, NULL, NULL, NULL, '2019-12-06 16:39:01', 322, 1, NULL, ':', '1970-01-01', 0, NULL, 0, 1, NULL),
(336, '2019', '12', 327, NULL, 44, '100-2', NULL, 1, NULL, 1800.00, 2160.52, 1800.00, 2160.52, 0.00, 0.00, 0.00, 0.00, 0.00, 1, '', '2019-12-10', NULL, NULL, NULL, '13.0365036', '80.253942', NULL, NULL, NULL, NULL, '2019-12-10 13:50:51', 327, 1, NULL, ':', '1970-01-01', 0, NULL, 0, 1, NULL),
(337, '2019', '12', 327, NULL, 42, '100-3', NULL, 1, NULL, 900.00, 1080.26, 900.00, 1080.26, 0.00, 0.00, 0.00, 0.00, 0.00, 1, '', '2019-12-10', NULL, NULL, NULL, '13.03654032', '80.25384746', NULL, NULL, NULL, NULL, '2019-12-13 12:49:45', 327, 1, NULL, ':', '1970-01-01', 2, 'Verify', 0, 6, NULL),
(338, '2019', '12', 327, NULL, 41, '100-4', NULL, 1, NULL, 1800.00, 2160.52, 1800.00, 2160.52, 0.00, 0.00, 0.00, 0.00, 0.00, 1, '', '2019-12-10', NULL, NULL, NULL, '13.03659483', '80.25393986', NULL, NULL, NULL, NULL, '2019-12-13 12:48:25', 327, 1, NULL, ':', '1970-01-01', 0, NULL, 0, 6, NULL),
(339, '2019', '12', 327, NULL, 40, '100-5', NULL, 1, NULL, 1285.00, 1285.00, 1285.00, 1285.00, 0.00, 0.00, 0.00, 0.00, 0.00, 1, '', '2019-12-12', NULL, NULL, NULL, '13.03660968', '80.25390153', NULL, NULL, NULL, NULL, '2019-12-12 16:10:10', 327, 1, NULL, ':', '2019-12-22', 0, NULL, 0, 10, '123'),
(340, '2019', '12', 327, NULL, 39, '100-6', NULL, 1, NULL, 1285.00, 1285.00, 1285.00, 1285.00, 0.00, 0.00, 0.00, 0.00, 0.00, 1, '', '2019-12-10', NULL, NULL, NULL, '13.03656342', '80.25392312', NULL, NULL, NULL, NULL, '2019-12-10 14:53:55', 327, 1, NULL, ':', '2019-12-14', 0, NULL, 0, 10, NULL),
(341, '2019', '12', 327, NULL, 45, '100-7', NULL, 1, NULL, 3200.00, 3499.02, 3200.00, 3499.02, 0.00, 0.00, 0.00, 0.00, 0.00, 1, '', '2019-12-10', NULL, NULL, NULL, '13.03656669', '80.25391975', NULL, NULL, NULL, NULL, '2019-12-12 10:56:36', 327, 1, NULL, ':', '2019-12-21', 0, NULL, 0, 6, NULL),
(342, '2019', '12', 330, NULL, 51, 'TL101-1', NULL, 2, NULL, 7300.00, 7818.53, 7370.00, 7818.53, 0.00, 0.00, 0.00, 0.00, 0.00, 1, '', '2019-12-10', NULL, NULL, NULL, '13.03660067', '80.25390384', NULL, NULL, NULL, NULL, '2019-12-10 17:32:28', 330, 1, NULL, 'Cheque No:653254,Cheque Date:10-12-2019,Bank Name:SBI,Branch Name:alwarpet', '2019-12-13', 0, NULL, 0, 1, NULL),
(343, '2019', '12', 330, NULL, 49, 'TL101-2', NULL, 1, NULL, 7000.00, 7354.02, 7055.00, 7354.02, 0.00, 0.00, 0.00, 0.00, 0.00, 1, '', '2019-12-10', NULL, NULL, NULL, '13.0365909', '80.25386812', NULL, NULL, NULL, NULL, '2019-12-10 18:21:21', 330, 1, NULL, ':', '2019-12-10', 0, NULL, 0, 1, NULL),
(344, '2019', '12', 330, NULL, 53, 'TL101-3', NULL, 1, NULL, 1450.00, 1749.51, 1600.00, 1749.51, 0.00, 0.00, 0.00, 0.00, 0.00, 1, '', '2019-12-10', NULL, NULL, NULL, '13.03659692', '80.25387924', NULL, NULL, NULL, NULL, '2019-12-10 18:54:15', 330, 1, NULL, ':', '1970-01-01', 0, NULL, 0, 1, NULL),
(345, '2019', '12', 333, NULL, 54, 'S101-1', NULL, 1, NULL, 6400.00, 6998.04, 6400.00, 6998.04, 0.00, 0.00, 0.00, 0.00, 0.00, 1, '', '2019-12-11', NULL, NULL, NULL, '0.0', '0.0', NULL, NULL, NULL, NULL, '2019-12-11 12:45:11', 333, 1, NULL, ':', '2019-12-11', 0, NULL, 0, 1, NULL),
(346, '2019', '12', 321, NULL, 31, '003-10', NULL, 1, NULL, 1600.00, 1749.51, 1600.00, 1749.51, 0.00, 0.00, 0.00, 0.00, 0.00, 1, '', '2019-12-11', NULL, NULL, NULL, '0.0', '0.0', NULL, NULL, NULL, NULL, '2019-12-13 10:49:29', 321, 1, NULL, ':', '1970-01-01', 0, NULL, 0, 10, NULL),
(347, '2019', '12', 321, NULL, 60, '003-11', 0, 1, 0, 2735.00, 3034.51, 2885.00, 3034.51, 0.00, 0.00, 0.00, 0.00, 0.00, 0, '', '2019-12-11', NULL, NULL, NULL, NULL, NULL, NULL, NULL, NULL, NULL, '2019-12-13 10:35:26', 321, 1, NULL, '', '1970-01-01', 0, NULL, 0, 2, NULL),
(348, '2019', '12', 322, NULL, 7, '004-4', NULL, 3, NULL, 3000.25, 3499.02, 3200.00, 3499.02, 0.00, 0.00, 0.00, 0.00, 0.00, 1, '', '2019-12-11', NULL, NULL, NULL, '0.0', '0.0', NULL, NULL, NULL, NULL, '2019-12-13 11:37:23', 322, 1, NULL, ':', '2019-12-12', 0, NULL, 0, 2, NULL),
(349, '2019', '12', 327, NULL, 63, '100-8', NULL, 1, NULL, 3200.00, 3499.02, 3200.00, 3499.02, 0.00, 0.00, 0.00, 0.00, 0.00, 1, '', '2019-12-12', NULL, NULL, NULL, '13.03644055', '80.25377847', NULL, NULL, NULL, NULL, '2019-12-12 15:14:39', 327, 1, NULL, ':', '2019-12-22', 2, 'Verify', 0, 10, NULL),
(350, '2019', '12', 321, NULL, 32, '003-12', NULL, 1, NULL, 1600.00, 1749.51, 1600.00, 1749.51, 0.00, 0.00, 0.00, 0.00, 0.00, 1, '', '2019-12-12', NULL, NULL, NULL, '0.0', '0.0', NULL, NULL, NULL, NULL, '2019-12-13 11:41:46', 321, 1, NULL, ':', '1970-01-01', 2, 'verify', 0, 11, NULL),
(352, '2019', '12', 321, NULL, 33, '003-13', 0, 3, 0, 5140.00, 5140.00, 5140.00, 1285.00, 0.00, 0.00, 0.00, 0.00, 0.00, 0, '', '2019-12-12', NULL, NULL, NULL, NULL, NULL, NULL, NULL, NULL, NULL, '2019-12-12 16:11:26', 321, 1, NULL, '', '1970-01-01', 0, NULL, 0, 1, NULL),
(353, '2019', '12', 322, NULL, 8, '004-5', NULL, 1, NULL, 10570.00, 11317.55, 10570.00, 11317.55, 0.00, 0.00, 0.00, 0.00, 0.00, 1, '', '2019-12-12', NULL, NULL, NULL, '0.0', '0.0', NULL, NULL, NULL, NULL, '2019-12-13 11:35:53', 322, 1, NULL, ':', '1970-01-01', 0, NULL, 0, 10, NULL),
(354, '2019', '12', 327, NULL, 64, '100-9', NULL, 2, NULL, 1450.00, 1749.51, 1600.00, 1749.51, 0.00, 0.00, 0.00, 0.00, 0.00, 1, '', '2019-12-12', NULL, NULL, NULL, '13.03659856', '80.25388928', NULL, NULL, NULL, NULL, '2019-12-12 16:33:45', 327, 1, NULL, 'Cheque No:58599,Cheque Date:12-12-2019,Bank Name:Indian bank,Branch Name:alwarpet', '2019-12-22', 2, 'verify the Document', 2, 9, NULL),
(355, '2019', '12', 327, NULL, 62, '100-10', NULL, 1, NULL, 3200.00, 3499.02, 3200.00, 3499.02, 0.00, 0.00, 0.00, 0.00, 0.00, 1, '', '2019-12-12', NULL, NULL, NULL, '13.03661551', '80.25391938', NULL, NULL, NULL, NULL, '2019-12-12 18:57:18', 327, 1, NULL, ':', '2019-12-15', 0, NULL, 0, 2, NULL),
(356, '2019', '12', 326, NULL, 67, '007-1', NULL, 3, NULL, 4485.00, 4784.02, 4485.00, 4784.02, 0.00, 0.00, 0.00, 0.00, 0.00, 1, '', '2019-12-13', NULL, NULL, NULL, '0.0', '0.0', NULL, NULL, NULL, NULL, '2019-12-13 11:22:48', 326, 1, NULL, 'Debit card number:23568947125', '2020-01-03', 2, 'verify', 0, 10, '123'),
(357, '2019', '12', 327, NULL, 87, '100-11', NULL, 1, NULL, 3200.00, 3499.02, 3200.00, 3499.02, 0.00, 0.00, 0.00, 0.00, 0.00, 1, '', '2019-12-13', NULL, NULL, NULL, '13.03656174', '80.25388798', NULL, NULL, NULL, NULL, '2019-12-13 19:15:56', 327, 1, NULL, ':', '2019-12-21', 2, 'test', 0, 10, NULL),
(358, '2019', '12', 327, NULL, 61, '100-12', NULL, 1, NULL, 3200.00, 3499.02, 3200.00, 3499.02, 0.00, 0.00, 0.00, 0.00, 0.00, 1, '', '2019-12-13', NULL, NULL, NULL, '13.03656997', '80.25389189', NULL, NULL, NULL, NULL, '2019-12-13 19:17:22', 327, 1, NULL, ':', '2019-12-29', 0, NULL, 0, 2, NULL),
(359, '2019', '12', 327, NULL, 88, '100-13', NULL, 1, NULL, 5500.00, 6069.02, 5770.00, 6069.02, 0.00, 0.00, 0.00, 0.00, 0.00, 1, '', '2019-12-14', NULL, NULL, NULL, '13.03667435', '80.25394437', NULL, NULL, NULL, NULL, '2019-12-14 10:48:58', 327, 1, NULL, ':', '2019-12-14', 0, NULL, 0, 2, NULL),
(360, '2019', '12', 320, NULL, 13, '002-4', NULL, NULL, NULL, NULL, 0.00, 0.00, 2570.00, 0.00, 0.00, 0.00, 0.00, 0.00, NULL, NULL, '2019-12-21', NULL, NULL, NULL, '13.0366051', '80.2539036', NULL, NULL, NULL, NULL, '2019-12-21 16:43:19', 320, 1, NULL, NULL, NULL, 0, NULL, 0, NULL, NULL),
(361, '2019', '12', 322, NULL, 22, '004-6', NULL, 1, NULL, 10731.18, 10144.32, 10731.18, 10144.32, 0.00, 0.00, 0.00, 0.00, 0.00, 1, '', '2019-12-27', NULL, NULL, NULL, '0.0', '0.0', NULL, NULL, NULL, NULL, '2019-12-27 16:07:08', 322, 1, NULL, ':', '1970-01-01', 0, NULL, 0, 1, NULL),
(362, '2019', '12', 322, NULL, 25, '004-7', NULL, 3, NULL, 6556.08, 5969.22, 6556.08, 5969.22, 0.00, 0.00, 0.00, 0.00, 0.00, 1, '', '2019-12-27', NULL, NULL, NULL, '0.0', '0.0', NULL, NULL, NULL, NULL, '2019-12-27 16:14:46', 322, 1, NULL, 'Debit card number:6867580787778', '1970-01-01', 0, NULL, 0, 1, NULL),
(363, '2019', '12', 322, NULL, 28, '004-8', NULL, NULL, NULL, NULL, 0.00, 0.00, 5969.22, 0.00, 0.00, 0.00, 0.00, 0.00, NULL, NULL, '2019-12-27', NULL, NULL, NULL, '13.0366133', '80.2539', NULL, NULL, NULL, NULL, '2019-12-27 16:49:58', 322, 1, NULL, NULL, NULL, 0, NULL, 0, NULL, NULL),
(364, '2019', '12', 323, NULL, 36, '005-1', NULL, 2, NULL, 2380.98, 2380.98, 2380.98, 2380.98, 0.00, 0.00, 0.00, 0.00, 0.00, 1, '', '2019-12-30', NULL, NULL, NULL, '13.03658644', '80.25388915', NULL, NULL, NULL, NULL, '2019-12-30 10:41:21', 323, 1, NULL, 'Cheque No:568902,Cheque Date:30-12-2019,Bank Name:sbi,Branch Name:alwarpet', '2020-03-08', 0, NULL, 0, 1, NULL),
(365, '2019', '12', 335, NULL, 103, '00125-1', NULL, 3, NULL, 8350.20, 8350.20, 8350.20, 8350.20, 0.00, 0.00, 0.00, 0.00, 0.00, 1, '', '2019-12-30', NULL, NULL, NULL, '13.03656023', '80.25387843', NULL, NULL, NULL, NULL, '2019-12-30 11:27:01', 335, 1, NULL, 'Debit card number:0897643667678', '2020-01-31', 0, NULL, 0, 1, NULL),
(366, '2019', '12', 337, NULL, 106, '0236-1', NULL, 3, NULL, 4175.10, 4175.10, 4175.10, 4175.10, 0.00, 0.00, 0.00, 0.00, 0.00, 1, '', '2019-12-30', NULL, NULL, NULL, '13.03655763', '80.25388413', NULL, NULL, NULL, NULL, '2019-12-30 12:35:29', 337, 1, NULL, 'Debit card number:585000588', '1970-01-01', 0, NULL, 0, 1, NULL),
(367, '2019', '12', 337, NULL, 107, '0236-2', NULL, 3, NULL, 4175.10, 4175.10, 4175.10, 4175.10, 0.00, 0.00, 0.00, 0.00, 0.00, 1, '', '2019-12-30', NULL, NULL, NULL, '13.03652182', '80.25357033', NULL, NULL, NULL, NULL, '2019-12-30 13:58:57', 337, 1, NULL, 'Debit card number:55686886865', '1970-01-01', 1, 'Collect the document for ITR latest', 0, 3, NULL),
(368, '2019', '12', 335, NULL, 108, '00125-2', NULL, 1, NULL, 2380.98, 2380.98, 2380.98, 2380.98, 0.00, 0.00, 0.00, 0.00, 0.00, 1, '', '2019-12-30', NULL, NULL, NULL, '13.03647306', '80.2536574', NULL, NULL, NULL, NULL, '2019-12-30 14:00:41', 335, 1, NULL, ':', '1970-01-01', 0, NULL, 0, 1, NULL),
(369, '2019', '12', 335, NULL, 109, '00125-3', NULL, 1, NULL, 4175.10, 4175.10, 4175.10, 4175.10, 0.00, 0.00, 0.00, 0.00, 0.00, 1, '', '2019-12-30', NULL, NULL, NULL, '13.03675543', '80.25354179', NULL, NULL, NULL, NULL, '2019-12-30 14:02:29', 335, 1, NULL, ':', '1970-01-01', 0, NULL, 0, 1, NULL),
(370, '2019', '12', 336, NULL, 100, '00232-1', NULL, 1, NULL, 3588.24, 3588.24, 3588.24, 3588.24, 0.00, 0.00, 0.00, 0.00, 0.00, 1, '', '2019-12-30', NULL, NULL, NULL, '13.03651546', '80.25403666', NULL, NULL, NULL, NULL, '2019-12-30 14:03:46', 336, 1, NULL, ':', '1970-01-01', 0, NULL, 0, 1, NULL),
(371, '2019', '12', 338, NULL, 110, '02356-1', 0, 1, 0, 5969.22, 5969.22, 5969.22, 4175.10, 0.00, 0.00, 0.00, 0.00, 0.00, 0, '', '2019-12-30', NULL, NULL, NULL, NULL, NULL, NULL, NULL, NULL, NULL, '2019-12-30 14:05:57', 338, 1, NULL, '', '1970-01-01', 0, NULL, 0, 1, NULL),
(372, '2019', '12', 321, NULL, 84, '003-14', NULL, 1, NULL, 4761.96, 4761.96, 4761.96, 4761.96, 0.00, 0.00, 0.00, 0.00, 0.00, 1, '', '2019-12-30', NULL, NULL, NULL, '13.03663455', '80.25374618', NULL, NULL, NULL, NULL, '2019-12-30 14:07:02', 321, 1, NULL, ':', '1970-01-01', 0, NULL, 0, 1, NULL),
(373, '2019', '12', 321, NULL, 85, '003-15', NULL, 3, NULL, 1794.12, 1794.12, 1794.12, 1794.12, 0.00, 0.00, 0.00, 0.00, 0.00, 1, '', '2019-12-30', NULL, NULL, NULL, '13.03651222', '80.25398165', NULL, NULL, NULL, NULL, '2019-12-30 14:12:41', 321, 1, NULL, 'Debit card number:8906553353', '1970-01-01', 0, NULL, 0, 2, NULL),
(374, '2019', '12', 338, NULL, 111, '02356-2', NULL, 3, NULL, 4175.10, 4175.10, 4175.10, 4175.10, 0.00, 0.00, 0.00, 0.00, 0.00, 1, '', '2019-12-30', NULL, NULL, NULL, '13.0365309', '80.25398223', NULL, NULL, NULL, NULL, '2019-12-30 14:35:01', 338, 1, NULL, 'Debit card number:846706088', '1970-01-01', 0, NULL, 0, 10, NULL),
(375, '2019', '12', 336, NULL, 112, '00232-2', NULL, 3, NULL, 4175.10, 4175.10, 4175.10, 4175.10, 0.00, 0.00, 0.00, 0.00, 0.00, 1, '', '2019-12-30', NULL, NULL, NULL, '13.0366655', '80.25429655', NULL, NULL, NULL, NULL, '2019-12-30 14:33:31', 336, 1, NULL, 'Debit card number:90865800', '1970-01-01', 0, NULL, 0, 2, NULL),
(376, '2019', '12', 335, NULL, 113, '00125-4', NULL, 3, NULL, 1794.12, 1794.12, 1794.12, 1794.12, 0.00, 0.00, 0.00, 0.00, 0.00, 1, '', '2019-12-30', NULL, NULL, NULL, '13.0366655', '80.25429655', NULL, NULL, NULL, NULL, '2019-12-30 14:33:09', 335, 1, NULL, 'Debit card number:894386983229', '1970-01-01', 0, NULL, 0, 2, NULL),
(377, '2019', '12', 328, NULL, 114, '010-1', NULL, 3, NULL, 1794.12, 1794.12, 1794.12, 1794.12, 0.00, 0.00, 0.00, 0.00, 0.00, 1, '', '2019-12-30', NULL, NULL, NULL, '13.03657652', '80.25392704', NULL, NULL, NULL, NULL, '2019-12-30 14:33:51', 328, 1, NULL, 'Debit card number:37575385', '1970-01-01', 0, NULL, 0, 2, NULL),
(378, '2019', '12', 328, NULL, 115, '010-2', NULL, 3, NULL, 300.00, 941.56, 500.00, 941.56, 0.00, 0.00, 0.00, 0.00, 0.00, 1, '', '2019-12-30', NULL, NULL, NULL, '13.03664698', '80.25392266', NULL, NULL, NULL, NULL, '2019-12-30 14:39:16', 328, 1, NULL, 'Debit card number:67876707078', '1970-01-01', 0, NULL, 1, 8, NULL),
(379, '2019', '12', 338, NULL, 117, '02356-3', NULL, 1, NULL, 300.00, 941.56, 500.00, 941.56, 0.00, 0.00, 0.00, 0.00, 0.00, 1, '', '2019-12-30', NULL, NULL, NULL, '13.03661297', '80.25376878', NULL, NULL, NULL, NULL, '2019-12-30 15:39:38', 338, 1, NULL, ':', '1970-01-01', 0, NULL, 0, 6, NULL),
(380, '2019', '12', 338, NULL, 118, '02356-4', NULL, 1, NULL, 500.00, 941.56, 500.00, 941.56, 0.00, 0.00, 0.00, 0.00, 0.00, 1, '', '2019-12-30', NULL, NULL, NULL, '13.03653135', '80.25386377', NULL, NULL, NULL, NULL, '2019-12-30 15:33:06', 338, 1, NULL, ':', '1970-01-01', 0, NULL, 0, 1, NULL),
(381, '2019', '12', 320, NULL, 90, '002-5', NULL, 1, NULL, 2150.00, 2735.68, 2294.12, 2735.68, 0.00, 0.00, 0.00, 0.00, 0.00, 1, '', '2019-12-30', NULL, NULL, NULL, '13.0365805', '80.25385144', NULL, NULL, NULL, NULL, '2019-12-30 16:35:25', 320, 1, NULL, ':', '1970-01-01', 0, NULL, 0, 1, NULL),
(384, '2020', '01', 342, NULL, 123, '0035-1', NULL, NULL, NULL, NULL, 0.00, 0.00, 0.00, 0.00, 0.00, 0.00, 0.00, 0.00, NULL, NULL, '2020-01-07', NULL, NULL, NULL, NULL, NULL, NULL, NULL, NULL, NULL, NULL, 342, 1, NULL, NULL, NULL, 0, NULL, 0, NULL, NULL),
(385, '2020', '01', 338, NULL, 94, '02356-5', NULL, 1, NULL, 3300.00, 4952.88, 4332.79, 4952.88, 0.00, 0.00, 0.00, 0.00, 0.00, 1, '', '2020-01-13', NULL, NULL, NULL, '13.04185627028346', '80.23416724987328', NULL, NULL, NULL, NULL, '2020-01-13 12:52:21', 338, 1, NULL, ':', '2020-02-15', 0, NULL, 0, 2, NULL),
(387, '2020', '01', 322, NULL, 21, '004-9', NULL, 1, NULL, 4500.00, 5126.68, 5126.68, 5126.68, 0.00, 0.00, 0.00, 0.00, 0.00, 1, '', '2020-01-08', NULL, NULL, NULL, '13.03659974', '80.25387707', NULL, NULL, NULL, NULL, '2020-01-08 12:35:35', 322, 1, NULL, ':', '2020-02-08', 0, NULL, 0, 1, NULL),
(388, '2020', '01', 322, NULL, 20, '004-10', NULL, 1, NULL, 5500.00, 7688.56, 6626.91, 7688.56, 0.00, 0.00, 0.00, 0.00, 0.00, 1, '', '2020-01-08', NULL, NULL, NULL, '13.0366476', '80.25388039', NULL, NULL, NULL, NULL, '2020-01-08 12:58:18', 322, 1, NULL, ':', '2020-02-08', 1, 'Document pending', 0, 3, NULL),
(389, '2020', '01', 323, NULL, 124, '005-2', NULL, 2, NULL, 7200.00, 9482.68, 7578.49, 9482.68, 0.00, 0.00, 0.00, 0.00, 0.00, 1, '', '2020-01-08', NULL, NULL, NULL, '13.03659944', '80.25385366', NULL, NULL, NULL, NULL, '2020-01-08 16:37:29', 323, 1, NULL, 'Cheque No:235689,Cheque Date:08-01-2020,Bank Name:sbi,Branch Name:alwarpet', '2020-02-08', 0, NULL, 1, 8, NULL),
(390, '2020', '01', 323, NULL, 125, '005-3', NULL, 1, NULL, 7200.00, 9482.68, 7578.49, 9482.68, 0.00, 0.00, 0.00, 0.00, 0.00, 1, '', '2020-01-08', NULL, NULL, NULL, '13.03660432', '80.25379648', NULL, NULL, NULL, NULL, '2020-01-08 14:05:41', 323, 1, NULL, ':', '2020-02-08', 0, NULL, 0, 2, NULL),
(391, '2020', '01', 323, NULL, 37, '005-4', NULL, 2, NULL, 5500.00, 7688.56, 6626.91, 7688.56, 0.00, 0.00, 0.00, 0.00, 0.00, 1, '', '2020-01-08', NULL, NULL, NULL, '13.03660869', '80.25381878', NULL, NULL, NULL, NULL, '2020-01-08 16:39:25', 323, 1, NULL, 'Cheque No:24860,Cheque Date:08-02-2020,Bank Name:sbi,Branch Name:alwarpet', '1970-01-01', 0, NULL, 0, 6, NULL),
(392, '2020', '01', 340, NULL, 129, '0036-1', NULL, 3, NULL, 2200.00, 2745.70, 2745.70, 2745.70, 0.00, 0.00, 0.00, 0.00, 0.00, 1, '', '2020-01-08', NULL, NULL, NULL, '13.036650000000002', '80.25379500000001', NULL, NULL, NULL, NULL, '2020-01-08 15:26:12', 340, 1, NULL, 'Debit card number:65868388638368', '2020-02-08', 0, NULL, 0, 1, NULL),
(393, '2020', '01', 340, NULL, 128, '0036-2', NULL, 1, NULL, 3000.00, 4001.30, 3381.21, 4001.30, 0.00, 0.00, 0.00, 0.00, 0.00, 1, '', '2020-01-08', NULL, NULL, NULL, '13.036650000000002', '80.25379500000001', NULL, NULL, NULL, NULL, '2020-01-08 16:11:38', 340, 1, NULL, ':', '2020-02-08', 0, NULL, 0, 2, NULL),
(394, '2020', '01', 340, NULL, 126, '0036-3', NULL, 1, NULL, 3000.00, 4274.12, 3832.56, 4274.12, 0.00, 0.00, 0.00, 0.00, 0.00, 1, '', '2020-01-08', NULL, NULL, NULL, '13.036650000000002', '80.25379500000001', NULL, NULL, NULL, NULL, '2020-01-08 16:11:38', 340, 1, NULL, ':', '2020-02-08', 0, NULL, 0, 2, NULL),
(395, '2020', '01', 340, NULL, 127, '0036-4', NULL, 1, NULL, 3000.00, 4001.30, 3381.21, 4001.30, 0.00, 0.00, 0.00, 0.00, 0.00, 1, '', '2020-01-08', NULL, NULL, NULL, '13.036650000000002', '80.25379500000001', NULL, NULL, NULL, NULL, '2020-01-08 16:11:38', 340, 1, NULL, ':', '2020-02-08', 0, NULL, 0, 2, NULL),
(396, '2020', '01', 340, NULL, 130, '0036-5', NULL, 1, NULL, 4500.00, 5116.66, 4675.10, 5116.66, 0.00, 0.00, 0.00, 0.00, 0.00, 1, '', '2020-01-08', NULL, NULL, NULL, '13.036650000000002', '80.25379500000001', NULL, NULL, NULL, NULL, '2020-01-08 16:44:52', 340, 1, NULL, ':', '1970-01-01', 0, NULL, 0, 1, NULL),
(397, '2020', '01', 335, NULL, 102, '00125-5', NULL, 2, NULL, 2500.00, 3414.44, 2794.35, 3414.44, 0.00, 0.00, 0.00, 0.00, 0.00, 1, '', '2020-01-08', NULL, NULL, NULL, '13.036650000000002', '80.25379500000001', NULL, NULL, NULL, NULL, '2020-01-08 18:17:19', 335, 1, NULL, 'Cheque No:6345494887,Cheque Date:08-01-2020,Bank Name:bsb,Branch Name:hdbd', '2020-02-08', 1, 'check the document', 0, 3, NULL),
(398, '2020', '01', 335, NULL, 104, '00125-6', NULL, 1, NULL, 2700.00, 3322.54, 2880.98, 3322.54, 0.00, 0.00, 0.00, 0.00, 0.00, 1, '', '2020-01-08', NULL, NULL, NULL, '13.036650000000002', '80.25379500000001', NULL, NULL, NULL, NULL, '2020-01-08 18:22:16', 335, 1, NULL, ':', '2020-02-08', 0, NULL, 1, 6, NULL),
(399, '2020', '01', 335, NULL, 133, '00125-7', NULL, 1, NULL, 500.00, 941.56, 500.00, 941.56, 0.00, 0.00, 0.00, 0.00, 0.00, 1, '', '2020-01-08', NULL, NULL, NULL, '13.036650000000002', '80.25379500000001', NULL, NULL, NULL, NULL, '2020-01-08 18:12:52', 335, 1, NULL, ':', '1970-01-01', 0, NULL, 0, 2, NULL),
(400, '2020', '01', 335, NULL, 134, '00125-8', NULL, 1, NULL, 1794.12, 1794.12, 1794.12, 1794.12, 0.00, 0.00, 0.00, 0.00, 0.00, 1, '', '2020-01-08', NULL, NULL, NULL, '13.036650000000002', '80.25379500000001', NULL, NULL, NULL, NULL, '2020-01-08 17:59:07', 335, 1, NULL, ':', '2020-02-08', 0, NULL, 0, 1, NULL),
(401, '2020', '01', 335, NULL, 135, '00125-9', NULL, 1, NULL, 3588.24, 3588.24, 3588.24, 3588.24, 0.00, 0.00, 0.00, 0.00, 0.00, 1, '', '2020-01-08', NULL, NULL, NULL, '13.036650000000002', '80.25379500000001', NULL, NULL, NULL, NULL, '2020-01-08 18:05:05', 335, 1, NULL, ':', '1970-01-01', 0, NULL, 0, 1, NULL),
(402, '2020', '01', 335, NULL, 136, '00125-10', NULL, 3, NULL, 1794.12, 1794.12, 1794.12, 1794.12, 0.00, 0.00, 0.00, 0.00, 0.00, 1, '', '2020-01-08', NULL, NULL, NULL, '13.036650000000002', '80.25379500000001', NULL, NULL, NULL, NULL, '2020-01-08 18:18:03', 335, 1, NULL, 'Debit card number:5487078787', '1970-01-01', 0, NULL, 0, 10, NULL),
(403, '2020', '01', 335, NULL, 137, '00125-11', NULL, 1, NULL, 4500.00, 5116.66, 4675.10, 5116.66, 0.00, 0.00, 0.00, 0.00, 0.00, 1, '', '2020-01-08', NULL, NULL, NULL, '13.036650000000002', '80.25379500000001', NULL, NULL, NULL, NULL, '2020-01-08 18:12:52', 335, 1, NULL, ':', '2020-01-17', 0, NULL, 0, 2, NULL),
(404, '2020', '01', 336, NULL, 101, '00232-3', NULL, 1, NULL, 3588.24, 3588.24, 3588.24, 3588.24, 0.00, 0.00, 0.00, 0.00, 0.00, 1, '', '2020-01-08', NULL, NULL, NULL, '13.0365947', '80.25389835', NULL, NULL, NULL, NULL, '2020-01-08 18:53:12', 336, 1, NULL, ':', '2020-01-31', 0, NULL, 0, 1, NULL),
(405, '2020', '01', 336, NULL, 132, '00232-4', NULL, 1, NULL, 300.00, 941.56, 500.00, 941.56, 0.00, 0.00, 0.00, 0.00, 0.00, 1, '', '2020-01-08', NULL, NULL, NULL, '13.03659239', '80.25390141', NULL, NULL, NULL, NULL, '2020-01-08 19:05:31', 336, 1, NULL, ':', '2020-01-31', 0, NULL, 0, 2, NULL),
(406, '2020', '01', 336, NULL, 99, '00232-5', NULL, 1, NULL, 300.00, 941.56, 500.00, 941.56, 0.00, 0.00, 0.00, 0.00, 0.00, 1, '', '2020-01-08', NULL, NULL, NULL, '13.03659899', '80.2538974', NULL, NULL, NULL, NULL, '2020-01-08 19:01:47', 336, 1, NULL, ':', '2020-01-31', 0, NULL, 0, 2, NULL),
(407, '2020', '01', 336, NULL, 139, '00232-6', NULL, 3, NULL, 2380.98, 2380.98, 2380.98, 2380.98, 0.00, 0.00, 0.00, 0.00, 0.00, 1, '', '2020-01-10', NULL, NULL, NULL, '13.03670596', '80.25415695', NULL, NULL, NULL, NULL, '2020-01-10 18:29:08', 336, 1, NULL, 'Debit card number:85825825858520', '1970-01-01', 0, NULL, 0, 2, NULL),
(408, '2020', '01', 336, NULL, 140, '00232-7', NULL, 1, NULL, 3000.00, 4001.30, 3381.21, 4001.30, 0.00, 0.00, 0.00, 0.00, 0.00, 1, '', '2020-01-10', NULL, NULL, NULL, '13.03670596', '80.25415695', NULL, NULL, NULL, NULL, '2020-01-10 18:30:30', 336, 1, NULL, ':', '2020-02-08', 0, NULL, 0, 2, NULL),
(409, '2020', '01', 336, NULL, 98, '00232-8', NULL, NULL, NULL, NULL, 0.00, 0.00, 951.58, 0.00, 0.00, 0.00, 0.00, 0.00, NULL, NULL, '2020-01-10', NULL, NULL, NULL, '13.0366116', '80.2538977', NULL, NULL, NULL, NULL, '2020-01-10 18:31:23', 336, 1, NULL, NULL, NULL, 0, NULL, 0, NULL, NULL),
(410, '2020', '01', 336, NULL, 141, '00232-9', NULL, 3, NULL, 400.00, 951.58, 951.58, 951.58, 0.00, 0.00, 0.00, 0.00, 0.00, 1, '', '2020-01-10', NULL, NULL, NULL, '13.03670596', '80.25415695', NULL, NULL, NULL, NULL, '2020-01-10 18:35:48', 336, 1, NULL, 'Debit card number:64840484', '2020-02-09', 0, NULL, 1, 8, NULL),
(411, '2020', '01', 323, NULL, 150, '005-5', NULL, 1, NULL, 3000.00, 4001.30, 3381.21, 4001.30, 0.00, 0.00, 0.00, 0.00, 0.00, 1, '', '2020-01-13', NULL, NULL, NULL, '0.0', '0.0', NULL, NULL, NULL, NULL, '2020-01-13 12:12:08', 323, 1, NULL, ':', '2020-02-09', 0, NULL, 0, 2, NULL),
(412, '2020', '01', 323, NULL, 156, '005-6', NULL, 1, NULL, 700.00, 1620.32, 1000.23, 1620.32, 0.00, 0.00, 0.00, 0.00, 0.00, 1, '', '2020-01-13', NULL, NULL, NULL, '0.0', '0.0', NULL, NULL, NULL, NULL, '2020-01-13 12:12:08', 323, 1, NULL, ':', '2020-02-08', 0, NULL, 0, 2, NULL),
(413, '2020', '01', 323, NULL, 157, '005-7', NULL, 1, NULL, 900.00, 2571.90, 1951.81, 2571.90, 0.00, 0.00, 0.00, 0.00, 0.00, 1, '', '2020-01-13', NULL, NULL, NULL, '0.0', '0.0', NULL, NULL, NULL, NULL, '2020-01-13 12:12:08', 323, 1, NULL, ':', '2020-02-08', 0, NULL, 0, 2, NULL),
(414, '2020', '01', 323, NULL, 158, '005-8', NULL, 3, NULL, 2380.98, 2380.98, 2380.98, 2380.98, 0.00, 0.00, 0.00, 0.00, 0.00, 1, '', '2020-01-13', NULL, NULL, NULL, '0.0', '0.0', NULL, NULL, NULL, NULL, '2020-01-13 12:12:27', 323, 1, NULL, 'Debit card number:35057582505', '1970-01-01', 0, NULL, 0, 2, NULL),
(415, '2020', '01', 323, NULL, 159, '005-9', NULL, 3, NULL, 2700.00, 3332.56, 3332.56, 3332.56, 0.00, 0.00, 0.00, 0.00, 0.00, 1, '', '2020-01-13', NULL, NULL, NULL, '0.0', '0.0', NULL, NULL, NULL, NULL, '2020-01-13 12:28:15', 323, 1, NULL, 'Debit card number:578485740', '2020-02-14', 1, 'Collect the document again, It is expired.', 0, 3, NULL),
(416, '2020', '01', 323, NULL, 160, '005-10', NULL, 2, NULL, 4000.00, 12370.54, 12370.54, 12370.54, 0.00, 0.00, 0.00, 0.00, 0.00, 1, '', '2020-01-13', NULL, NULL, NULL, '0.0', '0.0', NULL, NULL, NULL, NULL, '2020-01-13 12:27:02', 323, 1, NULL, 'Cheque No:87357357,Cheque Date:13-01-2020,Bank Name:bgn,Branch Name:alwarpet', '2020-02-16', 0, NULL, 1, 8, NULL),
(417, '2020', '01', 323, NULL, 161, '005-11', NULL, 1, NULL, 2380.98, 2380.98, 2380.98, 2380.98, 0.00, 0.00, 0.00, 0.00, 0.00, 1, '', '2020-01-13', NULL, NULL, NULL, '0.0', '0.0', NULL, NULL, NULL, NULL, '2020-01-13 12:23:59', 323, 1, NULL, ':', '1970-01-01', 0, NULL, 0, 1, NULL),
(418, '2020', '01', 338, NULL, 166, '02356-6', NULL, 1, NULL, 500.00, 951.58, 951.58, 951.58, 0.00, 0.00, 0.00, 0.00, 0.00, 1, '', '2020-01-13', NULL, NULL, NULL, '13.04185627028346', '80.23416724987328', NULL, NULL, NULL, NULL, '2020-01-13 12:53:27', 338, 1, NULL, ':', '2020-02-15', 1, 'cge', 0, 3, NULL),
(419, '2020', '01', 338, NULL, 167, '02356-7', NULL, 2, NULL, 900.00, 2571.90, 1951.81, 2571.90, 0.00, 0.00, 0.00, 0.00, 0.00, 1, '', '2020-01-13', NULL, NULL, NULL, '13.04185627028346', '80.23416724987328', NULL, NULL, NULL, NULL, '2020-01-13 12:56:14', 338, 1, NULL, 'Cheque No:56080,Cheque Date:16-01-2020,Bank Name:6td,Branch Name:ygc7y', '2020-02-15', 0, NULL, 1, 8, NULL),
(420, '2020', '01', 338, NULL, 168, '02356-8', NULL, 1, NULL, 1000.00, 1620.32, 1000.23, 1620.32, 0.00, 0.00, 0.00, 0.00, 0.00, 1, '', '2020-01-13', NULL, NULL, NULL, '13.04185627028346', '80.23416724987328', NULL, NULL, NULL, NULL, '2020-01-13 12:52:21', 338, 1, NULL, ':', '2020-01-31', 0, NULL, 0, 2, NULL),
(421, '2020', '01', 324, NULL, 169, '006-1', NULL, 1, NULL, 2380.98, 2380.98, 2380.98, 2380.98, 0.00, 0.00, 0.00, 0.00, 0.00, 1, '', '2020-01-13', NULL, NULL, NULL, '13.03658312', '80.25383466', NULL, NULL, NULL, NULL, '2020-01-13 12:51:20', 324, 1, NULL, ':', '1970-01-01', 0, NULL, 0, 1, NULL),
(422, '2020', '01', 343, NULL, 171, '5645-1', NULL, 1, NULL, 2000.00, 2284.55, 2284.55, 2284.55, 0.00, 0.00, 0.00, 0.00, 0.00, 1, '', '2020-01-13', NULL, NULL, NULL, '0.0', '0.0', NULL, NULL, NULL, NULL, '2020-01-13 15:41:26', 343, 1, NULL, ':', '2020-02-22', 0, NULL, 0, 6, NULL);

-- --------------------------------------------------------

--
-- Table structure for table `payment_mode`
--

CREATE TABLE `payment_mode` (
  `id` int(11) NOT NULL,
  `payment_name` varchar(50) NOT NULL,
  `status` int(1) NOT NULL DEFAULT '1',
  `created_at` datetime NOT NULL,
  `created_by` int(10) NOT NULL
) ENGINE=InnoDB DEFAULT CHARSET=latin1;

--
-- Dumping data for table `payment_mode`
--

INSERT INTO `payment_mode` (`id`, `payment_name`, `status`, `created_at`, `created_by`) VALUES
(1, 'Cash', 1, '2019-07-29 17:19:05', 1),
(2, 'Cheque', 1, '2019-07-29 17:19:12', 1),
(3, 'Debit', 1, '2019-08-31 12:22:17', 1);

-- --------------------------------------------------------

--
-- Table structure for table `payment_mode_datatype`
--

CREATE TABLE `payment_mode_datatype` (
  `paymnt_datatype_id` int(11) NOT NULL,
  `paymentmode_id` int(11) NOT NULL,
  `paymnt_label` varchar(50) NOT NULL,
  `datatype_id` int(11) NOT NULL,
  `image_path` text,
  `status` int(1) NOT NULL COMMENT '1=Active;2=Inactive',
  `created_at` datetime DEFAULT NULL ON UPDATE CURRENT_TIMESTAMP,
  `created_by` int(1) NOT NULL
) ENGINE=InnoDB DEFAULT CHARSET=latin1;

--
-- Dumping data for table `payment_mode_datatype`
--

INSERT INTO `payment_mode_datatype` (`paymnt_datatype_id`, `paymentmode_id`, `paymnt_label`, `datatype_id`, `image_path`, `status`, `created_at`, `created_by`) VALUES
(1, 2, 'Cheque No', 1, NULL, 1, '2019-07-29 17:21:13', 1),
(2, 2, 'Cheque Date', 3, NULL, 1, '2019-07-29 17:21:23', 1),
(3, 2, 'Bank Name', 2, NULL, 1, '2019-07-29 17:21:34', 1),
(4, 2, 'Branch Name', 2, NULL, 1, '2019-07-29 17:21:46', 1),
(5, 3, 'Debit card number', 1, NULL, 1, '2019-12-12 15:16:44', 1);

-- --------------------------------------------------------

--
-- Table structure for table `permission`
--

CREATE TABLE `permission` (
  `permission_id` int(11) NOT NULL,
  `screen_id` int(11) DEFAULT NULL,
  `role_id` int(11) DEFAULT NULL,
  `is_active` int(1) DEFAULT '2' COMMENT '1=Yes;2=No',
  `created_at` datetime DEFAULT NULL ON UPDATE CURRENT_TIMESTAMP,
  `created_by` int(11) NOT NULL,
  `modified_at` datetime DEFAULT NULL,
  `modified_by` int(11) DEFAULT NULL
) ENGINE=InnoDB DEFAULT CHARSET=latin1;

-- --------------------------------------------------------

--
-- Table structure for table `permission_screen`
--

CREATE TABLE `permission_screen` (
  `screen_id` int(11) NOT NULL,
  `screen_name` varchar(50) NOT NULL,
  `backend_name` varchar(50) NOT NULL
) ENGINE=InnoDB DEFAULT CHARSET=latin1;

-- --------------------------------------------------------

--
-- Table structure for table `pincode`
--

CREATE TABLE `pincode` (
  `pincode_id` int(11) NOT NULL,
  `code` int(11) NOT NULL,
  `country_id` int(11) NOT NULL,
  `state_id` int(11) NOT NULL,
  `city_id` int(11) NOT NULL,
  `status` int(1) NOT NULL COMMENT '1=Active;2=Inactive',
  `created_by` int(11) NOT NULL,
  `created_at` datetime DEFAULT NULL ON UPDATE CURRENT_TIMESTAMP
) ENGINE=InnoDB DEFAULT CHARSET=latin1;

-- --------------------------------------------------------

--
-- Table structure for table `planner`
--

CREATE TABLE `planner` (
  `planner_id` int(11) NOT NULL,
  `plan` varchar(100) NOT NULL,
  `daily` int(11) NOT NULL DEFAULT '2' COMMENT '1=Yes;2=No',
  `monthly` int(11) NOT NULL DEFAULT '2' COMMENT '1=Yes;2=No',
  `created_at` datetime DEFAULT NULL,
  `created_by` int(11) DEFAULT NULL
) ENGINE=InnoDB DEFAULT CHARSET=latin1;

-- --------------------------------------------------------

--
-- Table structure for table `price_discount`
--

CREATE TABLE `price_discount` (
  `price_discount_id` int(11) NOT NULL,
  `discount_name` varchar(50) NOT NULL,
  `discount_type` int(1) NOT NULL COMMENT '1=Flat;2=Percentage',
  `status` int(1) NOT NULL COMMENT '1=Active;2=Inactive',
  `created_at` date NOT NULL,
  `created_by` int(11) NOT NULL
) ENGINE=InnoDB DEFAULT CHARSET=latin1;

--
-- Dumping data for table `price_discount`
--

INSERT INTO `price_discount` (`price_discount_id`, `discount_name`, `discount_type`, `status`, `created_at`, `created_by`) VALUES
(1, 'Offer', 1, 1, '2019-11-29', 319),
(2, 'Dommaka', 2, 1, '2019-11-29', 319);

-- --------------------------------------------------------

--
-- Table structure for table `price_other_charges`
--

CREATE TABLE `price_other_charges` (
  `price_otherchrgs_id` int(11) NOT NULL,
  `otherchrg_name` varchar(30) NOT NULL,
  `tax_ids` varchar(22) DEFAULT NULL,
  `status` int(1) NOT NULL COMMENT '1=Active;2=Inactive	',
  `created_at` datetime DEFAULT NULL ON UPDATE CURRENT_TIMESTAMP,
  `created_by` int(11) NOT NULL
) ENGINE=InnoDB DEFAULT CHARSET=latin1;

--
-- Dumping data for table `price_other_charges`
--

INSERT INTO `price_other_charges` (`price_otherchrgs_id`, `otherchrg_name`, `tax_ids`, `status`, `created_at`, `created_by`) VALUES
(1, 'Miscillaneous charges', '1', 1, '2019-11-29 14:39:54', 319);

-- --------------------------------------------------------

--
-- Table structure for table `price_scheme`
--

CREATE TABLE `price_scheme` (
  `price_scheme_id` int(11) NOT NULL,
  `product_id` int(11) NOT NULL,
  `emicode_id` int(11) DEFAULT NULL,
  `h1` int(11) DEFAULT NULL,
  `h2` int(11) DEFAULT NULL,
  `h3` int(11) DEFAULT NULL,
  `h4` int(11) DEFAULT NULL,
  `h5` int(11) DEFAULT NULL,
  `h6` int(11) DEFAULT NULL,
  `h7` int(11) DEFAULT NULL,
  `h8` int(11) DEFAULT NULL,
  `base_price` float(10,2) DEFAULT '0.00',
  `tax` text NOT NULL,
  `total_tax` float(10,2) DEFAULT '0.00',
  `discount` text NOT NULL,
  `total_discount` float(10,2) DEFAULT '0.00',
  `othercharges` text NOT NULL,
  `total_othercharges` float(10,2) DEFAULT '0.00',
  `pay_amount` float(10,2) DEFAULT '0.00',
  `down_payment` float(10,2) DEFAULT NULL,
  `min_payment` float(10,2) DEFAULT '0.00',
  `status` int(1) DEFAULT '1' COMMENT '1=Active;2=Inactive',
  `created_at` datetime DEFAULT NULL ON UPDATE CURRENT_TIMESTAMP,
  `created_by` int(11) DEFAULT NULL,
  `start_date` datetime DEFAULT NULL,
  `expired_date` datetime DEFAULT NULL
) ENGINE=InnoDB DEFAULT CHARSET=latin1;

--
-- Dumping data for table `price_scheme`
--

INSERT INTO `price_scheme` (`price_scheme_id`, `product_id`, `emicode_id`, `h1`, `h2`, `h3`, `h4`, `h5`, `h6`, `h7`, `h8`, `base_price`, `tax`, `total_tax`, `discount`, `total_discount`, `othercharges`, `total_othercharges`, `pay_amount`, `down_payment`, `min_payment`, `status`, `created_at`, `created_by`, `start_date`, `expired_date`) VALUES
(1, 1, NULL, 0, 0, 0, 0, 0, 0, 0, 0, 1202.40, 'a:1:{i:0;a:1:{i:1;d:2.425986824;}}', 2.43, 'a:2:{i:0;a:1:{i:1;i:116;}i:1;a:1:{i:2;d:31.62312;}}', 147.62, 'a:1:{i:0;a:1:{i:1;d:23.0529;}}', 23.05, 1080.26, 900.00, 400.00, 2, '2019-12-10 14:48:59', 319, '2019-11-28 00:00:00', '2019-12-20 00:00:00'),
(2, 2, NULL, 0, 0, 0, 0, 0, 0, 0, 0, 1500.00, 'a:1:{i:0;a:1:{i:1;s:1:\"0\";}}', 0.00, 'a:2:{i:0;a:1:{i:1;i:215;}i:1;a:1:{i:2;s:1:\"0\";}}', 215.00, 'a:1:{i:0;a:1:{i:1;s:1:\"0\";}}', 0.00, 1285.00, 1285.00, 1285.00, 2, '2019-12-27 15:49:37', 319, '2019-11-21 00:00:00', '2019-12-24 00:00:00'),
(3, 1, NULL, 0, 0, 0, 0, 0, 0, 0, 0, 1764.00, 'a:1:{i:0;a:1:{i:1;d:4.0112;}}', 4.01, 'a:2:{i:0;a:1:{i:1;i:20;}i:1;a:1:{i:2;s:1:\"0\";}}', 20.00, 'a:1:{i:0;a:1:{i:1;d:1.50345;}}', 1.50, 1749.51, 1600.00, 1450.00, 2, '2019-12-27 15:48:47', 329, '2019-12-09 00:00:00', '2019-12-14 00:00:00'),
(4, 1, NULL, 0, 0, 0, 0, 0, 0, 0, 0, 2040.00, 'a:1:{i:0;a:1:{i:1;d:4.1124;}}', 4.11, 'a:2:{i:0;a:1:{i:1;i:150;}i:1;a:1:{i:2;i:102;}}', 252.00, 'a:1:{i:0;a:1:{i:1;d:2.0046;}}', 2.00, 1794.12, 1794.12, 1794.12, 1, '2019-12-27 18:18:47', 319, '2019-12-25 00:00:00', '2020-01-08 00:00:00'),
(5, 2, NULL, 0, 0, 0, 0, 0, 0, 0, 0, 2424.00, 'a:1:{i:0;a:1:{i:1;d:4.999096;}}', 5.00, 'a:2:{i:0;a:1:{i:1;i:202;}i:1;a:1:{i:2;d:48.48;}}', 250.48, 'a:1:{i:0;a:1:{i:1;d:202.4646;}}', 202.46, 2380.98, 2380.98, 2380.98, 1, '2019-12-27 18:19:37', 319, '2019-12-25 00:00:00', '2020-01-20 00:00:00'),
(6, 3, NULL, 0, 0, 0, 0, 0, 0, 0, 0, 1020.00, 'a:1:{i:0;a:1:{i:1;d:2.16062;}}', 2.16, 'a:2:{i:0;a:1:{i:1;i:50;}i:1;a:1:{i:2;d:30.6;}}', 80.60, 'a:1:{i:0;a:1:{i:1;s:1:\"0\";}}', 0.00, 941.56, 500.00, 300.00, 1, '2019-12-30 17:06:13', 1, '2019-12-01 00:00:00', '2020-01-08 00:00:00'),
(7, 4, NULL, 0, 0, 0, 0, 0, 0, 0, 0, 1648.00, 'a:1:{i:0;a:1:{i:1;d:3.35938;}}', 3.36, 'a:2:{i:0;a:1:{i:1;i:105;}i:1;a:1:{i:2;d:82.4;}}', 187.40, 'a:1:{i:0;a:1:{i:1;d:156.3588;}}', 156.36, 1620.32, 1000.23, 560.85, 1, '2020-01-08 13:05:20', 1, '2020-01-01 00:00:00', '2020-01-30 00:00:00'),
(8, 5, NULL, 0, 0, 0, 0, 0, 0, 0, 0, 1020.00, 'a:1:{i:0;a:1:{i:1;d:2.17212;}}', 2.17, 'a:2:{i:0;a:1:{i:1;i:45;}i:1;a:1:{i:2;d:30.6;}}', 75.60, 'a:1:{i:0;a:1:{i:1;d:5.0115;}}', 5.01, 951.58, 951.58, 300.00, 1, '2020-01-08 13:06:47', 1, '2020-01-01 00:00:00', '2020-01-22 00:00:00'),
(9, 6, NULL, 0, 0, 0, 0, 0, 0, 0, 0, 1519.50, 'a:1:{i:0;a:1:{i:1;d:3.0572364750000003;}}', 3.06, 'a:2:{i:0;a:1:{i:1;i:150;}i:1;a:1:{i:2;d:40.266749999999995;}}', 190.27, 'a:1:{i:0;a:1:{i:1;d:0.6815640000000001;}}', 0.68, 1332.97, 1332.97, 1332.97, 1, '2020-01-10 21:41:31', 319, '2020-01-01 00:00:00', '2020-12-31 00:00:00'),
(10, 7, NULL, 0, 0, 0, 0, 0, 0, 0, 0, 1539.76, 'a:1:{i:0;a:1:{i:1;d:3.1149946960000006;}}', 3.11, 'a:2:{i:0;a:1:{i:1;i:150;}i:1;a:1:{i:2;d:35.41448;}}', 185.41, 'a:1:{i:0;a:1:{i:1;d:2.0046;}}', 2.00, 1359.47, 1359.47, 1359.47, 1, '2020-01-13 17:38:27', 1, '2020-01-01 00:00:00', '2020-12-23 00:00:00');

-- --------------------------------------------------------

--
-- Table structure for table `price_scheme_otherchrgs`
--

CREATE TABLE `price_scheme_otherchrgs` (
  `price_scheme_oc_id` int(11) NOT NULL,
  `price_scheme_id` int(11) DEFAULT NULL,
  `price_otherchrgs_id` int(11) DEFAULT NULL,
  `amount` float(10,2) DEFAULT NULL,
  `created_by` int(11) NOT NULL,
  `created_at` datetime DEFAULT NULL ON UPDATE CURRENT_TIMESTAMP
) ENGINE=InnoDB DEFAULT CHARSET=latin1;

--
-- Dumping data for table `price_scheme_otherchrgs`
--

INSERT INTO `price_scheme_otherchrgs` (`price_scheme_oc_id`, `price_scheme_id`, `price_otherchrgs_id`, `amount`, `created_by`, `created_at`) VALUES
(1, 1, 1, NULL, 319, '2019-11-29 14:46:20'),
(2, 2, 1, NULL, 319, '2019-11-29 14:47:22'),
(3, 3, 1, NULL, 329, '2019-12-10 17:18:59'),
(4, 4, 1, NULL, 319, '2019-12-27 18:18:47'),
(5, 5, 1, NULL, 319, '2019-12-27 18:19:37'),
(6, 6, 1, NULL, 1, '2019-12-30 17:06:13'),
(7, 7, 1, NULL, 1, '2020-01-08 13:05:20'),
(8, 8, 1, NULL, 1, '2020-01-08 13:06:47'),
(9, 9, 1, NULL, 319, '2020-01-10 21:41:31'),
(10, 10, 1, NULL, 1, '2020-01-13 17:38:27');

-- --------------------------------------------------------

--
-- Table structure for table `price_scheme_tax`
--

CREATE TABLE `price_scheme_tax` (
  `price_scheme_tax_id` int(11) NOT NULL,
  `price_scheme_id` int(11) DEFAULT NULL,
  `price_tax_id` int(11) DEFAULT NULL,
  `tax_amount` int(11) DEFAULT NULL,
  `override_value` float(10,2) DEFAULT NULL,
  `override_conversion_id` int(11) DEFAULT NULL,
  `created_at` datetime DEFAULT NULL ON UPDATE CURRENT_TIMESTAMP,
  `created_by` int(11) NOT NULL
) ENGINE=InnoDB DEFAULT CHARSET=latin1;

--
-- Dumping data for table `price_scheme_tax`
--

INSERT INTO `price_scheme_tax` (`price_scheme_tax_id`, `price_scheme_id`, `price_tax_id`, `tax_amount`, `override_value`, `override_conversion_id`, `created_at`, `created_by`) VALUES
(1, 1, 1, NULL, NULL, NULL, '2019-11-29 14:46:21', 319),
(2, 2, 1, NULL, NULL, NULL, '2019-11-29 14:47:22', 319),
(3, 3, 1, NULL, NULL, NULL, '2019-12-10 17:18:59', 329),
(4, 3, 2, NULL, NULL, NULL, '2019-12-10 17:18:59', 329),
(5, 4, 1, NULL, NULL, NULL, '2019-12-27 18:18:47', 319),
(6, 4, 2, NULL, NULL, NULL, '2019-12-27 18:18:47', 319),
(7, 5, 1, NULL, NULL, NULL, '2019-12-27 18:19:37', 319),
(8, 5, 2, NULL, NULL, NULL, '2019-12-27 18:19:37', 319),
(9, 6, 1, NULL, NULL, NULL, '2019-12-30 17:06:13', 1),
(10, 6, 2, NULL, NULL, NULL, '2019-12-30 17:06:13', 1),
(11, 7, 1, NULL, NULL, NULL, '2020-01-08 13:05:20', 1),
(12, 7, 2, NULL, NULL, NULL, '2020-01-08 13:05:20', 1),
(13, 8, 1, NULL, NULL, NULL, '2020-01-08 13:06:47', 1),
(14, 8, 2, NULL, NULL, NULL, '2020-01-08 13:06:47', 1),
(15, 9, 1, NULL, NULL, NULL, '2020-01-10 21:41:31', 319),
(16, 9, 2, NULL, NULL, NULL, '2020-01-10 21:41:31', 319),
(17, 10, 1, NULL, NULL, NULL, '2020-01-13 17:38:27', 1),
(18, 10, 2, NULL, NULL, NULL, '2020-01-13 17:38:27', 1);

-- --------------------------------------------------------

--
-- Table structure for table `price_scheme_type`
--

CREATE TABLE `price_scheme_type` (
  `price_scheme_type_id` int(11) NOT NULL,
  `price_scheme_id` int(11) DEFAULT NULL,
  `price_type_id` int(11) DEFAULT NULL,
  `amount` float(10,2) DEFAULT NULL,
  `created_at` datetime DEFAULT NULL ON UPDATE CURRENT_TIMESTAMP,
  `created_by` int(11) NOT NULL
) ENGINE=InnoDB DEFAULT CHARSET=latin1;

-- --------------------------------------------------------

--
-- Table structure for table `price_tax`
--

CREATE TABLE `price_tax` (
  `price_tax_id` int(11) NOT NULL,
  `tax_type` varchar(30) NOT NULL,
  `tax_value` varchar(5) NOT NULL,
  `status` int(1) NOT NULL COMMENT '1=Active;2=Inactive	',
  `conversion_id` int(1) DEFAULT NULL,
  `created_at` datetime DEFAULT NULL ON UPDATE CURRENT_TIMESTAMP,
  `created_by` int(11) NOT NULL
) ENGINE=InnoDB DEFAULT CHARSET=latin1;

--
-- Dumping data for table `price_tax`
--

INSERT INTO `price_tax` (`price_tax_id`, `tax_type`, `tax_value`, `status`, `conversion_id`, `created_at`, `created_by`) VALUES
(1, 'Road Tax', '.23', 1, NULL, '2019-11-29 14:39:34', 319),
(2, 'test', '0.15', 2, NULL, '2019-12-10 17:15:33', 1);

-- --------------------------------------------------------

--
-- Table structure for table `price_type`
--

CREATE TABLE `price_type` (
  `price_type_id` int(11) NOT NULL,
  `price_type_name` varchar(30) NOT NULL,
  `created_at` datetime DEFAULT NULL ON UPDATE CURRENT_TIMESTAMP,
  `created_by` int(1) NOT NULL
) ENGINE=InnoDB DEFAULT CHARSET=latin1;

-- --------------------------------------------------------

--
-- Table structure for table `product_catalog`
--

CREATE TABLE `product_catalog` (
  `productcatalog_id` int(11) NOT NULL,
  `product_id` varchar(250) NOT NULL,
  `cataloge_name` varchar(100) NOT NULL,
  `catalog_type` varchar(30) NOT NULL,
  `catalog_pathfile` varchar(255) NOT NULL,
  `status` int(1) NOT NULL
) ENGINE=InnoDB DEFAULT CHARSET=latin1;

--
-- Dumping data for table `product_catalog`
--

INSERT INTO `product_catalog` (`productcatalog_id`, `product_id`, `cataloge_name`, `catalog_type`, `catalog_pathfile`, `status`) VALUES
(1, '1', '98', '3', 'uploads/documents/157866328427.05.2019.doc', 1),
(2, '1', 'Water purifier PDF', '1', 'uploads/documents/157866329520April.pdf', 1),
(3, '1', 'Waterpurifier docx', '5', 'uploads/documents/157866318827.05.2019.docx', 1),
(4, '1', 'PPT', '6', 'uploads/documents/1578308826Presentation_for_Lead_Management_System.pptx', 1),
(5, '1', 'yuo', '4', 'http://192.168.1.16/euroP2P-Test/pages/', 1);

-- --------------------------------------------------------

--
-- Table structure for table `product_catalog_type`
--

CREATE TABLE `product_catalog_type` (
  `prdct_ctlg_typeid` int(11) NOT NULL,
  `type` varchar(25) NOT NULL,
  `status` int(1) NOT NULL
) ENGINE=InnoDB DEFAULT CHARSET=latin1;

--
-- Dumping data for table `product_catalog_type`
--

INSERT INTO `product_catalog_type` (`prdct_ctlg_typeid`, `type`, `status`) VALUES
(1, 'PDF', 1),
(2, 'PPT', 1),
(3, 'DOC', 1),
(4, 'Youtube', 1),
(5, 'DOCX', 1),
(6, 'PPTX', 1);

-- --------------------------------------------------------

--
-- Table structure for table `product_master`
--

CREATE TABLE `product_master` (
  `product_id` int(11) NOT NULL,
  `product_code` varchar(100) NOT NULL,
  `product_name` varchar(100) NOT NULL,
  `status` int(1) NOT NULL DEFAULT '1' COMMENT '1=Active 2=Inactive',
  `created_at` datetime NOT NULL,
  `created_by` int(10) NOT NULL,
  `updated_at` datetime DEFAULT NULL ON UPDATE CURRENT_TIMESTAMP,
  `updated_by` int(10) DEFAULT NULL
) ENGINE=InnoDB DEFAULT CHARSET=latin1;

--
-- Dumping data for table `product_master`
--

INSERT INTO `product_master` (`product_id`, `product_code`, `product_name`, `status`, `created_at`, `created_by`, `updated_at`, `updated_by`) VALUES
(1, '001', 'Water Purifier', 1, '2019-11-29 14:38:54', 319, NULL, NULL),
(2, '002', 'Vaccum Cleaner', 1, '2019-11-29 14:39:10', 319, NULL, NULL),
(3, 'TP', 'Test Product', 1, '2019-11-29 19:47:56', 319, '2019-12-30 14:35:36', NULL),
(4, '003', 'Electonics', 1, '2020-01-08 13:01:31', 1, NULL, NULL),
(5, '004', 'Electrical products', 1, '2020-01-08 13:01:49', 1, NULL, NULL),
(6, '005', 'kiotene', 1, '2020-01-08 13:03:52', 1, NULL, NULL),
(7, '0125', 'Aqua Guard', 1, '2020-01-13 17:37:35', 319, NULL, NULL);

-- --------------------------------------------------------

--
-- Table structure for table `product_specification`
--

CREATE TABLE `product_specification` (
  `id` int(11) NOT NULL,
  `product_id` int(10) NOT NULL,
  `emicode_ids` varchar(255) DEFAULT NULL,
  `validation_ids` varchar(255) DEFAULT NULL,
  `document_ids` varchar(255) DEFAULT NULL,
  `created_at` datetime NOT NULL,
  `created_by` int(10) NOT NULL
) ENGINE=InnoDB DEFAULT CHARSET=latin1;

--
-- Dumping data for table `product_specification`
--

INSERT INTO `product_specification` (`id`, `product_id`, `emicode_ids`, `validation_ids`, `document_ids`, `created_at`, `created_by`) VALUES
(1, 1, '0', '0', '0,1,2', '2019-11-29 14:38:54', 319),
(2, 2, '0', '0', '0', '2019-11-29 14:39:10', 319),
(3, 3, '0', '0', '1,2', '2019-11-29 19:47:56', 319),
(4, 4, '0', '0', '0', '2020-01-08 13:01:31', 1),
(5, 5, '0', '0', '0,1', '2020-01-08 13:01:49', 1),
(6, 6, '0', '0', '0', '2020-01-08 13:03:52', 1),
(7, 7, '0', '0', '1', '2020-01-13 17:37:35', 319);

-- --------------------------------------------------------

--
-- Table structure for table `product_stock`
--

CREATE TABLE `product_stock` (
  `product_stock_id` int(11) NOT NULL,
  `product_id` int(11) NOT NULL,
  `employee_id` int(11) NOT NULL,
  `user_type` int(11) DEFAULT NULL,
  `stock` int(11) NOT NULL,
  `effective_date` date DEFAULT NULL,
  `current_stock` int(11) DEFAULT NULL,
  `upload_token` varchar(15) DEFAULT NULL,
  `created_at` datetime DEFAULT NULL,
  `created_by` int(11) NOT NULL
) ENGINE=InnoDB DEFAULT CHARSET=latin1;

-- --------------------------------------------------------

--
-- Table structure for table `product_validation_map`
--

CREATE TABLE `product_validation_map` (
  `id` int(11) NOT NULL,
  `product_id` int(10) DEFAULT NULL,
  `validation_id` int(10) DEFAULT NULL,
  `created_at` datetime NOT NULL,
  `created_by` int(10) NOT NULL
) ENGINE=InnoDB DEFAULT CHARSET=latin1;

--
-- Dumping data for table `product_validation_map`
--

INSERT INTO `product_validation_map` (`id`, `product_id`, `validation_id`, `created_at`, `created_by`) VALUES
(1, NULL, 1, '2019-11-29 13:15:54', 319);

-- --------------------------------------------------------

--
-- Table structure for table `prospects`
--

CREATE TABLE `prospects` (
  `id` int(11) NOT NULL,
  `type` int(1) NOT NULL COMMENT '1=Upload;2=Direct add',
  `offline_id` varchar(255) DEFAULT '0',
  `prospect_name` varchar(255) NOT NULL,
  `address` varchar(255) NOT NULL,
  `zip` varchar(20) DEFAULT NULL,
  `area` varchar(100) DEFAULT NULL,
  `mobile_no` varchar(15) NOT NULL,
  `alter_mobileno` varchar(15) DEFAULT NULL,
  `mail_id` varchar(100) NOT NULL,
  `company` varchar(100) DEFAULT NULL,
  `designation` varchar(60) DEFAULT NULL,
  `remarks` varchar(255) NOT NULL,
  `prosupload_detail_id` int(10) DEFAULT NULL,
  `upload_id` int(10) DEFAULT NULL,
  `teamlead_employee_id` varchar(10) DEFAULT NULL COMMENT 'Assigned by Manager from AssignLeads table',
  `fos_empid` varchar(10) DEFAULT NULL,
  `leadsource_id` varchar(10) NOT NULL,
  `gps_location` varchar(255) DEFAULT NULL,
  `activity_id` int(10) DEFAULT NULL,
  `activity_timestamp` datetime DEFAULT NULL ON UPDATE CURRENT_TIMESTAMP,
  `status` int(1) NOT NULL DEFAULT '1' COMMENT '1=Active;2=Completed,3=Expired',
  `refer_by` int(11) NOT NULL DEFAULT '0',
  `created_at` datetime NOT NULL,
  `created_by` int(10) NOT NULL
) ENGINE=InnoDB DEFAULT CHARSET=latin1;

--
-- Dumping data for table `prospects`
--

INSERT INTO `prospects` (`id`, `type`, `offline_id`, `prospect_name`, `address`, `zip`, `area`, `mobile_no`, `alter_mobileno`, `mail_id`, `company`, `designation`, `remarks`, `prosupload_detail_id`, `upload_id`, `teamlead_employee_id`, `fos_empid`, `leadsource_id`, `gps_location`, `activity_id`, `activity_timestamp`, `status`, `refer_by`, `created_at`, `created_by`) VALUES
(1, 1, '0', 'Hema', 'Indoor lodging\nAMC Enclave, No. 6, Third Cross Street, Sterling Road, Nungamba', '600013', 'Nungambakkam', '9784545622', '9865320124', 'hemavathi.a@thinksynq.in', '', '', 'Uploaded prospects for Nungambakkam', 1, 1, '320', NULL, '2', NULL, NULL, '2019-12-02 10:42:02', 3, 0, '2019-11-29 14:31:38', 319),
(2, 1, '0', 'Durga', 'State government office\n567, Chennai - Trichy Hwy', '600015', 'Teynampet', '9600320609', '9865320126', 'durgaa@thinksynq.in', '', '', 'Uploaded prospects for Teynampet', 2, 1, '320', NULL, '2', '13.03676108,80.25435676', 1, '2019-11-29 12:49:44', 2, 0, '2019-11-29 14:31:38', 319),
(3, 1, '0', 'Saravanan', 'Apartment building\n39, Kasturi Rangan Rd', '600017', 'Teynampet', '9874563210', '9865320128', 'saravanan@thinksynq.in', '', '', 'Uploaded prospects for Teynampet', 3, 1, '321', NULL, '2', '13.03659642,80.25389183', 1, '2019-11-29 14:39:36', 2, 0, '2019-11-29 14:31:52', 319),
(4, 1, '0', 'Saravana kumar', 'Government office\nAG\'s Office Complex, 361, Anna S', '600019', 'T.nagar', '8520134679', '9865320130', 'saravanakumar@thinksynq.in', '', '', 'Uploaded prospects for T.nagar', 4, 1, '321', NULL, '2', '13.03659441,80.25389199', 1, '2019-11-29 14:25:37', 2, 0, '2019-11-29 14:31:52', 319),
(5, 1, '0', 'Divya', 'State government office\nSir Theagaraya Rd', '600021', 'T.nagar', '6547891230', '9865320132', 'divyadharshini@thinksynq.in', '', '', 'Uploaded prospects for T.nagar', 5, 1, '322', NULL, '2', NULL, NULL, NULL, 1, 0, '2019-11-29 14:32:03', 319),
(6, 1, '0', 'Rahul', 'Central Government Office\nGopalakrishna Rd', '600023', 'T.nagar', '9156320782', '9865320134', 'rahul.r@thinksynq.in', '', '', 'Uploaded prospects for T.nagar', 6, 1, '322', NULL, '2', '13.03660151,80.25390051', 1, '2019-12-06 16:39:01', 2, 0, '2019-11-29 14:32:03', 319),
(7, 1, '0', 'Saikiran', 'High-end hotel featuring an outdoor pool, 2 bars & 3 refined restaurants, plus a nightclub', '600025', 'Anna salai', '9898656523', '9865320136', 'saikiran@thinksynq.in', '', '', 'Uploaded prospects for Anna salai', 7, 1, '322', NULL, '2', '0.0,0.0', 1, '2019-12-11 17:06:00', 2, 0, '2019-11-29 14:32:03', 319),
(8, 1, '0', 'Rakesh', 'Sir Theagaraya Rd, T.V.K Colony, Teynampet', '600027', 'T.nagar', '6985741235', '9865320138', 'rakesh@thinksynq.in', '', '', 'Uploaded prospects for T.nagar', 8, 1, '322', NULL, '2', '0.0,0.0', 1, '2019-12-12 16:13:39', 2, 0, '2019-11-29 14:32:03', 319),
(9, 1, '0', 'Nivetha', 'No.64/1 \"UTSAV\" G.N., Gopathi Narayanaswami Chetty Rd, T Nagar', '600029', 'T.nagar', '9966565623', '9865320140', 'nivetha@thinksynq.in', '', '', 'Uploaded prospects for T.nagar', 9, 1, '322', NULL, '2', NULL, NULL, NULL, 1, 0, '2019-11-29 14:32:03', 319),
(10, 1, '0', 'Raghupathi', 'Cecilia Chapman 711-2880 Nulla St. Mankato Mississippi', '600031', 'Washington', '8978458956', '9865320142', 'raghupathi@thinksynq.in', '', '', 'Uploaded prospects for Thousand Lights', 10, 1, '322', NULL, '2', NULL, NULL, NULL, 1, 0, '2019-11-29 14:32:03', 319),
(11, 1, '0', 'Vaidheeswari', 'Main Highway Otaki; 32 Wilson Street.', '600033', 'Washington', '9986532014', '9865320144', 'vaidheeswari@thinksynq.in', '', '', 'Uploaded prospects for Thousand Lights', 11, 1, '322', NULL, '2', NULL, NULL, NULL, 1, 0, '2019-11-29 14:32:03', 319),
(12, 2, '0', 'pooha', '67 mugaliua street', '600018', 'alwarpet', '9865320467378', NULL, '', NULL, NULL, '', NULL, NULL, '320', '321', '1', '13.0366132,80.2538993', NULL, NULL, 1, 2, '2019-11-29 12:23:39', 319),
(13, 2, '920', 'jaya', '51 sterling rd', '600083', 'nungambakkam', '9632075258885', NULL, '', NULL, NULL, '', NULL, NULL, '320', '321', '2', '13.0366148,80.2538994', NULL, NULL, 1, 0, '2019-11-29 12:45:48', 320),
(14, 1, '0', 'Prabhu', 'Studio 103. The Business Centre 61 Wellfield Road Roath Cardiff CF24 3DG', '600035', 'Washington', '8975421321', '9865320146', 'prabhu@thinksynq.in', '', '', 'Uploaded prospects for Thousand Lights', 12, 1, '322', NULL, '2', NULL, NULL, NULL, 1, 0, '2019-11-29 16:29:42', 319),
(15, 1, '0', 'Midhun', 'Foreign consulate\n56, Sterling Rd', '600040', 'Nungambakkam', '9845123565', '9865320151', 'midhun@thinksynq.in', '', '', 'Uploaded prospects for Nungambakkam', 13, 1, '322', NULL, '2', NULL, NULL, NULL, 1, 0, '2019-11-29 16:29:42', 319),
(16, 1, '0', 'Jancy', 'Furniture store\n4/22, Rutland Gate 4th St', '600012', 'Thousand Lights', '9865320145', '980650000', 'jancyjenifer@thinksynq.in', '', '', 'Uploaded prospects for Thousand Lights', 14, 3, '322', NULL, '1', NULL, NULL, NULL, 1, 0, '2019-11-29 16:30:16', 319),
(17, 1, '0', 'Vinitha', 'Central Government Office\nMayor Basudev St', '600014', 'Korrukkupet', '9865504996', '980650001', 'vinitha@thinksynq.in', '', '', 'Uploaded prospects for Korrukkupet', 15, 3, '322', NULL, '1', NULL, NULL, NULL, 1, 0, '2019-11-29 16:30:16', 319),
(18, 1, '0', 'Aravind', 'Government office\n187, Anna Salai', '600016', 'Teynampet', '7894561230', '980650002', 'aravindkumar@thinksynq.in', '', '', 'Uploaded prospects for Teynampet', 16, 3, '322', NULL, '1', NULL, NULL, NULL, 1, 0, '2019-11-29 16:30:16', 319),
(19, 1, '0', 'Thamil', 'Central Government Office\n34, Cathedral Garden Rd', '600018', 'T.nagar', '9632587410', '980650003', 'thamilvaanan@thinksynq.in', '', '', 'Uploaded prospects for T.nagar', 17, 3, '322', NULL, '1', NULL, NULL, NULL, 1, 0, '2019-11-29 16:30:16', 319),
(20, 1, '0', 'Muthulakshmi', 'Government office\nno.299, Anna Salai', '600020', 'Teynampet', '7899876544', '980650004', 'muthulakshmi@thinksynq.in', '', '', 'Uploaded prospects for Teynampet', 18, 3, '322', NULL, '1', '13.0366476,80.25388039', 1, '2020-01-08 12:52:58', 2, 0, '2019-11-29 16:30:16', 319),
(21, 1, '0', 'Bala deepak', 'Government office', '600022', 'Teynampet', '7410258963', '980650005', 'baladeepak@thinksynq.in', '', '', 'Uploaded prospects for Teynampet', 19, 3, '322', NULL, '1', '13.03659974,80.25387707', 1, '2020-01-08 12:35:35', 2, 0, '2019-11-29 16:30:16', 319),
(22, 1, '0', 'Vijay', 'Hotel\nNo 601, Anna Salai, near US Embassy', '600024', 'Anna salai', '8794568555', '980650006', 'vijay@thinksynq.in', '', '', 'Uploaded prospects for Anna salai', 20, 3, '322', NULL, '1', '0.0,0.0', 1, '2019-12-27 16:07:09', 2, 0, '2019-11-29 16:30:16', 319),
(23, 1, '0', 'Priya', 'Advertising agency\nPost Office, Old No.188/5, New No.', '600026', 'T.nagar', '9988774512', '980650007', 'sathiyapriya@thinksynq.in', '', '', 'Uploaded prospects for T.nagar', 21, 3, '322', NULL, '1', NULL, NULL, NULL, 1, 0, '2019-11-29 16:30:16', 319),
(24, 1, '0', 'Parthiban', 'Shree Park Building, 578, Mayor Sundar Rao Rd, Teynampet, Thiru Vi Ka Kudiyiruppu, Teynampet', '600028', 'Teynampet', '6320147895', '980650008', 'parthiban@thinksynq.in', '', '', 'Uploaded prospects for Teynampet', 22, 3, '322', NULL, '1', NULL, NULL, NULL, 1, 0, '2019-11-29 16:30:16', 319),
(25, 1, '0', 'Marimuthu', '634, Anna Salai, Thousand Lights East, Thousand Lights', '600030', 'Thousand Lights', '6945781235', '980650009', 'marimuthu@thinksynq.in', '', '', 'Uploaded prospects for Thousand Lights', 23, 3, '322', NULL, '1', '0.0,0.0', 1, '2019-12-27 16:14:46', 2, 0, '2019-11-29 16:30:16', 319),
(26, 1, '0', 'Pal', '21 Greens Road RD 2 Ruawai 0592', '600032', 'Washington', '6897656685', '980650010', 'pall@thinksynq.in', '', '', 'Uploaded prospects for Thousand Lights', 24, 3, '322', NULL, '1', NULL, NULL, NULL, 1, 0, '2019-11-29 16:30:16', 319),
(27, 1, '0', 'Prabha', '445 Mount Eden Road, Mount Eden, Auckland', '600034', 'Washington', '8944784512', '980650011', 'prabha@thinksynq.in', '', '', 'Uploaded prospects for Thousand Lights', 25, 3, '322', NULL, '1', NULL, NULL, NULL, 1, 0, '2019-11-29 16:30:16', 319),
(28, 1, '0', 'Yuvarani', '20 Sunny Street, City', '600037', 'Washington', '7685962310', '980650012', 'yuvarani@thinksynq.in', '', '', 'Uploaded prospects for Thousand Lights', 26, 3, '322', NULL, '1', NULL, NULL, NULL, 1, 0, '2019-11-29 16:30:16', 319),
(29, 1, '0', 'Aravindh', '2025 M Street, Northwest, Washington, DC', '600039', 'Washington', '9852013562', '980650013', 'aravind@thinksynq.in', '', '', 'Uploaded prospects for Thousand Lights', 27, 3, '322', NULL, '1', '13.03662978,80.25387657', 1, '2019-11-30 11:17:45', 2, 0, '2019-11-29 16:30:16', 319),
(30, 2, '0', 'Elqngo', 'kadaperri', '895615', 'tambaram sanatorium', '2486494948494', NULL, '', NULL, NULL, '', NULL, NULL, '321', '', '1', '13.03660366,80.25390271', 1, '2019-11-29 14:50:10', 2, 0, '2019-11-29 14:46:43', 320),
(31, 1, '0', 'Prem', 'Furniture store\n4/22, Rutland Gate 4th St', '600012', 'Thousand Lights', '9999999956', '980650099', 'Prem@thinksynq.in', '', '', 'Uploaded prospects for Thousand Lights', 28, 4, '321', NULL, '1', '0.0,0.0', 1, '2019-12-11 15:52:29', 2, 0, '2019-11-29 17:39:57', 319),
(32, 1, '0', 'Gayathri', 'Central Government Office\nMayor Basudev St', '600014', 'Korrukkupet', '9999999957', '980650100', 'Gayathri@thinksynq.in', '', '', 'Uploaded prospects for Korrukkupet', 29, 4, '321', NULL, '1', '0.0,0.0', 1, '2019-12-12 15:13:02', 2, 0, '2019-11-29 17:39:57', 319),
(33, 1, '0', 'Susi', 'Government office\n187, Anna Salai', '600016', 'Teynampet', '9999999958', '980650101', 'Susi@thinksynq.in', '', '', 'Uploaded prospects for Teynampet', 30, 4, '321', NULL, '1', '000,000', 1, '2019-12-12 16:11:26', 2, 0, '2019-11-29 17:39:57', 319),
(34, 1, '0', 'Mahi', 'Central Government Office\n34, Cathedral Garden Rd', '600018', 'T.nagar', '9999999959', '980650102', 'Mahi@thinksynq.in', '', '', 'Uploaded prospects for T.nagar', 31, 4, '321', NULL, '1', NULL, NULL, NULL, 1, 0, '2019-11-29 17:39:57', 319),
(35, 1, '0', 'Madhi', 'Government office\nno.299, Anna Salai', '600020', 'Teynampet', '9999999960', '980650103', 'Madhi@thinksynq.in', '', '', 'Uploaded prospects for Teynampet', 32, 4, '321', NULL, '1', '13.036730946041644,80.2535901311785', 2, '2019-11-29 17:14:09', 2, 0, '2019-11-29 17:39:57', 319),
(36, 2, '961', 'chezhiya', 'kadaperri', '600032', 'tambaram sanatorium', '8794645134584', NULL, '', NULL, NULL, '', NULL, NULL, '323', '', '1', '13.03658644,80.25388915', 1, '2019-12-30 10:41:21', 2, 0, '2019-11-29 16:18:47', 323),
(37, 2, '1500', 'vini', 'srinivasa nagar', '600093', 'pPTToBD._TTOOPoPo_B8', '9665350282828', NULL, '', NULL, NULL, '', NULL, NULL, '323', '', '1', '13.03660869,80.25381878', 1, '2020-01-08 14:07:34', 2, 0, '2019-11-29 16:28:18', 323),
(38, 2, '0', 'cisco', 'Washington', '668575', 'Washington', '5869052358686', NULL, '', NULL, NULL, '', NULL, NULL, '321', '', '2', '13.03626572,80.25372332', 1, '2019-12-02 10:40:05', 2, 0, '2019-11-30 11:59:58', 320),
(39, 2, '0', 'test', 'alwarpet', '600189', 'alwarpet', '9378864898534', NULL, '', NULL, NULL, '', NULL, NULL, '327', '', '1', '13.03656342,80.25392312', 1, '2019-12-10 14:52:33', 2, 0, '2019-11-30 15:08:18', 321),
(40, 2, '0', 'Yash', 'mylapore', '967984', 'mylapore', '9248864685895', NULL, '', NULL, NULL, '', NULL, NULL, '327', '', '1', '13.03660968,80.25390153', 1, '2019-12-12 15:48:54', 2, 0, '2019-11-30 15:09:02', 321),
(41, 2, '0', 'giri', 'tnagar', '600017', 'tnagar', '9256863587588', NULL, '', NULL, NULL, '', NULL, NULL, '327', '', '1', '13.03659483,80.25393986', 1, '2019-12-10 14:31:18', 2, 0, '2019-11-30 15:09:39', 321),
(42, 2, '0', 'riki', 'thambaram', '600028', 'thambaram', '9346595659865', NULL, '', NULL, NULL, '', NULL, NULL, '327', '', '1', '13.03654032,80.25384746', 1, '2019-12-10 14:05:47', 2, 0, '2019-11-30 15:10:27', 321),
(43, 2, '0', 'viki', 'alwarpet', '600198', 'alwarpet', '9259588934885', NULL, '', NULL, NULL, '', NULL, NULL, '327', '', '1', '13.03655182,80.253902', 1, '2019-11-30 15:28:02', 2, 0, '2019-11-30 15:11:00', 321),
(44, 2, '0', 'uma', 'mylapore', '600004', 'mylapore', '9576158606894', NULL, '', NULL, NULL, '', NULL, NULL, '327', '', '1', '13.0365036,80.253942', 1, '2019-12-10 13:50:51', 2, 0, '2019-11-30 15:53:46', 321),
(45, 2, '0', 'test', 'mylapore', '600180', 'mylapore', '9346480824685', NULL, '', NULL, NULL, '', NULL, NULL, '327', '', '1', '13.03656669,80.25391975', 1, '2019-12-10 15:02:24', 2, 0, '2019-12-10 15:01:57', 321),
(46, 1, '0', 'P101', 'Venus Colony', '600018', 'Alwarpet', '8787848586', '8484868486', 'p1@test.in', '', '', '', 42, 5, '330', NULL, '1', NULL, NULL, NULL, 1, 0, '2019-12-10 18:58:14', 329),
(47, 1, '0', 'P102', 'Balaji Nagar', '600014', 'Royapettah', '8787848587', '8484868487', 'p2@test.in', '', '', '', 43, 5, '330', NULL, '2', NULL, NULL, NULL, 1, 0, '2019-12-10 18:58:14', 329),
(48, 1, '0', 'P103', 'Railway Station', '600042', 'Velachery', '8787848588', '8484868488', 'p3@test.in', '', '', '', 44, 5, '330', NULL, '1', NULL, NULL, NULL, 1, 0, '2019-12-10 18:58:14', 329),
(49, 1, '0', 'P104', 'Ramapuram', '600025', 'Guindy', '8787848589', '8484868489', 'p4@test.in', '', '', '', 45, 5, '330', NULL, '2', '13.0365909,80.25386812', 1, '2019-12-10 18:21:21', 2, 0, '2019-12-10 18:58:14', 329),
(50, 2, '0', 'cheque', 'address', '600084', 'area1', '5658565856', NULL, '', NULL, NULL, '', NULL, NULL, '330', '331', '1', '13.0366042,80.2539023', NULL, NULL, 1, 0, '2019-12-10 17:24:53', 329),
(51, 2, '0', 'sale', 'sale address', '600054', 'sale area', '5854545454', NULL, '', NULL, NULL, '', NULL, NULL, '330', '331', '2', '13.03660067,80.25390384', 1, '2019-12-10 17:32:28', 2, 0, '2019-12-10 17:28:13', 329),
(52, 2, '0', 'demo complete', 'address', '600485', 'area', '6468686866', NULL, '', NULL, NULL, '', NULL, NULL, '330', '331', '1', '13.03660357,80.25386189', 2, '2019-12-10 18:49:52', 2, 0, '2019-12-10 18:22:39', 329),
(53, 2, '0', 'prodemo', 'address', '600152', 'area', '6985486784040', NULL, '', NULL, NULL, '', NULL, NULL, '330', '331', '1', '13.03659692,80.25387924', 1, '2019-12-10 18:54:15', 2, 0, '2019-12-10 18:52:36', 329),
(54, 1, '0', 'P105', 'Luz', '600004', 'Mylapore', '8787848590', '8484868490', 'p5@test.in', '', '', '', 46, 5, '333', NULL, '1', '0.0,0.0', 1, '2019-12-11 12:45:11', 2, 0, '2019-12-11 14:27:46', 329),
(55, 1, '0', 'P106', 'Railway Station', '600036', 'Tambaram', '8787848591', '8484868491', 'p6@test.in', '', '', '', 47, 5, '333', NULL, '2', NULL, NULL, NULL, 1, 0, '2019-12-11 14:27:46', 329),
(56, 1, '0', 'P107', 'Bus Stand', '600038', 'Chrompet', '8787848592', '8484868492', 'p7@test.in', '', '', '', 48, 5, '333', NULL, '1', NULL, NULL, NULL, 1, 0, '2019-12-11 14:27:46', 329),
(57, 1, '0', 'P108', 'Ranganathan Street', '600045', 'Tnagar', '8787848593', '8484868493', 'p8@test.in', '', '', '', 49, 5, '333', NULL, '2', NULL, NULL, NULL, 1, 0, '2019-12-11 14:27:46', 329),
(58, 1, '0', 'P109', 'Railway Station', '600048', 'Egmore', '8787848594', '8484868494', 'p9@test.in', '', '', '', 50, 5, '333', NULL, '1', NULL, NULL, NULL, 1, 0, '2019-12-11 14:27:46', 329),
(59, 1, '0', 'P110', 'Railway Station', '600049', 'Central', '8787848595', '8484868495', 'p10@test.in', '', '', '', 51, 5, '333', NULL, '2', NULL, NULL, NULL, 1, 0, '2019-12-11 14:27:46', 329),
(60, 2, '1552', 'coffee', 'chennai', '600018', 'mandulyang', '96325807412', NULL, '', NULL, NULL, '', NULL, NULL, '321', '327', '1', '000,000', 1, '2019-12-11 16:30:49', 2, 0, '2019-12-11 16:30:47', 321),
(61, 2, '0', 'Yash', 'alwarpet', '600018', 'alwarpet', '9349760597669', NULL, '', NULL, NULL, '', NULL, NULL, '327', '', '1', '13.03656997,80.25389189', 1, '2019-12-13 19:17:01', 2, 0, '2019-12-12 15:06:57', 321),
(62, 2, '0', 'ram', 'adyar', '600004', 'adyar', '9379098564658', NULL, '', NULL, NULL, '', NULL, NULL, '327', '', '1', '13.03661551,80.25391938', 1, '2019-12-12 18:26:12', 2, 0, '2019-12-12 15:08:08', 321),
(63, 2, '0', 'vini', 'mylapore', '600048', 'mylapore', '9348875949757', NULL, '', NULL, NULL, '', NULL, NULL, '327', '', '1', '13.03644055,80.25377847', 1, '2019-12-12 15:09:54', 2, 0, '2019-12-12 15:09:19', 321),
(64, 2, '0', 'Hari', 'tnagar', '600017', 'tnagar', '9275422597854', NULL, '', NULL, NULL, '', NULL, NULL, '327', '', '1', '13.03659856,80.25388928', 1, '2019-12-12 16:24:16', 2, 0, '2019-12-12 15:47:24', 321),
(65, 2, '0', 'test test', 'address', '685085', 'yfxugx', '9652583583583', NULL, '', NULL, NULL, '', NULL, NULL, '326', '328', '1', '13.0366061,80.2539014', NULL, NULL, 1, 0, '2019-12-12 17:33:50', 325),
(66, 2, '0', 'irish', 'central city', '600018', 'Mandulyang', '9632580741', NULL, '', NULL, NULL, '', NULL, NULL, '321', '', '1', '13.0366124,80.2538943', NULL, NULL, 1, 0, '2019-12-13 10:41:44', 320),
(67, 2, '0', 'yashi', 'address', '856909', 'dhfg', '98652314708', NULL, '', NULL, NULL, '', NULL, NULL, '326', '328', '1', '0.0,0.0', 1, '2019-12-13 11:11:56', 2, 65, '2019-12-13 10:57:35', 325),
(68, 2, '0', 'pugazh', 'cb', '600018', 'Mandulyang', '986532047125', NULL, '', NULL, NULL, '', NULL, NULL, '321', '', '1', '13.0366197,80.2539043', NULL, NULL, 1, 0, '2019-12-13 11:54:08', 320),
(69, 2, '0', 'durgaa', 'xvb', '600018', 'Mandulyang', '5846784840485', NULL, '', NULL, NULL, '', NULL, NULL, '321', '', '1', '13.0366051,80.2539044', NULL, NULL, 1, 0, '2019-12-13 11:57:29', 320),
(70, 2, '0', 'hari', 'gh', '600018', 'Mandulyang', '987657481064', NULL, '', NULL, NULL, '', NULL, NULL, '324', '', '1', '13.03658212,80.25388968', 1, '2020-01-08 12:32:24', 1, 0, '2019-12-13 12:03:55', 320),
(71, 2, '0', 'Prakash miirthy', 'thau', '570949', 'acagah', '7549946784464', NULL, '', NULL, NULL, '', NULL, NULL, '324', '', '1', '13.0366291,80.2538915', NULL, NULL, 1, 70, '2019-12-13 12:04:20', 320),
(72, 2, '0', 'cheque tets', 'address not disclosed', '809767', 'g ', '5497876799797', NULL, '', NULL, NULL, '', NULL, NULL, '328', '', '1', '13.0366037,80.2539018', NULL, NULL, 1, 0, '2019-12-13 12:06:17', 326),
(73, 2, '0', 'neelu', 'address', '600018', 'Mandulyang', '9632500744646', NULL, '', NULL, NULL, '', NULL, NULL, '326', '328', '1', '13.0366237,80.253908', NULL, NULL, 1, 0, '2019-12-13 13:57:41', 325),
(74, 2, '0', 'preetga', 'gaik', '609494', 'avbaa', '6797464694949', NULL, '', NULL, NULL, '', NULL, NULL, '326', '328', '1', '13.0366231,80.2539197', NULL, NULL, 1, 0, '2019-12-13 13:58:07', 325),
(75, 2, '0', 'durai', 'gabab', '649700', 'avhaba', '5494564848404', NULL, '', NULL, NULL, '', NULL, NULL, '326', '328', '1', '13.0366037,80.253912', NULL, NULL, 1, 0, '2019-12-13 13:58:41', 325),
(76, 2, '0', 'chezhiyan kumar', 'tamabt', '600018', 'Mandulyang', '9873274004048', NULL, '', NULL, NULL, '', NULL, NULL, '326', '328', '1', '13.0366275,80.2539115', NULL, NULL, 1, 0, '2019-12-13 13:59:27', 325),
(77, 2, '0', 'Kishore', 'kuptanagat', '600018', 'Mandulyang', '98074512365', NULL, '', NULL, NULL, '', NULL, NULL, '331', '', '1', '13.0366138,80.2539001', NULL, NULL, 1, 0, '2019-12-13 15:20:14', 330),
(78, 2, '0', 'Pradeep', 'u EF gdb', '559857', 'yrfsyfdg', '9625504158', NULL, '', NULL, NULL, '', NULL, NULL, '331', '', '1', '13.0366138,80.2539001', NULL, NULL, 1, 0, '2019-12-13 15:20:43', 330),
(79, 2, '0', 'njki', 'additional details', '600018', 'Mandulyang', '965338074218', NULL, '', NULL, NULL, '', NULL, NULL, '321', '', '1', '13.0366056,80.253904', NULL, NULL, 1, 0, '2019-12-13 15:55:26', 320),
(80, 2, '0', 'Elango', 'Narnia ', '600018', 'Mandulyang', '98074563215', NULL, '', NULL, NULL, '', NULL, NULL, '321', '', '1', '13.0366154,80.2539', NULL, NULL, 1, 0, '2019-12-13 16:03:19', 320),
(81, 2, '0', 'Iris west allen', 'central city', '600018', 'Mandulyang', '9847284844404', NULL, '', NULL, NULL, '', NULL, NULL, '321', '', '1', '13.0366151,80.2538993', NULL, NULL, 1, 0, '2019-12-13 16:08:48', 320),
(82, 2, '0', 'Cisco ramon', 'central city', '600018', 'Mandulyang', '9632580784512', NULL, '', NULL, NULL, '', NULL, NULL, '321', '', '1', '13.0366339,80.2539006', NULL, NULL, 1, 0, '2019-12-13 16:19:09', 320),
(83, 2, '0', 'joe', 'central cuty', '600454', 'jitters', '9766704948784', NULL, '', NULL, NULL, '', NULL, NULL, '321', '', '1', '13.0366423,80.2538932', NULL, NULL, 1, 0, '2019-12-13 16:27:07', 320),
(84, 1, '0', 'Kousalya', 'Address', 'Pin/zipcode', 'Area', '2314568970', '4567893210', 'test1@gmail.com', 'Company', 'Designation', 'Remarks', 52, 6, '321', NULL, '1', '13.03663455,80.25374618', 1, '2019-12-30 14:07:02', 2, 0, '2019-12-13 19:26:07', 330),
(85, 1, '0', 'Vijay', 'Address', 'Pin/zipcode', 'Area', '2314568971', '4567893211', 'test2@gmail.com', 'Company', 'Designation', 'Remarks', 53, 6, '321', NULL, '2', '13.03651222,80.25398165', 1, '2019-12-30 14:12:13', 2, 0, '2019-12-13 19:26:07', 330),
(86, 1, '0', 'Gowtham', 'Address', 'Pin/zipcode', 'Area', '2314568972', '4567893212', 'test3@gmail.com', 'Company', 'Designation', 'Remarks', 54, 6, '321', NULL, '1', NULL, NULL, NULL, 1, 0, '2019-12-13 19:26:07', 330),
(87, 2, '0', 'tested', 'alwarpet', '937894', 'alwarpet', '9599649948499', NULL, '', NULL, NULL, '', NULL, NULL, '327', '', '1', '13.03656174,80.25388798', 1, '2019-12-13 19:10:56', 2, 0, '2019-12-13 19:03:44', 330),
(88, 2, '0', 'devika', 'tsq', '600018', 'tesr', '8878869899', NULL, '', NULL, NULL, '', NULL, NULL, '327', '', '1', '13.03667435,80.25394437', 1, '2019-12-14 10:48:10', 2, 0, '2019-12-14 10:47:14', 330),
(89, 2, '0', 'vinothini', 'my heart', '636502', 'heart', '989454014333', NULL, 'thecooldon1413@gmail.com', NULL, NULL, '', NULL, NULL, '320', '321', '1', '13.036607,80.2539032', NULL, NULL, 1, 0, '2019-12-26 14:52:08', 319),
(90, 2, '0', 'priya', 'toast', '568904', 'han', '6905486797997', NULL, '', NULL, NULL, '', NULL, NULL, '320', '321', '1', '13.0365805,80.25385144', 1, '2019-12-30 16:35:25', 2, 0, '2019-12-26 15:03:53', 319),
(91, 2, '0', 'tera login', 'geirhe', '964584', 'Haryana', '6984867788487', NULL, '', NULL, NULL, '', NULL, NULL, '320', '321', '1', '13.0366012,80.253904', NULL, NULL, 1, 0, '2019-12-26 15:10:46', 319),
(92, 2, '0', 'GPS prospect', 'location', '000000', 'location', '98704561325', NULL, '', NULL, NULL, '', NULL, NULL, '334', '', '1', '13.0365984,80.2538896', NULL, NULL, 1, 0, '2019-12-30 10:34:21', 320),
(93, 2, '1523', 'prem chandar narayan', '16 es street kovai', '600018', 'kovai', '986550499638', NULL, '', NULL, NULL, '', NULL, NULL, '338', '', '2', '13.0366027,80.2539041', NULL, NULL, 1, 0, '2019-12-30 11:08:02', 338),
(94, 2, '0', 'Shankar', 'barbara', '098653', 'area ho', '9865074523583', NULL, '', NULL, NULL, '', NULL, NULL, '338', '', '2', '13.04185627028346,80.23416724987328', 1, '2020-01-13 12:42:35', 2, 0, '2019-12-30 11:13:03', 326),
(95, 2, '0', 'siva', 'km koil', '608301', 'ukra', '98074516432', NULL, '', NULL, NULL, '', NULL, NULL, '337', '', '2', '13.0366028,80.253904', NULL, NULL, 1, 0, '2019-12-30 11:14:43', 326),
(96, 2, '0', 'Balaji', 'km koil', '608301', 'thr', '9845613240', NULL, '', NULL, NULL, '', NULL, NULL, '337', '', '1', '13.0366024,80.2539042', NULL, NULL, 1, 0, '2019-12-30 11:15:42', 326),
(97, 2, '0', 'Ravinder', 'km koil', '608301', 'merry street', '91324657000', NULL, '', NULL, NULL, '', NULL, NULL, '337', '', '1', '13.0366229,80.2538934', NULL, NULL, 1, 0, '2019-12-30 11:16:56', 326),
(98, 2, '0', 'prabhahar', 'chennai', '608794', 'alwarpet', '890764543155', NULL, '', NULL, NULL, '', NULL, NULL, '336', '', '1', '13.0366021,80.2539043', NULL, NULL, 1, 0, '2019-12-30 11:18:27', 326),
(99, 2, '0', 'killer frost', 'central city', '689405', 'jitters', '9807456123', NULL, '', NULL, NULL, '', NULL, NULL, '336', '', '1', '13.03659899,80.2538974', 1, '2020-01-08 19:01:26', 2, 0, '2019-12-30 11:19:25', 326),
(100, 2, '0', 'vibe', 'central city', '645700', 'jitters', '9870456123484', NULL, '', NULL, NULL, '', NULL, NULL, '336', '', '1', '13.03651546,80.25403666', 1, '2019-12-30 14:03:46', 2, 0, '2019-12-30 11:20:04', 326),
(101, 2, '0', 'joe', 'central city', '608976', 'jitters', '0089564867654', NULL, '', NULL, NULL, '', NULL, NULL, '336', '', '1', '13.0365947,80.25389835', 1, '2020-01-08 18:53:12', 2, 0, '2019-12-30 11:20:29', 326),
(102, 2, '0', 'Joe west', 'central city', '089467', 'jitters', '8549489797870', NULL, '', NULL, NULL, '', NULL, NULL, '335', '', '1', '13.036650000000002,80.25379500000001', 1, '2020-01-08 17:48:10', 2, 0, '2019-12-30 11:21:50', 326),
(103, 2, '0', 'Nora allen', 'central city', '008849', 'jitters', '8790400045484', NULL, '', NULL, NULL, '', NULL, NULL, '335', '', '2', '13.03656023,80.25387843', 1, '2019-12-30 11:27:01', 2, 0, '2019-12-30 11:22:39', 326),
(104, 2, '0', 'Henry allen', 'central city', '097867', 'jitters', '0089679678778', NULL, '', NULL, NULL, '', NULL, NULL, '335', '', '1', '13.036650000000002,80.25379500000001', 1, '2020-01-08 17:48:48', 2, 0, '2019-12-30 11:23:08', 326),
(105, 2, '0', 'Barry Allen', 'central city', '097579', 'jitters', '0849674987979', NULL, '', NULL, NULL, '', NULL, NULL, '335', '', '1', '13.0366089,80.2539022', NULL, NULL, 1, 0, '2019-12-30 11:24:17', 326),
(106, 2, '0', 'Dev', 'kumbakonam', '608956', 'mamandur', '6952572583853', NULL, '', NULL, NULL, '', NULL, NULL, '337', '', '1', '13.03655763,80.25388413', 1, '2019-12-30 12:35:29', 2, 0, '2019-12-30 12:34:57', 326),
(107, 2, '0', 'banei', 'after effects', '098467', 'Gert', '8796767878404', NULL, '', NULL, NULL, '', NULL, NULL, '337', '', '1', '13.03652182,80.25357033', 1, '2019-12-30 13:57:05', 2, 0, '2019-12-30 13:56:35', 326),
(108, 2, '0', 'Nora west allen', 'central city', '876674', 'future in Central ci', '8676787676758', NULL, '', NULL, NULL, '', NULL, NULL, '335', '', '1', '13.03647306,80.2536574', 1, '2019-12-30 14:00:41', 2, 0, '2019-12-30 14:00:01', 326),
(109, 2, '0', 'ELANGO SARAVANAN', 'salem', '645788', 'ernakulam', '9464040494978', NULL, '', NULL, NULL, '', NULL, NULL, '335', '', '1', '13.03675543,80.25354179', 1, '2019-12-30 14:02:30', 2, 0, '2019-12-30 14:01:39', 326),
(110, 2, '0', 'caitlin', 'central city', '984678', 'jitters', '84684946797', NULL, '', NULL, NULL, '', NULL, NULL, '338', '', '1', '000,000', 1, '2019-12-30 14:05:58', 2, 0, '2019-12-30 14:04:52', 326),
(111, 2, '0', 'jadeja', 'address', '076679', 'vHH', '576494979674', NULL, '', NULL, NULL, '', NULL, NULL, '338', '', '1', '13.0365309,80.25398223', 1, '2019-12-30 14:26:55', 2, 0, '2019-12-30 14:26:28', 326),
(112, 2, '0', 'pratheeksha', 'uav', '840768', 'gV', '87070878404', NULL, '', NULL, NULL, '', NULL, NULL, '336', '', '1', '13.0366655,80.25429655', 1, '2019-12-30 14:29:48', 2, 0, '2019-12-30 14:27:51', 326),
(113, 2, '0', 'dhoni', 'jvdofb', '605345', 'cuzu', '3553876843248', NULL, '', NULL, NULL, '', NULL, NULL, '335', '', '1', '13.0366655,80.25429655', 1, '2019-12-30 14:31:03', 2, 0, '2019-12-30 14:30:41', 326),
(114, 2, '0', 'best regards', 'yfig ', '538685', 'fuxhjx ug', '83573275388', NULL, '', NULL, NULL, '', NULL, NULL, '328', '', '2', '13.03657652,80.25392704', 1, '2019-12-30 14:32:41', 2, 0, '2019-12-30 14:32:16', 326),
(115, 2, '0', 'tp', 'hav', '649970', 'vV vzv', '4904678707978', NULL, '', NULL, NULL, '', NULL, NULL, '328', '', '1', '13.03664698,80.25392266', 1, '2019-12-30 14:37:07', 2, 0, '2019-12-30 14:36:37', 326),
(116, 2, '0', 'testing', 'ug yf', '839868', 'fuchch', '538383838386', NULL, '', NULL, NULL, '', NULL, NULL, '328', '', '1', '13.0366019,80.2539045', NULL, NULL, 1, 0, '2019-12-30 14:48:10', 326),
(117, 2, '0', 'Leonard snart', 'central city', '049766', 'thief', '540767998884', NULL, '', NULL, NULL, '', NULL, NULL, '338', '', '1', '13.03661297,80.25376878', 1, '2019-12-30 15:18:39', 2, 0, '2019-12-30 15:10:29', 326),
(118, 2, '0', 'golden gun', 'txh', '583982', 'test bb', '5838828724258', NULL, '', NULL, NULL, '', NULL, NULL, '338', '', '1', '13.03653135,80.25386377', 1, '2019-12-30 15:33:06', 2, 0, '2019-12-30 15:19:18', 326),
(119, 2, '0', 'Heisenberg', 'come', '947079', 'call us', '5499797840400', NULL, '', NULL, NULL, '', NULL, NULL, '328', '', '1', '13.0365982,80.2538899', NULL, NULL, 1, 0, '2019-12-31 12:02:44', 326),
(120, 2, '0', 'new prospect for 202', 'address', '604997', 'G', '7864846578464', NULL, '', NULL, NULL, '', NULL, NULL, '321', '', '1', '13.036604,80.2539034', NULL, NULL, 1, 0, '2020-01-06 15:56:25', 320),
(121, 2, '1170', 'el', 'te', '692038', 'd', '2502502802802', NULL, '', NULL, NULL, '', NULL, NULL, '337', '', '1', '13.0366013,80.2539047', NULL, NULL, 1, 0, '2020-01-07 10:18:14', 337),
(122, 2, '0', 'demo prospect', 'sfyyf', '530358', 'fyi g', '8686827256868', NULL, '', NULL, NULL, '', NULL, NULL, '321', '', '1', '13.0366201,80.2539133', NULL, NULL, 1, 0, '2020-01-07 10:29:39', 320),
(123, 2, '0', 'kavin', 'address', '674894', 'madurai', '6486487807070', NULL, '', NULL, NULL, '', NULL, NULL, '342', '', '1', '13.03658016,80.2538777', 1, '2020-01-07 14:29:13', 1, 0, '2020-01-07 12:15:13', 320),
(124, 2, '0', 'vinitha', 'kmkoil udayar', '698049', 'kmkoil', '9348408487040', NULL, '', NULL, NULL, '', NULL, NULL, '323', '', '1', '13.03659944,80.25385366', 1, '2020-01-08 13:00:30', 2, 0, '2020-01-08 12:59:19', 320),
(125, 2, '0', 'durga', 'gaui', '648767', 'knkhb', '5464049948848', NULL, '', NULL, NULL, '', NULL, NULL, '323', '', '1', '13.03660432,80.25379648', 1, '2020-01-08 14:05:08', 2, 0, '2020-01-08 14:04:19', 320),
(126, 1, '0', 'Sudha', 'Address', '608301', 'Area', '9875896412', '9988555555', 'Mail1@gmail.com', 'Company', 'Designation', 'Remarks', 62, 7, '340', NULL, '1', '13.036650000000002,80.25379500000001', 1, '2020-01-08 16:01:33', 2, 0, '2020-01-08 17:41:35', 320),
(127, 1, '0', 'Thamil', 'Address', '608302', 'Area', '9629207202', '9988555556', 'Mail2@gmail.com', 'Company', 'Designation', 'Remarks', 63, 7, '340', NULL, '2', '13.036650000000002,80.25379500000001', 1, '2020-01-08 16:02:12', 2, 0, '2020-01-08 17:41:35', 320),
(128, 1, '0', 'Athulya', 'Address', '608303', 'Area', '9874102563', '9988555557', 'Mail3@gmail.com', 'Company', 'Designation', 'Remarks', 64, 7, '340', NULL, '3', '13.036650000000002,80.25379500000001', 1, '2020-01-08 15:59:20', 2, 0, '2020-01-08 17:41:35', 320),
(129, 1, '0', 'Mithra', 'Address', '608304', 'Area', '8974589610', '9988555558', 'Mail4@gmail.com', 'Company', 'Designation', 'Remarks', 65, 7, '340', NULL, '4', '13.036650000000002,80.25379500000001', 1, '2020-01-08 15:26:12', 2, 0, '2020-01-08 17:41:35', 320),
(130, 2, '0', 'Boston hs', 'bdvsh', '979797', 'gsggshshshshbshsbsbz', '9787979870797', NULL, '', NULL, NULL, '', NULL, NULL, '340', '', '1', '13.036650000000002,80.25379500000001', 1, '2020-01-08 16:44:52', 2, 0, '2020-01-08 16:44:30', 320),
(131, 2, '0', 'dare', 'hsvznzn', '978788', 'hsbkz', '6468797979978', NULL, '', NULL, NULL, '', NULL, NULL, '340', '', '1', '13.0365983,80.2538916', NULL, NULL, 1, 0, '2020-01-08 16:45:39', 320),
(132, 2, '0', 'tets documentary', 'gzjzb', '679494', 'hsvzjz', '6497870790', NULL, '', NULL, NULL, '', NULL, NULL, '336', '', '1', '13.03659239,80.25390141', 1, '2020-01-08 19:05:07', 2, 0, '2020-01-08 17:15:45', 326),
(133, 2, '0', 'gayu', 'pensnz bzbz', '959707', 'hVz', '618496704 707', NULL, '', NULL, NULL, '', NULL, NULL, '335', '', '1', '13.036650000000002,80.25379500000001', 1, '2020-01-08 17:49:28', 2, 0, '2020-01-08 17:49:11', 326),
(134, 2, '0', 'rethu', 'hsvz', '978999', 'bzbzvz', '9497049494848', NULL, '', NULL, NULL, '', NULL, NULL, '335', '', '1', '13.036650000000002,80.25379500000001', 1, '2020-01-08 17:59:07', 2, 0, '2020-01-08 17:49:57', 326),
(135, 2, '0', 'premnath', 'jzvans', '986454', 'atea', '6484876784804', NULL, '', NULL, NULL, '', NULL, NULL, '335', '', '1', '13.036650000000002,80.25379500000001', 1, '2020-01-08 18:05:05', 2, 0, '2020-01-08 18:04:37', 326),
(136, 2, '0', 'tarun', 'gav', '648404', 'gavav', '6418640404878', NULL, '', NULL, NULL, '', NULL, NULL, '335', '', '1', '13.036650000000002,80.25379500000001', 1, '2020-01-08 18:08:01', 2, 0, '2020-01-08 18:07:36', 326),
(137, 2, '0', 'caren', 'fatad', '648497', 'hVahavsc', '6484678048784', NULL, '', NULL, NULL, '', NULL, NULL, '335', '', '1', '13.036650000000002,80.25379500000001', 1, '2020-01-08 18:11:50', 2, 0, '2020-01-08 18:08:25', 326),
(138, 2, '0', 'ravi', 'have  ', '678704', 'havsv', '6484970700707', NULL, '', NULL, NULL, '', NULL, NULL, '335', '', '1', '13.0366052,80.2539012', NULL, NULL, 1, 0, '2020-01-08 18:22:29', 326),
(139, 2, '0', 'priyanka', 'address for the employee', '649840', 'area rugs', '6794848404040', NULL, '', NULL, NULL, '', NULL, NULL, '336', '', '1', '13.03670596,80.25415695', 1, '2020-01-10 18:21:59', 2, 0, '2020-01-10 18:20:38', 326),
(140, 2, '0', 'dp test', 'adtfs', '679784', 'avVa', '9191848799778', NULL, '', NULL, NULL, '', NULL, NULL, '336', '', '1', '13.03670596,80.25415695', 1, '2020-01-10 18:30:14', 2, 0, '2020-01-10 18:29:49', 326),
(141, 2, '0', 'dp test with doc', 'ahsvvs', '648704', 'agfacs', '3484976780797', NULL, '', NULL, NULL, '', NULL, NULL, '336', '', '1', '13.03670596,80.25415695', 1, '2020-01-10 18:32:13', 2, 0, '2020-01-10 18:31:48', 326),
(142, 2, '0', 'tswgd', 'igfigv', '864357', 'gztuxug', '6878069086803', NULL, '', NULL, NULL, '', NULL, NULL, '321', '', '1', '13.0366109,80.2539014', NULL, NULL, 1, 0, '2020-01-10 18:39:14', 320),
(143, 2, '0', 'test document', 'havzhzbzv', '679797', 'hzvabs', '6484846784004', NULL, '', NULL, NULL, '', NULL, NULL, '321', '', '1', '13.0366025,80.2539048', NULL, NULL, 1, 0, '2020-01-10 18:40:11', 320),
(144, 2, '0', 'test cheque', 'hsvshs', '678464', 'areea', '6484640040707', NULL, '', NULL, NULL, '', NULL, NULL, '321', '', '1', '13.0366224,80.2539131', NULL, NULL, 1, 0, '2020-01-10 18:40:44', 320),
(145, 2, '0', 'test call', 'bs svs ', '970407', 'vaj', '6484049787004', NULL, '', NULL, NULL, '', NULL, NULL, '321', '', '1', '13.0366016,80.2539058', NULL, NULL, 1, 0, '2020-01-10 18:41:20', 320),
(146, 2, '0', 'test follow up h', 'hshsv ', '675754', 'gahg a', '6467840797078', NULL, '', NULL, NULL, '', NULL, NULL, '321', '', '1', '13.0365925,80.2538913', NULL, NULL, 1, 0, '2020-01-10 18:42:10', 320),
(147, 2, '0', 'test demo in 2', 'hzvsb', '678784', 'hzfshsv', '6454848840404', NULL, '', NULL, NULL, '', NULL, NULL, '336', '', '1', '13.0365906,80.2538969', NULL, NULL, 1, 0, '2020-01-10 18:43:08', 326),
(148, 2, '0', 'test on follow up', 'hzhsv', '878764', 'jxbxbxvv', '6781876801788', NULL, '', NULL, NULL, '', NULL, NULL, '336', '', '1', '13.0366025,80.2539043', NULL, NULL, 1, 0, '2020-01-10 18:43:47', 326),
(149, 2, '0', 'test call on prow', 'hzvsns', '576404', 'nd rnfjvf', '6481644850085', NULL, '', NULL, NULL, '', NULL, NULL, '336', '', '1', '13.0365822,80.2539046', NULL, NULL, 1, 0, '2020-01-10 18:44:24', 326),
(150, 2, '0', 'test priduct', 'hsvsv', '548784', 'ccna z x ', '5754848040040', NULL, '', NULL, NULL, '', NULL, NULL, '323', '', '1', '0.0,0.0', 1, '2020-01-13 11:55:17', 2, 0, '2020-01-10 19:12:56', 320),
(151, 2, '0', 'rathna', 'tnsg', '646498', 'uaa', '3494984049758', NULL, '', NULL, NULL, '', NULL, NULL, '323', '', '1', '13.0365998,80.2539015', NULL, NULL, 1, 0, '2020-01-13 11:29:43', 320),
(152, 2, '0', 'rashmika', 'rels', '679490', 'hVsjzb', '6784648467818', NULL, '', NULL, NULL, '', NULL, NULL, '323', '', '1', '13.0366233,80.2539008', NULL, NULL, 1, 0, '2020-01-13 11:30:48', 320),
(153, 2, '0', 'yash', 'ha d', '679497', 'ha no', '6789716751867', NULL, '', NULL, NULL, '', NULL, NULL, '323', '', '1', '13.0366127,80.2538976', NULL, NULL, 1, 0, '2020-01-13 11:31:26', 320),
(154, 2, '0', 'theju', 'hdv', '675006', 'gzbks', '6085757804961', NULL, '', NULL, NULL, '', NULL, NULL, '323', '', '1', '13.0366058,80.2538916', NULL, NULL, 1, 0, '2020-01-13 11:33:02', 320),
(155, 2, '0', 'Harish', 'hzb', '348674', 'y zee', '6704215098090', NULL, '', NULL, NULL, '', NULL, NULL, '323', '', '1', '13.0365961,80.2538856', NULL, NULL, 1, 0, '2020-01-13 11:33:45', 320),
(156, 2, '0', 'meera', 'gausv', '649574', 'Ch zjx dj', '6784801978700', NULL, '', NULL, NULL, '', NULL, NULL, '323', '', '1', '0.0,0.0', 1, '2020-01-13 11:56:00', 2, 0, '2020-01-13 11:55:36', 320),
(157, 2, '0', 'ajay', 'udbsn', '648480', 'hzvsh', '6705850505485', NULL, '', NULL, NULL, '', NULL, NULL, '323', '', '1', '0.0,0.0', 1, '2020-01-13 11:59:29', 2, 0, '2020-01-13 11:58:24', 320),
(158, 2, '0', 'guru', 'fuif', '658683', 'uxiuf', '3356686868257', NULL, '', NULL, NULL, '', NULL, NULL, '323', '', '1', '0.0,0.0', 1, '2020-01-13 12:05:24', 2, 0, '2020-01-13 11:59:53', 320),
(159, 2, '0', 'guru prasath', 'address', '648484', 'hsvd', '6804678404097', NULL, '', NULL, NULL, '', NULL, NULL, '323', '', '1', '0.0,0.0', 1, '2020-01-13 12:20:18', 2, 0, '2020-01-13 12:15:46', 320),
(160, 2, '0', 'pavithra', 'ugugic', '354876', 'giigdihxh', '6098357573546', NULL, '', NULL, NULL, '', NULL, NULL, '323', '', '1', '0.0,0.0', 1, '2020-01-13 12:22:40', 2, 0, '2020-01-13 12:21:30', 320),
(161, 2, '0', 'babu', 'yfsugdv', '357680', 'zuvxihc', '5868054328688', NULL, '', NULL, NULL, '', NULL, NULL, '323', '', '1', '0.0,0.0', 1, '2020-01-13 12:23:59', 2, 0, '2020-01-13 12:23:05', 320),
(162, 2, '0', 'eleven', 'ysbz', '979467', 'gzvbz', '679798708570', NULL, '', NULL, NULL, '', NULL, NULL, '337', '', '1', '13.0366029,80.2538923', NULL, NULL, 1, 0, '2020-01-13 12:35:24', 326),
(163, 2, '0', 'mike', 'csk', '679467', 'hzb', '6740378404075', NULL, '', NULL, NULL, '', NULL, NULL, '337', '', '1', '13.0366029,80.2538923', NULL, NULL, 1, 0, '2020-01-13 12:36:05', 326),
(164, 2, '0', 'lucas', 'dav', '648409', 'vsbsjhzbsbs ', '9704087576484', NULL, '', NULL, NULL, '', NULL, NULL, '337', '', '1', '13.0366185,80.2539023', NULL, NULL, 1, 0, '2020-01-13 12:36:45', 326),
(165, 2, '0', 'Dustin', 'rc', '582585', 'fyg y', '7585524145850', NULL, '', NULL, NULL, '', NULL, NULL, '337', '', '1', '13.0366039,80.2539037', NULL, NULL, 1, 0, '2020-01-13 12:40:09', 326),
(166, 2, '0', 'mohan', 'hdbdn', '959797', 'hxv', '+449894540143', NULL, '', NULL, NULL, '', NULL, NULL, '338', '', '1', '13.04185627028346,80.23416724987328', 1, '2020-01-13 12:45:06', 2, 0, '2020-01-13 12:43:03', 326),
(167, 2, '0', 'Jones ', 'SH 86', '636502', 'te', '+919894540143', NULL, 'elangovan2109@gmail.com', NULL, NULL, '', NULL, NULL, '338', '', '1', '13.04185627028346,80.23416724987328', 1, '2020-01-13 12:46:14', 2, 0, '2020-01-13 12:45:34', 326),
(168, 2, '0', 'max', 'hs', '670896', 'hsvdb', '6589770705558', NULL, '', NULL, NULL, '', NULL, NULL, '338', '', '1', '13.04185627028346,80.23416724987328', 1, '2020-01-13 12:47:13', 2, 0, '2020-01-13 12:46:41', 326),
(169, 2, '0', 'harichandar', 'hsvb', '670487', 'hd ', '6450575457019', NULL, '', NULL, NULL, '', NULL, NULL, '324', '', '1', '13.03658312,80.25383466', 1, '2020-01-13 12:51:21', 2, 0, '2020-01-13 12:51:04', 320),
(170, 2, '0', 'thamilvannan', 'salem namakal', '600985', 'Salem', '8909562147888', NULL, '', NULL, NULL, '', NULL, NULL, '339', '', '1', '13.0366191,80.2538975', NULL, NULL, 1, 0, '2020-01-13 15:09:18', 320),
(171, 2, '0', 'giant order', 'ihcjh', '306803', 'ugxugxug ', '3735857327358', NULL, '', NULL, NULL, '', NULL, NULL, '343', '', '1', '0.0,0.0', 1, '2020-01-13 15:37:29', 2, 0, '2020-01-13 15:37:05', 320);

-- --------------------------------------------------------

--
-- Table structure for table `prospects_upload`
--

CREATE TABLE `prospects_upload` (
  `upload_id` int(11) NOT NULL,
  `upload_datetime` datetime NOT NULL,
  `record_count` int(10) NOT NULL,
  `assigned` int(10) DEFAULT NULL,
  `upload_by` int(10) NOT NULL,
  `created_by` int(10) NOT NULL,
  `created_at` datetime NOT NULL
) ENGINE=InnoDB DEFAULT CHARSET=latin1;

--
-- Dumping data for table `prospects_upload`
--

INSERT INTO `prospects_upload` (`upload_id`, `upload_datetime`, `record_count`, `assigned`, `upload_by`, `created_by`, `created_at`) VALUES
(1, '2019-11-29 14:13:27', 13, 13, 319, 319, '2019-11-29 14:13:27'),
(2, '2019-11-29 14:29:53', 0, NULL, 319, 319, '2019-11-29 14:29:53'),
(3, '2019-11-29 14:30:39', 14, 14, 319, 319, '2019-11-29 14:30:39'),
(4, '2019-11-29 17:39:03', 14, 5, 319, 319, '2019-11-29 17:39:03'),
(5, '2019-12-10 18:57:50', 10, 10, 329, 329, '2019-12-10 18:57:50'),
(6, '2019-12-13 19:25:31', 10, 3, 330, 330, '2019-12-13 19:25:31'),
(7, '2020-01-08 17:40:44', 15, 4, 320, 320, '2020-01-08 17:40:44');

-- --------------------------------------------------------

--
-- Table structure for table `prospects_upload_details`
--

CREATE TABLE `prospects_upload_details` (
  `id` int(11) NOT NULL,
  `leadsource_id` int(10) DEFAULT NULL,
  `upload_id` int(11) NOT NULL,
  `prospect_name` varchar(100) NOT NULL,
  `mobile_no` varchar(20) NOT NULL,
  `alter_mobileno` varchar(20) NOT NULL,
  `mail_id` varchar(100) NOT NULL,
  `address` varchar(255) NOT NULL,
  `area` varchar(100) NOT NULL,
  `zipcode` varchar(100) NOT NULL,
  `company` varchar(100) NOT NULL,
  `designation` varchar(100) NOT NULL,
  `remarks` varchar(255) NOT NULL,
  `assign` int(1) NOT NULL DEFAULT '1' COMMENT '1=No | 2=Yes assigned',
  `created_by` int(10) NOT NULL,
  `created_at` datetime NOT NULL
) ENGINE=InnoDB DEFAULT CHARSET=latin1;

--
-- Dumping data for table `prospects_upload_details`
--

INSERT INTO `prospects_upload_details` (`id`, `leadsource_id`, `upload_id`, `prospect_name`, `mobile_no`, `alter_mobileno`, `mail_id`, `address`, `area`, `zipcode`, `company`, `designation`, `remarks`, `assign`, `created_by`, `created_at`) VALUES
(1, 2, 1, 'Hema', '9784545622', '9865320124', 'hemavathi.a@thinksynq.in', 'Indoor lodging\nAMC Enclave, No. 6, Third Cross Street, Sterling Road, Nungamba', 'Nungambakkam', '600013', '', '', 'Uploaded prospects for Nungambakkam', 2, 319, '2019-11-29 14:13:27'),
(2, 2, 1, 'Durga', '9600320609', '9865320126', 'durgaa@thinksynq.in', 'State government office\n567, Chennai - Trichy Hwy', 'Teynampet', '600015', '', '', 'Uploaded prospects for Teynampet', 2, 319, '2019-11-29 14:13:27'),
(3, 2, 1, 'Saravanan', '9874563210', '9865320128', 'saravanan@thinksynq.in', 'Apartment building\n39, Kasturi Rangan Rd', 'Teynampet', '600017', '', '', 'Uploaded prospects for Teynampet', 2, 319, '2019-11-29 14:13:27'),
(4, 2, 1, 'Saravana kumar', '8520134679', '9865320130', 'saravanakumar@thinksynq.in', 'Government office\nAG\'s Office Complex, 361, Anna S', 'T.nagar', '600019', '', '', 'Uploaded prospects for T.nagar', 2, 319, '2019-11-29 14:13:28'),
(5, 2, 1, 'Divya', '6547891230', '9865320132', 'divyadharshini@thinksynq.in', 'State government office\nSir Theagaraya Rd', 'T.nagar', '600021', '', '', 'Uploaded prospects for T.nagar', 2, 319, '2019-11-29 14:13:28'),
(6, 2, 1, 'Rahul', '9156320782', '9865320134', 'rahul.r@thinksynq.in', 'Central Government Office\nGopalakrishna Rd', 'T.nagar', '600023', '', '', 'Uploaded prospects for T.nagar', 2, 319, '2019-11-29 14:13:28'),
(7, 2, 1, 'Saikiran', '9898656523', '9865320136', 'saikiran@thinksynq.in', 'High-end hotel featuring an outdoor pool, 2 bars & 3 refined restaurants, plus a nightclub', 'Anna salai', '600025', '', '', 'Uploaded prospects for Anna salai', 2, 319, '2019-11-29 14:13:28'),
(8, 2, 1, 'Rakesh', '6985741235', '9865320138', 'rakesh@thinksynq.in', 'Sir Theagaraya Rd, T.V.K Colony, Teynampet', 'T.nagar', '600027', '', '', 'Uploaded prospects for T.nagar', 2, 319, '2019-11-29 14:13:28'),
(9, 2, 1, 'Nivetha', '9966565623', '9865320140', 'nivetha@thinksynq.in', 'No.64/1 \"UTSAV\" G.N., Gopathi Narayanaswami Chetty Rd, T Nagar', 'T.nagar', '600029', '', '', 'Uploaded prospects for T.nagar', 2, 319, '2019-11-29 14:13:28'),
(10, 2, 1, 'Raghupathi', '8978458956', '9865320142', 'raghupathi@thinksynq.in', 'Cecilia Chapman 711-2880 Nulla St. Mankato Mississippi', 'Washington', '600031', '', '', 'Uploaded prospects for Thousand Lights', 2, 319, '2019-11-29 14:13:28'),
(11, 2, 1, 'Vaidheeswari', '9986532014', '9865320144', 'vaidheeswari@thinksynq.in', 'Main Highway Otaki; 32 Wilson Street.', 'Washington', '600033', '', '', 'Uploaded prospects for Thousand Lights', 2, 319, '2019-11-29 14:13:28'),
(12, 2, 1, 'Prabhu', '8975421321', '9865320146', 'prabhu@thinksynq.in', 'Studio 103. The Business Centre 61 Wellfield Road Roath Cardiff CF24 3DG', 'Washington', '600035', '', '', 'Uploaded prospects for Thousand Lights', 2, 319, '2019-11-29 14:13:28'),
(13, 2, 1, 'Midhun', '9845123565', '9865320151', 'midhun@thinksynq.in', 'Foreign consulate\n56, Sterling Rd', 'Nungambakkam', '600040', '', '', 'Uploaded prospects for Nungambakkam', 2, 319, '2019-11-29 14:13:29'),
(14, 1, 3, 'Jancy', '9865320145', '980650000', 'jancyjenifer@thinksynq.in', 'Furniture store\n4/22, Rutland Gate 4th St', 'Thousand Lights', '600012', '', '', 'Uploaded prospects for Thousand Lights', 2, 319, '2019-11-29 14:30:40'),
(15, 1, 3, 'Vinitha', '9865504996', '980650001', 'vinitha@thinksynq.in', 'Central Government Office\nMayor Basudev St', 'Korrukkupet', '600014', '', '', 'Uploaded prospects for Korrukkupet', 2, 319, '2019-11-29 14:30:40'),
(16, 1, 3, 'Aravind', '7894561230', '980650002', 'aravindkumar@thinksynq.in', 'Government office\n187, Anna Salai', 'Teynampet', '600016', '', '', 'Uploaded prospects for Teynampet', 2, 319, '2019-11-29 14:30:40'),
(17, 1, 3, 'Thamil', '9632587410', '980650003', 'thamilvaanan@thinksynq.in', 'Central Government Office\n34, Cathedral Garden Rd', 'T.nagar', '600018', '', '', 'Uploaded prospects for T.nagar', 2, 319, '2019-11-29 14:30:40'),
(18, 1, 3, 'Muthulakshmi', '7899876544', '980650004', 'muthulakshmi@thinksynq.in', 'Government office\nno.299, Anna Salai', 'Teynampet', '600020', '', '', 'Uploaded prospects for Teynampet', 2, 319, '2019-11-29 14:30:40'),
(19, 1, 3, 'Bala deepak', '7410258963', '980650005', 'baladeepak@thinksynq.in', 'Government office', 'Teynampet', '600022', '', '', 'Uploaded prospects for Teynampet', 2, 319, '2019-11-29 14:30:40'),
(20, 1, 3, 'Vijay', '8794568555', '980650006', 'vijay@thinksynq.in', 'Hotel\nNo 601, Anna Salai, near US Embassy', 'Anna salai', '600024', '', '', 'Uploaded prospects for Anna salai', 2, 319, '2019-11-29 14:30:40'),
(21, 1, 3, 'Priya', '9988774512', '980650007', 'sathiyapriya@thinksynq.in', 'Advertising agency\nPost Office, Old No.188/5, New No.', 'T.nagar', '600026', '', '', 'Uploaded prospects for T.nagar', 2, 319, '2019-11-29 14:30:40'),
(22, 1, 3, 'Parthiban', '6320147895', '980650008', 'parthiban@thinksynq.in', 'Shree Park Building, 578, Mayor Sundar Rao Rd, Teynampet, Thiru Vi Ka Kudiyiruppu, Teynampet', 'Teynampet', '600028', '', '', 'Uploaded prospects for Teynampet', 2, 319, '2019-11-29 14:30:41'),
(23, 1, 3, 'Marimuthu', '6945781235', '980650009', 'marimuthu@thinksynq.in', '634, Anna Salai, Thousand Lights East, Thousand Lights', 'Thousand Lights', '600030', '', '', 'Uploaded prospects for Thousand Lights', 2, 319, '2019-11-29 14:30:41'),
(24, 1, 3, 'Pal', '6897656685', '980650010', 'pall@thinksynq.in', '21 Greens Road RD 2 Ruawai 0592', 'Washington', '600032', '', '', 'Uploaded prospects for Thousand Lights', 2, 319, '2019-11-29 14:30:41'),
(25, 1, 3, 'Prabha', '8944784512', '980650011', 'prabha@thinksynq.in', '445 Mount Eden Road, Mount Eden, Auckland', 'Washington', '600034', '', '', 'Uploaded prospects for Thousand Lights', 2, 319, '2019-11-29 14:30:41'),
(26, 1, 3, 'Yuvarani', '7685962310', '980650012', 'yuvarani@thinksynq.in', '20 Sunny Street, City', 'Washington', '600037', '', '', 'Uploaded prospects for Thousand Lights', 2, 319, '2019-11-29 14:30:41'),
(27, 1, 3, 'Aravindh', '9852013562', '980650013', 'aravind@thinksynq.in', '2025 M Street, Northwest, Washington, DC', 'Washington', '600039', '', '', 'Uploaded prospects for Thousand Lights', 2, 319, '2019-11-29 14:30:41'),
(28, 1, 4, 'Prem', '9999999956', '980650099', 'Prem@thinksynq.in', 'Furniture store\n4/22, Rutland Gate 4th St', 'Thousand Lights', '600012', '', '', 'Uploaded prospects for Thousand Lights', 2, 319, '2019-11-29 17:39:03'),
(29, 1, 4, 'Gayathri', '9999999957', '980650100', 'Gayathri@thinksynq.in', 'Central Government Office\nMayor Basudev St', 'Korrukkupet', '600014', '', '', 'Uploaded prospects for Korrukkupet', 2, 319, '2019-11-29 17:39:03'),
(30, 1, 4, 'Susi', '9999999958', '980650101', 'Susi@thinksynq.in', 'Government office\n187, Anna Salai', 'Teynampet', '600016', '', '', 'Uploaded prospects for Teynampet', 2, 319, '2019-11-29 17:39:03'),
(31, 1, 4, 'Mahi', '9999999959', '980650102', 'Mahi@thinksynq.in', 'Central Government Office\n34, Cathedral Garden Rd', 'T.nagar', '600018', '', '', 'Uploaded prospects for T.nagar', 2, 319, '2019-11-29 17:39:03'),
(32, 1, 4, 'Madhi', '9999999960', '980650103', 'Madhi@thinksynq.in', 'Government office\nno.299, Anna Salai', 'Teynampet', '600020', '', '', 'Uploaded prospects for Teynampet', 2, 319, '2019-11-29 17:39:03'),
(33, 1, 4, 'Ashok', '9999999961', '980650104', 'Ashok@thinksynq.in', 'Government office', 'Teynampet', '600022', '', '', 'Uploaded prospects for Teynampet', 1, 319, '2019-11-29 17:39:03'),
(34, 1, 4, 'Prathip', '9999999962', '980650105', 'Prathip@thinksynq.in', 'Hotel\nNo 601, Anna Salai, near US Embassy', 'Anna salai', '600024', '', '', 'Uploaded prospects for Anna salai', 1, 319, '2019-11-29 17:39:03'),
(35, 1, 4, 'Prakash', '9999999963', '980650106', 'Prakash@thinksynq.in', 'Advertising agency\nPost Office, Old No.188/5, New No.', 'T.nagar', '600026', '', '', 'Uploaded prospects for T.nagar', 1, 319, '2019-11-29 17:39:04'),
(36, 1, 4, 'Kumar', '9999999964', '980650107', 'Kumar@thinksynq.in', 'Shree Park Building, 578, Mayor Sundar Rao Rd, Teynampet, Thiru Vi Ka Kudiyiruppu, Teynampet', 'Teynampet', '600028', '', '', 'Uploaded prospects for Teynampet', 1, 319, '2019-11-29 17:39:04'),
(37, 1, 4, 'Hari', '9999999965', '980650108', 'Hari@thinksynq.in', '634, Anna Salai, Thousand Lights East, Thousand Lights', 'Thousand Lights', '600030', '', '', 'Uploaded prospects for Thousand Lights', 1, 319, '2019-11-29 17:39:04'),
(38, 1, 4, 'Megala', '9999999966', '980650109', 'Megala@thinksynq.in', '21 Greens Road RD 2 Ruawai 0592', 'Washington', '600032', '', '', 'Uploaded prospects for Thousand Lights', 1, 319, '2019-11-29 17:39:04'),
(39, 1, 4, 'Mani', '9999999967', '980650110', 'Mani@thinksynq.in', '445 Mount Eden Road, Mount Eden, Auckland', 'Washington', '600034', '', '', 'Uploaded prospects for Thousand Lights', 1, 319, '2019-11-29 17:39:04'),
(40, 1, 4, 'Manimozhi', '9999999968', '980650111', 'Manimozhi@thinksynq.in', '20 Sunny Street, City', 'Washington', '600037', '', '', 'Uploaded prospects for Thousand Lights', 1, 319, '2019-11-29 17:39:04'),
(41, 1, 4, 'keerthi', '9999999969', '980650112', 'keerthi@thinksynq.in', '2025 M Street, Northwest, Washington, DC', 'Washington', '600039', '', '', 'Uploaded prospects for Thousand Lights', 1, 319, '2019-11-29 17:39:04'),
(42, 1, 5, 'P101', '8787848586', '8484868486', 'p1@test.in', 'Venus Colony', 'Alwarpet', '600018', '', '', '', 2, 329, '2019-12-10 18:57:50'),
(43, 2, 5, 'P102', '8787848587', '8484868487', 'p2@test.in', 'Balaji Nagar', 'Royapettah', '600014', '', '', '', 2, 329, '2019-12-10 18:57:50'),
(44, 1, 5, 'P103', '8787848588', '8484868488', 'p3@test.in', 'Railway Station', 'Velachery', '600042', '', '', '', 2, 329, '2019-12-10 18:57:50'),
(45, 2, 5, 'P104', '8787848589', '8484868489', 'p4@test.in', 'Ramapuram', 'Guindy', '600025', '', '', '', 2, 329, '2019-12-10 18:57:50'),
(46, 1, 5, 'P105', '8787848590', '8484868490', 'p5@test.in', 'Luz', 'Mylapore', '600004', '', '', '', 2, 329, '2019-12-10 18:57:50'),
(47, 2, 5, 'P106', '8787848591', '8484868491', 'p6@test.in', 'Railway Station', 'Tambaram', '600036', '', '', '', 2, 329, '2019-12-10 18:57:50'),
(48, 1, 5, 'P107', '8787848592', '8484868492', 'p7@test.in', 'Bus Stand', 'Chrompet', '600038', '', '', '', 2, 329, '2019-12-10 18:57:51'),
(49, 2, 5, 'P108', '8787848593', '8484868493', 'p8@test.in', 'Ranganathan Street', 'Tnagar', '600045', '', '', '', 2, 329, '2019-12-10 18:57:51'),
(50, 1, 5, 'P109', '8787848594', '8484868494', 'p9@test.in', 'Railway Station', 'Egmore', '600048', '', '', '', 2, 329, '2019-12-10 18:57:51'),
(51, 2, 5, 'P110', '8787848595', '8484868495', 'p10@test.in', 'Railway Station', 'Central', '600049', '', '', '', 2, 329, '2019-12-10 18:57:51'),
(52, 1, 6, 'Kousalya', '2314568970', '4567893210', 'test1@gmail.com', 'Address', 'Area', 'Pin/zipcode', 'Company', 'Designation', 'Remarks', 2, 330, '2019-12-13 19:25:32'),
(53, 2, 6, 'Vijay', '2314568971', '4567893211', 'test2@gmail.com', 'Address', 'Area', 'Pin/zipcode', 'Company', 'Designation', 'Remarks', 2, 330, '2019-12-13 19:25:32'),
(54, 1, 6, 'Gowtham', '2314568972', '4567893212', 'test3@gmail.com', 'Address', 'Area', 'Pin/zipcode', 'Company', 'Designation', 'Remarks', 2, 330, '2019-12-13 19:25:32'),
(55, 2, 6, 'Siva', '2314568973', '4567893213', 'test4@gmail.com', 'Address', 'Area', 'Pin/zipcode', 'Company', 'Designation', 'Remarks', 1, 330, '2019-12-13 19:25:32'),
(56, 1, 6, 'Shankar', '2314568974', '4567893214', 'test5@gmail.com', 'Address', 'Area', 'Pin/zipcode', 'Company', 'Designation', 'Remarks', 1, 330, '2019-12-13 19:25:32'),
(57, 2, 6, 'Kode', '2314568975', '4567893215', 'test6@gmail.com', 'Address', 'Area', 'Pin/zipcode', 'Company', 'Designation', 'Remarks', 1, 330, '2019-12-13 19:25:32'),
(58, 1, 6, 'Kingslin', '2314568976', '4567893216', 'test7@gmail.com', 'Address', 'Area', 'Pin/zipcode', 'Company', 'Designation', 'Remarks', 1, 330, '2019-12-13 19:25:32'),
(59, 2, 6, 'Mano', '2314568977', '4567893217', 'test8@gmail.com', 'Address', 'Area', 'Pin/zipcode', 'Company', 'Designation', 'Remarks', 1, 330, '2019-12-13 19:25:32'),
(60, 1, 6, 'Mohammad', '2314568978', '4567893218', 'test9@gmail.com', 'Address', 'Area', 'Pin/zipcode', 'Company', 'Designation', 'Remarks', 1, 330, '2019-12-13 19:25:32'),
(61, 2, 6, 'Devi', '2314568979', '4567893219', 'test10@gmail.com', 'Address', 'Area', 'Pin/zipcode', 'Company', 'Designation', 'Remarks', 1, 330, '2019-12-13 19:25:32'),
(62, 1, 7, 'Sudha', '9875896412', '9988555555', 'Mail1@gmail.com', 'Address', 'Area', '608301', 'Company', 'Designation', 'Remarks', 2, 320, '2020-01-08 17:40:44'),
(63, 2, 7, 'Thamil', '9629207202', '9988555556', 'Mail2@gmail.com', 'Address', 'Area', '608302', 'Company', 'Designation', 'Remarks', 2, 320, '2020-01-08 17:40:44'),
(64, 3, 7, 'Athulya', '9874102563', '9988555557', 'Mail3@gmail.com', 'Address', 'Area', '608303', 'Company', 'Designation', 'Remarks', 2, 320, '2020-01-08 17:40:44'),
(65, 4, 7, 'Mithra', '8974589610', '9988555558', 'Mail4@gmail.com', 'Address', 'Area', '608304', 'Company', 'Designation', 'Remarks', 2, 320, '2020-01-08 17:40:44'),
(66, 1, 7, 'Vijay', '6985741230', '9988555559', 'Mail5@gmail.com', 'Address', 'Area', '608305', 'Company', 'Designation', 'Remarks', 1, 320, '2020-01-08 17:40:45'),
(67, 2, 7, 'Ajith', '9870023665', '9988555560', 'Mail6@gmail.com', 'Address', 'Area', '608306', 'Company', 'Designation', 'Remarks', 1, 320, '2020-01-08 17:40:45'),
(68, 3, 7, 'Surya', '9966633325', '9988555561', 'Mail7@gmail.com', 'Address', 'Area', '608307', 'Company', 'Designation', 'Remarks', 1, 320, '2020-01-08 17:40:45'),
(69, 4, 7, 'Shiva', '8897745562', '9988555562', 'Mail8@gmail.com', 'Address', 'Area', '608308', 'Company', 'Designation', 'Remarks', 1, 320, '2020-01-08 17:40:45'),
(70, 1, 7, 'Karthi', '7788888888', '9988555563', 'Mail9@gmail.com', 'Address', 'Area', '608309', 'Company', 'Designation', 'Remarks', 1, 320, '2020-01-08 17:40:45'),
(71, 2, 7, 'Keerthi', '7788888889', '9988555564', 'Mail10@gmail.com', 'Address', 'Area', '608310', 'Company', 'Designation', 'Remarks', 1, 320, '2020-01-08 17:40:45'),
(72, 3, 7, 'Suresh', '7788888890', '9988555565', 'Mail11@gmail.com', 'Address', 'Area', '608311', 'Company', 'Designation', 'Remarks', 1, 320, '2020-01-08 17:40:45'),
(73, 4, 7, 'Gayathri', '7788888891', '9988555566', 'Mail12@gmail.com', 'Address', 'Area', '608312', 'Company', 'Designation', 'Remarks', 1, 320, '2020-01-08 17:40:45'),
(74, 1, 7, 'Geetha', '7788888892', '9988555567', 'Mail13@gmail.com', 'Address', 'Area', '608313', 'Company', 'Designation', 'Remarks', 1, 320, '2020-01-08 17:40:45'),
(75, 2, 7, 'Shanthosh', '7788888893', '9988555568', 'Mail14@gmail.com', 'Address', 'Area', '608314', 'Company', 'Designation', 'Remarks', 1, 320, '2020-01-08 17:40:45'),
(76, 3, 7, 'Anandhi', '7788888894', '9988555569', 'Mail15@gmail.com', 'Address', 'Area', '608315', 'Company', 'Designation', 'Remarks', 1, 320, '2020-01-08 17:40:46');

-- --------------------------------------------------------

--
-- Table structure for table `prospect_chats`
--

CREATE TABLE `prospect_chats` (
  `chatid` int(11) NOT NULL,
  `prospect_id` int(11) NOT NULL,
  `groupid` int(10) NOT NULL,
  `message` text CHARACTER SET utf8 COLLATE utf8_bin NOT NULL,
  `msg_status` int(5) NOT NULL DEFAULT '0',
  `sendby_id` int(11) NOT NULL,
  `receivedby_id` int(11) NOT NULL,
  `chat_date` datetime NOT NULL
) ENGINE=InnoDB DEFAULT CHARSET=latin1;

--
-- Dumping data for table `prospect_chats`
--

INSERT INTO `prospect_chats` (`chatid`, `prospect_id`, `groupid`, `message`, `msg_status`, `sendby_id`, `receivedby_id`, `chat_date`) VALUES
(1, 35, 320, 'conversation,-8--P--B-B--B---o--TT-TTTT-B-0/jgjjvjvjuvuvh', 0, 320, 321, '2019-11-29 17:58:49'),
(2, 34, 320, 'mark Zuckerberg', 0, 320, 321, '2019-11-29 19:53:01'),
(3, 34, 321, 'twist ', 0, 321, 320, '2019-11-29 19:53:20'),
(4, 34, 321, 'how ', 0, 321, 320, '2019-11-29 19:53:48'),
(5, 33, 320, 'initial', 0, 320, 321, '2019-11-29 19:54:11'),
(6, 33, 321, 'yes it is', 0, 321, 320, '2019-11-29 19:54:21'),
(7, 84, 320, 'how is it going', 0, 320, 321, '2019-12-13 19:32:42'),
(8, 116, 326, 'convince him to make the order soon', 0, 326, 328, '2019-12-31 11:34:49'),
(9, 116, 326, 'finish your monthly target by this day... ', 0, 326, 328, '2019-12-31 11:38:31'),
(10, 116, 328, 'ok sir.. almost it is done', 0, 328, 326, '2019-12-31 11:39:49');

-- --------------------------------------------------------

--
-- Table structure for table `questionaire`
--

CREATE TABLE `questionaire` (
  `id` int(11) NOT NULL,
  `activity_id` int(11) NOT NULL,
  `question_text` varchar(255) NOT NULL,
  `is_free_text` int(1) NOT NULL COMMENT '0=FALSE | 1=TRUE',
  `value_typeid` int(10) DEFAULT '0',
  `status` int(1) NOT NULL,
  `created_at` datetime NOT NULL,
  `created_by` int(10) NOT NULL
) ENGINE=InnoDB DEFAULT CHARSET=latin1;

--
-- Dumping data for table `questionaire`
--

INSERT INTO `questionaire` (`id`, `activity_id`, `question_text`, `is_free_text`, `value_typeid`, `status`, `created_at`, `created_by`) VALUES
(1, 1, 'What product has been seen', 0, NULL, 1, '2019-11-29 13:12:20', 319),
(2, 2, 'What was the reason', 0, NULL, 1, '2019-11-29 13:12:37', 319),
(3, 3, 'Is any other product being seen', 1, 2, 1, '2019-11-29 13:13:13', 319);

-- --------------------------------------------------------

--
-- Table structure for table `questionaire_options`
--

CREATE TABLE `questionaire_options` (
  `id` int(11) NOT NULL,
  `questionaire_id` int(11) NOT NULL,
  `value` varchar(50) DEFAULT NULL,
  `created_at` datetime NOT NULL,
  `created_by` int(10) NOT NULL
) ENGINE=InnoDB DEFAULT CHARSET=latin1;

--
-- Dumping data for table `questionaire_options`
--

INSERT INTO `questionaire_options` (`id`, `questionaire_id`, `value`, `created_at`, `created_by`) VALUES
(1, 3, 'YES', '2019-11-29 13:13:13', 319),
(2, 3, 'NO', '2019-11-29 13:13:13', 319);

-- --------------------------------------------------------

--
-- Table structure for table `questionaire_valuetype`
--

CREATE TABLE `questionaire_valuetype` (
  `id` int(11) NOT NULL,
  `type_name` varchar(50) NOT NULL,
  `created_at` datetime NOT NULL,
  `created_by` int(10) NOT NULL
) ENGINE=InnoDB DEFAULT CHARSET=latin1;

--
-- Dumping data for table `questionaire_valuetype`
--

INSERT INTO `questionaire_valuetype` (`id`, `type_name`, `created_at`, `created_by`) VALUES
(1, 'one to many', '2018-10-05 00:00:00', 1),
(2, 'one to two', '2018-10-05 00:00:00', 1);

-- --------------------------------------------------------

--
-- Table structure for table `related_party_reference`
--

CREATE TABLE `related_party_reference` (
  `id` int(11) NOT NULL,
  `related_party_name` varchar(255) NOT NULL,
  `created_at` datetime NOT NULL,
  `created_by` int(10) NOT NULL
) ENGINE=InnoDB DEFAULT CHARSET=latin1;

-- --------------------------------------------------------

--
-- Table structure for table `resource_master`
--

CREATE TABLE `resource_master` (
  `id` int(11) NOT NULL,
  `resource_name` varchar(50) NOT NULL,
  `engagement_plan_typeid` int(10) NOT NULL,
  `created_at` datetime NOT NULL,
  `created_by` int(11) NOT NULL,
  `is_plan_mandatory` int(1) NOT NULL COMMENT '1=Yes,2=No',
  `is_capture_team_details` int(1) NOT NULL COMMENT '1=Yes,2=No'
) ENGINE=InnoDB DEFAULT CHARSET=latin1;

--
-- Dumping data for table `resource_master`
--

INSERT INTO `resource_master` (`id`, `resource_name`, `engagement_plan_typeid`, `created_at`, `created_by`, `is_plan_mandatory`, `is_capture_team_details`) VALUES
(1, 'Cold Call', 1, '2019-11-29 14:32:29', 319, 2, 2),
(2, 'Road Show', 2, '2019-11-29 14:32:42', 319, 2, 2),
(3, 'KIOSK', 1, '2020-01-06 19:24:42', 1, 1, 2),
(4, 'Call', 2, '2020-01-06 19:25:32', 1, 2, 2);

-- --------------------------------------------------------

--
-- Table structure for table `settings`
--

CREATE TABLE `settings` (
  `settings_id` int(11) NOT NULL,
  `attendance_limit` varchar(2) DEFAULT NULL,
  `currency` varchar(15) NOT NULL,
  `signin_approval` int(1) NOT NULL COMMENT '1=Yes;2=No',
  `signout_required` int(1) NOT NULL COMMENT '1=Yes;2=No',
  `signout_approval` int(1) NOT NULL COMMENT '1=Yes;2=No'
) ENGINE=InnoDB DEFAULT CHARSET=latin1;

-- --------------------------------------------------------

--
-- Table structure for table `state`
--

CREATE TABLE `state` (
  `id` int(11) NOT NULL COMMENT 'Primary key for table',
  `country_id` int(11) NOT NULL COMMENT 'Foreign key from country table',
  `statename` varchar(50) NOT NULL DEFAULT 'Tamilnadu' COMMENT 'Statename entry',
  `statestatus` char(1) NOT NULL DEFAULT 'N' COMMENT 'Status  1=Yes 2=No',
  `userid` int(11) NOT NULL DEFAULT '1' COMMENT 'created by (user id)',
  `timestamp` timestamp NOT NULL DEFAULT CURRENT_TIMESTAMP COMMENT 'creation time',
  `ipaddress` varchar(50) NOT NULL DEFAULT '192.168.1.10' COMMENT 'ip address of user'
) ENGINE=InnoDB DEFAULT CHARSET=latin1;

-- --------------------------------------------------------

--
-- Table structure for table `sys_conf`
--

CREATE TABLE `sys_conf` (
  `id` int(11) NOT NULL,
  `mobile_length` varchar(2) NOT NULL,
  `app_name` varchar(35) DEFAULT NULL,
  `attendance_limit` int(10) DEFAULT '0',
  `currency` varchar(20) DEFAULT NULL,
  `signin_approval` int(1) NOT NULL COMMENT '1=Yes;2=No',
  `signout_required` int(1) DEFAULT NULL COMMENT '1=Yes;2=No',
  `signout_approval` int(1) NOT NULL COMMENT '1=Yes;2=No',
  `stock_approval` int(1) NOT NULL DEFAULT '2' COMMENT '1=Yes:2=N0',
  `company_logo` varchar(250) DEFAULT NULL,
  `created_at` datetime NOT NULL,
  `created_by` int(10) NOT NULL,
  `address_settings` int(1) DEFAULT NULL COMMENT '1=All;2=Hierarchy',
  `address_hierarchy` int(1) DEFAULT NULL COMMENT 'which hierarchy',
  `contactno` varchar(15) DEFAULT NULL,
  `address` text,
  `digitalsignature` text,
  `planner_limit` varchar(2) DEFAULT NULL,
  `hierarchy_pincode` varchar(2) DEFAULT NULL,
  `offline_flg` int(1) NOT NULL DEFAULT '2' COMMENT '1=Yes;2=No',
  `doc_flag` int(1) DEFAULT '2' COMMENT '1=Yes;2=No',
  `validation_flg` int(1) DEFAULT '2' COMMENT '1=Yes;2=No',
  `stock_flg` int(1) DEFAULT NULL COMMENT '1=Yes;2=No',
  `branch_acc` int(1) NOT NULL DEFAULT '1' COMMENT '1=Yes,2=No',
  `branch_hrchy` int(5) DEFAULT NULL COMMENT 'Hierarchy',
  `agent_flg` int(1) NOT NULL DEFAULT '2' COMMENT '1=Yes;2=No',
  `hawker_flg` int(1) DEFAULT '2' COMMENT '1=Yes;2=No',
  `downpay_flg` int(1) NOT NULL DEFAULT '2' COMMENT '1=Yes;2=No',
  `planner_flg` int(1) DEFAULT NULL COMMENT '1-Yes,2-No',
  `ref_allocate` int(1) DEFAULT '2' COMMENT '1-Auto allocate,2-Self',
  `default_signout` int(1) NOT NULL DEFAULT '2' COMMENT '1-Yes,2-No',
  `signout_option` int(1) DEFAULT '2',
  `signout_time` varchar(6) DEFAULT NULL,
  `signout_ap` varchar(5) DEFAULT NULL,
  `signout_alert` int(10) DEFAULT '0',
  `day_valid` varchar(3) DEFAULT NULL,
  `emi_days` int(2) NOT NULL,
  `pros_expiry_date` date DEFAULT NULL,
  `emi_date_valid` int(1) DEFAULT NULL COMMENT '1-YES, 2-NO'
) ENGINE=InnoDB DEFAULT CHARSET=latin1;

--
-- Dumping data for table `sys_conf`
--

INSERT INTO `sys_conf` (`id`, `mobile_length`, `app_name`, `attendance_limit`, `currency`, `signin_approval`, `signout_required`, `signout_approval`, `stock_approval`, `company_logo`, `created_at`, `created_by`, `address_settings`, `address_hierarchy`, `contactno`, `address`, `digitalsignature`, `planner_limit`, `hierarchy_pincode`, `offline_flg`, `doc_flag`, `validation_flg`, `stock_flg`, `branch_acc`, `branch_hrchy`, `agent_flg`, `hawker_flg`, `downpay_flg`, `planner_flg`, `ref_allocate`, `default_signout`, `signout_option`, `signout_time`, `signout_ap`, `signout_alert`, `day_valid`, `emi_days`, `pros_expiry_date`, `emi_date_valid`) VALUES
(1, '11', 'JOS', 90, 'INR', 1, NULL, 1, 1, 'logo.1.jpg', '2020-01-10 19:52:25', 1, NULL, NULL, '98654552242', 'Alwarpet', '13761679620company-logo-design.png', '0', NULL, 1, 1, 1, NULL, 1, 5, 2, 2, 1, 1, 2, 1, 1, ':', NULL, NULL, '1', 70, NULL, 1);

-- --------------------------------------------------------

--
-- Table structure for table `tickler`
--

CREATE TABLE `tickler` (
  `ticklerid` int(11) NOT NULL,
  `type` int(1) NOT NULL COMMENT '1=Banner;2=Notification; 3=Mobile',
  `emp_id` int(11) NOT NULL COMMENT 'message posted to',
  `from_date` date NOT NULL,
  `to_date` date NOT NULL,
  `title` text CHARACTER SET utf8 COLLATE utf8_unicode_ci NOT NULL,
  `message` text CHARACTER SET utf8 COLLATE utf8_unicode_ci NOT NULL,
  `read_status` int(1) NOT NULL DEFAULT '0' COMMENT '1=read',
  `read_datetime` datetime DEFAULT NULL,
  `created_at` datetime DEFAULT NULL,
  `created_by` int(11) NOT NULL
) ENGINE=InnoDB DEFAULT CHARSET=utf8mb4 COLLATE=utf8mb4_unicode_ci;

--
-- Dumping data for table `tickler`
--

INSERT INTO `tickler` (`ticklerid`, `type`, `emp_id`, `from_date`, `to_date`, `title`, `message`, `read_status`, `read_datetime`, `created_at`, `created_by`) VALUES
(1, 3, 321, '2019-11-29', '2019-11-29', 'Training session', 'The trainer Sri will join you for the Prospect-Mahi', 1, '2019-11-29 17:21:47', '2019-11-29 19:44:26', 320),
(2, 3, 321, '2019-11-29', '2019-11-29', 'Training session', 'The trainer Sri will accompany you for the prospect-Mahi', 1, '2019-11-29 17:21:53', '2019-11-29 19:45:08', 320),
(3, 3, 321, '2019-11-29', '2019-11-29', 'Training cancelled', 'Training cancelled for prospect-Mahi.', 1, '2019-11-29 17:22:10', '2019-11-29 19:52:02', 320),
(4, 3, 321, '2019-11-29', '2019-11-29', 'Training session', 'The trainer Sri will accompany you for the prospect-Mahi', 1, '2019-11-29 17:22:18', '2019-11-29 19:52:14', 320),
(5, 1, 321, '2019-11-30', '2019-12-03', 'Big day', 'After successfull sale of any 10 products within the time period. Who all will be credited 1day salary on your account.', 1, '2019-12-02 10:51:09', '2019-11-30 14:08:45', 1),
(6, 1, 322, '2019-11-30', '2019-12-03', 'Big day', 'After successfull sale of any 10 products within the time period. Who all will be credited 1day salary on your account.', 1, '2019-11-30 14:02:00', '2019-11-30 14:08:45', 1),
(7, 1, 323, '2019-11-30', '2019-12-03', 'Big day', 'After successfull sale of any 10 products within the time period. Who all will be credited 1day salary on your account.', 1, '2019-11-30 12:58:41', '2019-11-30 14:08:45', 1),
(8, 2, 319, '2019-11-30', '2019-12-02', 'Meeting', 'Hi all, We have meeting on 2nd dec due to the office shifting.', 0, NULL, '2019-11-30 14:09:42', 1),
(9, 2, 320, '2019-11-30', '2019-12-02', 'Meeting', 'Hi all, We have meeting on 2nd dec due to the office shifting.', 0, NULL, '2019-11-30 14:09:42', 1),
(10, 2, 321, '2019-11-30', '2019-12-02', 'Meeting', 'Hi all, We have meeting on 2nd dec due to the office shifting.', 1, '2019-11-30 11:46:11', '2019-11-30 14:09:42', 1),
(11, 2, 322, '2019-11-30', '2019-12-02', 'Meeting', 'Hi all, We have meeting on 2nd dec due to the office shifting.', 0, NULL, '2019-11-30 14:09:42', 1),
(12, 2, 323, '2019-11-30', '2019-12-02', 'Meeting', 'Hi all, We have meeting on 2nd dec due to the office shifting.', 0, NULL, '2019-11-30 14:09:42', 1),
(13, 3, 327, '2019-11-30', '2019-11-30', ' ', '  ', 1, '2019-11-30 15:37:07', '2019-11-30 18:03:44', 321),
(14, 2, 330, '2019-12-10', '2019-12-14', 'Meeting', 'Everyday meeting at 3.30 pm in Branch office', 1, '2019-12-10 16:29:39', '2019-12-10 17:20:32', 329),
(15, 1, 321, '2019-12-12', '2019-12-16', 'Big Day', 'Big day Offer - Achieve 6 sale and get a pair of movie tickets', 1, '2019-12-13 17:00:36', '2019-12-12 16:50:13', 320),
(16, 1, 322, '2019-12-12', '2019-12-16', 'Big Day', 'Big day Offer - Achieve 6 sale and get a pair of movie tickets', 0, NULL, '2019-12-12 16:50:13', 320),
(17, 1, 323, '2019-12-12', '2019-12-16', 'Big Day', 'Big day Offer - Achieve 6 sale and get a pair of movie tickets', 0, NULL, '2019-12-12 16:50:13', 320),
(18, 1, 324, '2019-12-12', '2019-12-16', 'Big Day', 'Big day Offer - Achieve 6 sale and get a pair of movie tickets', 0, NULL, '2019-12-12 16:50:13', 320),
(19, 3, 327, '2019-12-12', '2019-12-12', 'test', 'ma', 0, NULL, '2019-12-12 16:55:47', 321),
(20, 3, 321, '2019-12-13', '2019-12-13', 'test notification', 'test notification settings login to your account', 1, '2019-12-13 17:03:13', '2019-12-13 19:32:16', 320),
(21, 3, 321, '2019-12-13', '2019-12-13', 'Training session', 'The trainer Sri will join you for the Prospect-Kousalya', 1, '2019-12-13 17:03:19', '2019-12-13 19:32:30', 320),
(22, 3, 328, '2019-12-31', '2019-12-31', 'Training session', 'The trainer Preethika will join you for the Prospect-Testing', 1, '2019-12-31 11:48:33', '2019-12-31 11:34:26', 326),
(23, 3, 328, '2019-12-31', '2019-12-31', 'celebration', 'celebration is waiting for you... come and join with us in 31st December 5pm.', 1, '2019-12-31 11:48:27', '2019-12-31 11:42:22', 326),
(24, 3, 335, '2019-12-31', '2019-12-31', 'celebration', 'celebration is waiting for you... come and join with us in 31st December 5pm.', 0, NULL, '2019-12-31 11:42:22', 326),
(25, 3, 336, '2019-12-31', '2019-12-31', 'celebration', 'celebration is waiting for you... come and join with us in 31st December 5pm.', 0, NULL, '2019-12-31 11:42:22', 326),
(26, 3, 338, '2019-12-31', '2019-12-31', 'celebration', 'celebration is waiting for you... come and join with us in 31st December 5pm.', 0, NULL, '2019-12-31 11:42:22', 326),
(27, 3, 337, '2019-12-31', '2019-12-31', 'celebration', 'celebration is waiting for you... come and join with us in 31st December 5pm.', 0, NULL, '2019-12-31 11:42:22', 326);

-- --------------------------------------------------------

--
-- Table structure for table `tsq_login`
--

CREATE TABLE `tsq_login` (
  `id` int(11) NOT NULL,
  `username` varchar(30) NOT NULL,
  `password` varchar(30) NOT NULL,
  `user_type` int(11) NOT NULL
) ENGINE=InnoDB DEFAULT CHARSET=latin1;

--
-- Dumping data for table `tsq_login`
--

INSERT INTO `tsq_login` (`id`, `username`, `password`, `user_type`) VALUES
(1, 'tsq', 'tsq', 0);

-- --------------------------------------------------------

--
-- Table structure for table `users`
--

CREATE TABLE `users` (
  `id` int(5) NOT NULL,
  `log_name` varchar(20) NOT NULL,
  `log_pass` text NOT NULL,
  `log_type` int(2) NOT NULL,
  `branch_id` int(5) DEFAULT NULL COMMENT 'From ''branch'' table ''branch_Id''',
  `log_datetime` datetime DEFAULT NULL COMMENT 'Last login date time',
  `log_c_by` int(5) NOT NULL COMMENT 'Entry created by ''emp id'' from ''employees'' table',
  `log_c_datetime` datetime NOT NULL DEFAULT CURRENT_TIMESTAMP COMMENT 'Entry created date time',
  `log_e_by` int(5) DEFAULT NULL COMMENT 'Entry edited by ''emp id'' from ''employees'' table',
  `log_e_datetime` datetime DEFAULT NULL ON UPDATE CURRENT_TIMESTAMP COMMENT 'Entry edit date time',
  `log_acc_status` int(1) NOT NULL COMMENT '1=Login account is active, 2=Login account is inactive',
  `log_flg` int(1) DEFAULT NULL COMMENT '1=User login is live, 2=User logout',
  `log_privileges` text
) ENGINE=InnoDB DEFAULT CHARSET=latin1;

-- --------------------------------------------------------

--
-- Table structure for table `user_roles`
--

CREATE TABLE `user_roles` (
  `id` int(11) NOT NULL,
  `role_name` varchar(100) NOT NULL,
  `status` int(1) NOT NULL DEFAULT '1' COMMENT '1=Yes,2=No',
  `log_privileges` text,
  `created_at` datetime DEFAULT NULL ON UPDATE CURRENT_TIMESTAMP,
  `created_by` int(10) NOT NULL
) ENGINE=InnoDB DEFAULT CHARSET=latin1;

--
-- Dumping data for table `user_roles`
--

INSERT INTO `user_roles` (`id`, `role_name`, `status`, `log_privileges`, `created_at`, `created_by`) VALUES
(1, 'Manager', 1, ',Viewfunnel,Viewsales,Dashboard,Master,AddHierarchymapping,AddUserType,AddEmployee,AddPaymentMode,AddPaymentModeType,AddDocumentType,AddDocument,AddActivityType,AddActivity,AddQuestion,AddHoliday,AddDeliverermapping,AddDelivererlist,AddDeliverertype,AddLeadSource,AddFieldcoach,AddValidation,EditPaymentModeType,EditLeadSource,EditFieldcoach,EditHierarchytitle,EditLeadResourceMapping,EditValidation,EditBank,EditHierarchymapping,EditDocumentType,EditDeliverertype,EditDocument,EditUserType,EditEmployee,EditActivityType,EditDelivererlist,EditDeliverermapping,EditActivity,EditPaymentMode,EditQuestion,EditHoliday,ViewPaymentMode,ViewQuestion,ViewHoliday,ViewEmployee,ViewActivityType,ViewDeliverermapping,ViewActivity,ViewUserType,ViewDocument,ViewDelivererlist,ViewHierarchymapping,ViewDeliverertype,Viewsettings,ViewDocumentType,ViewBank,ViewHierarchytitle,ViewLeadResourceMapping,ViewValidation,ViewFieldcoach,ViewLeadSource,ViewPaymentModeType,Approval,Viewplanner,Viewapproveattendance,Viewdailyplanner,Attendance,Addprimaryholiday,Viewprimaryholiday,Viewcenterholiday,Viewlocalholiday,Prospect,Viewuploadprospect,Viewassignprospects,Viewassignedprospects,Viewprospectstatus,Viewperishedprospect,Norms,AddResource,AddAddnorms,AddEngagementPlanType,AddFunnelStages,EditFunnelStages,EditEngagementPlanType,EditAddnorms,EditResource,ViewResource,ViewAddnorms,ViewEngagementPlanType,ViewFunnelStages,Product,AddProducts,Addproductcatelogue,Addproducttax,Addothercharges,AddDiscount,EditDiscount,Editothercharges,Editproducttax,Editproductcatelogue,EditProducts,ViewProducts,Viewproductcatelogue,Viewproducttax,Viewothercharges,ViewDiscount,Tickler,Addcontest,Viewcontest,Viewticklerhistory,Viewaddtickler,Listticklerhistory,contest,Credentials,Reports,Viewsalesreport,Vieworderreport,Viewfunnelreport,Viewperishedprospectreports,Viewnormsubmission,Viewappointmenthistory,Viewattendancereport,Viewperformancereport,Viewpricefixing,AddBank,AddLeadResourceMapping,ViewHierarchy,Viewnorms,Viewpricing,Editprimaryholiday,AddHierarchytitle,Addpricefixing', '2019-12-12 14:12:21', 1),
(2, 'Team Leader', 1, ',Dashboard,Viewfunnel,Viewsales,Approval,Viewplanner,Viewapproveattendance,Viewcashacknowledgement,Viewdailyplanner,Attendance,Viewprimaryholiday,Viewcenterholiday,Viewlocalholiday,Viewuploadprospect,Viewassignprospects,Viewassignedprospects,Viewprospectstatus,Viewperishedprospect,Prospect,ViewProducts,Viewproductcatelogue,Viewproducttax,Viewothercharges,ViewDiscount,Viewpricefixing,Tickler,Product,Addcontest,Viewaddtickler,contest,Reports,Viewsalesreport,Vieworderreport,Viewfunnelreport,Viewnormsubmission,Viewappointmenthistory,Viewattendancereport,Viewperformancereport,Viewperishedprospectreports,Viewnorms,AddDeliverermapping', '2019-12-12 14:11:26', 1),
(3, 'FOS', 1, NULL, NULL, 1),
(4, 'Non Sales', 1, ',Approval,Viewplanner,Viewapproveattendance,Viewdailyplanner', '2019-09-13 12:18:44', 1),
(5, 'Sales', 1, ',Approval,Viewapproveattendance,Viewplanner,Viewdailyplanner,Prospect,Viewuploadprospect,Viewassignprospects,Viewassignedprospects,Viewprospectstatus,Viewperishedprospect,Reports,Viewsalesreport,Vieworderreport,Viewfunnelreport,Viewperishedprospectreports,Viewnormsubmission,Viewappointmenthistory,Viewattendancereport,Viewperformancereport,Tickler,Addcontest,Viewcontest,Viewaddtickler,Viewticklerhistory,Listticklerhistory,contest,Product,Viewpricefixing,ViewDiscount,Viewothercharges,Viewproducttax,Viewproductcatelogue,ViewProducts', '2019-12-05 12:55:26', 1);

-- --------------------------------------------------------

--
-- Table structure for table `validation_master`
--

CREATE TABLE `validation_master` (
  `id` int(11) NOT NULL,
  `validation_name` varchar(255) NOT NULL,
  `validation_desc` varchar(255) NOT NULL,
  `allowable_min` int(10) NOT NULL,
  `allowable_max` int(10) NOT NULL,
  `status` int(1) NOT NULL DEFAULT '1',
  `created_at` datetime NOT NULL,
  `created_by` int(10) NOT NULL
) ENGINE=InnoDB DEFAULT CHARSET=latin1;

--
-- Dumping data for table `validation_master`
--

INSERT INTO `validation_master` (`id`, `validation_name`, `validation_desc`, `allowable_min`, `allowable_max`, `status`, `created_at`, `created_by`) VALUES
(1, 'Validation - WP', 'Water Purifier', 5, 8, 1, '2019-11-29 13:15:54', 319);

--
-- Indexes for dumped tables
--

--
-- Indexes for table `activity_master`
--
ALTER TABLE `activity_master`
  ADD PRIMARY KEY (`id`);

--
-- Indexes for table `activity_master_datafield`
--
ALTER TABLE `activity_master_datafield`
  ADD PRIMARY KEY (`activity_datafield_id`);

--
-- Indexes for table `activity_outcome`
--
ALTER TABLE `activity_outcome`
  ADD PRIMARY KEY (`id`);

--
-- Indexes for table `activity_status`
--
ALTER TABLE `activity_status`
  ADD PRIMARY KEY (`id`);

--
-- Indexes for table `activity_types`
--
ALTER TABLE `activity_types`
  ADD PRIMARY KEY (`id`);

--
-- Indexes for table `apikey`
--
ALTER TABLE `apikey`
  ADD PRIMARY KEY (`id`);

--
-- Indexes for table `appointments`
--
ALTER TABLE `appointments`
  ADD PRIMARY KEY (`id`);

--
-- Indexes for table `appversion`
--
ALTER TABLE `appversion`
  ADD PRIMARY KEY (`id_app_version`);

--
-- Indexes for table `area`
--
ALTER TABLE `area`
  ADD PRIMARY KEY (`area_id`);

--
-- Indexes for table `attendance_entry`
--
ALTER TABLE `attendance_entry`
  ADD PRIMARY KEY (`id`);

--
-- Indexes for table `bank`
--
ALTER TABLE `bank`
  ADD PRIMARY KEY (`bank_id`);

--
-- Indexes for table `bank_ifsc`
--
ALTER TABLE `bank_ifsc`
  ADD PRIMARY KEY (`ifsc_id`);

--
-- Indexes for table `city`
--
ALTER TABLE `city`
  ADD PRIMARY KEY (`id`),
  ADD UNIQUE KEY `cityname` (`cityname`),
  ADD KEY `countryid` (`countryid`);

--
-- Indexes for table `company`
--
ALTER TABLE `company`
  ADD PRIMARY KEY (`id`),
  ADD UNIQUE KEY `compstate` (`compstate`),
  ADD KEY `compstate_2` (`compstate`),
  ADD KEY `compcity` (`compcity`),
  ADD KEY `compcountry` (`compcountry`);

--
-- Indexes for table `contest`
--
ALTER TABLE `contest`
  ADD PRIMARY KEY (`contest_id`);

--
-- Indexes for table `country`
--
ALTER TABLE `country`
  ADD PRIMARY KEY (`id`);

--
-- Indexes for table `daily_planner`
--
ALTER TABLE `daily_planner`
  ADD PRIMARY KEY (`daily_planner_id`);

--
-- Indexes for table `dashboard_chart_five`
--
ALTER TABLE `dashboard_chart_five`
  ADD PRIMARY KEY (`id`);

--
-- Indexes for table `dashboard_chart_four`
--
ALTER TABLE `dashboard_chart_four`
  ADD PRIMARY KEY (`Id_login`);

--
-- Indexes for table `dashboard_chart_one`
--
ALTER TABLE `dashboard_chart_one`
  ADD PRIMARY KEY (`Id_Dept`);

--
-- Indexes for table `dashboard_chart_six`
--
ALTER TABLE `dashboard_chart_six`
  ADD PRIMARY KEY (`Id`);

--
-- Indexes for table `dashboard_chart_three`
--
ALTER TABLE `dashboard_chart_three`
  ADD PRIMARY KEY (`Id_activity`);

--
-- Indexes for table `data_type`
--
ALTER TABLE `data_type`
  ADD PRIMARY KEY (`datatype_id`);

--
-- Indexes for table `deliverer_list`
--
ALTER TABLE `deliverer_list`
  ADD PRIMARY KEY (`deliverer_id`);

--
-- Indexes for table `deliverer_mapping`
--
ALTER TABLE `deliverer_mapping`
  ADD PRIMARY KEY (`delivery_map_id`);

--
-- Indexes for table `delivery_type`
--
ALTER TABLE `delivery_type`
  ADD PRIMARY KEY (`delivery_type_id`);

--
-- Indexes for table `department_list`
--
ALTER TABLE `department_list`
  ADD PRIMARY KEY (`department_id`);

--
-- Indexes for table `document_master`
--
ALTER TABLE `document_master`
  ADD PRIMARY KEY (`document_id`);

--
-- Indexes for table `document_type`
--
ALTER TABLE `document_type`
  ADD PRIMARY KEY (`idDocumentType`);

--
-- Indexes for table `emicode`
--
ALTER TABLE `emicode`
  ADD PRIMARY KEY (`emicodeid`);

--
-- Indexes for table `employee_details`
--
ALTER TABLE `employee_details`
  ADD PRIMARY KEY (`employee_id`);

--
-- Indexes for table `employee_login_details`
--
ALTER TABLE `employee_login_details`
  ADD PRIMARY KEY (`id`);

--
-- Indexes for table `employee_type`
--
ALTER TABLE `employee_type`
  ADD PRIMARY KEY (`id`);

--
-- Indexes for table `engagement_plantype`
--
ALTER TABLE `engagement_plantype`
  ADD PRIMARY KEY (`plantype_id`);

--
-- Indexes for table `engagement_plantype_data`
--
ALTER TABLE `engagement_plantype_data`
  ADD PRIMARY KEY (`engplantype_data_id`);

--
-- Indexes for table `field_coach_head`
--
ALTER TABLE `field_coach_head`
  ADD PRIMARY KEY (`field_id`);

--
-- Indexes for table `field_coach_master`
--
ALTER TABLE `field_coach_master`
  ADD PRIMARY KEY (`coach_id`);

--
-- Indexes for table `field_coach_training`
--
ALTER TABLE `field_coach_training`
  ADD PRIMARY KEY (`id`);

--
-- Indexes for table `funnel_stages`
--
ALTER TABLE `funnel_stages`
  ADD PRIMARY KEY (`idFunnelStage`);

--
-- Indexes for table `hierarchy_address`
--
ALTER TABLE `hierarchy_address`
  ADD PRIMARY KEY (`address_id`);

--
-- Indexes for table `hierarchy_mapping`
--
ALTER TABLE `hierarchy_mapping`
  ADD PRIMARY KEY (`hierarchymapping_id`);

--
-- Indexes for table `hierarchy_master`
--
ALTER TABLE `hierarchy_master`
  ADD PRIMARY KEY (`idHierarchy`);

--
-- Indexes for table `hierarchy_title`
--
ALTER TABLE `hierarchy_title`
  ADD PRIMARY KEY (`idHierarchyTitle`);

--
-- Indexes for table `holiday_approved_list`
--
ALTER TABLE `holiday_approved_list`
  ADD PRIMARY KEY (`id_holiday`);

--
-- Indexes for table `holiday_list`
--
ALTER TABLE `holiday_list`
  ADD PRIMARY KEY (`id`);

--
-- Indexes for table `lead_resource_mapping`
--
ALTER TABLE `lead_resource_mapping`
  ADD PRIMARY KEY (`leadresource_id`);

--
-- Indexes for table `lead_source_master`
--
ALTER TABLE `lead_source_master`
  ADD PRIMARY KEY (`leadsource_id`);

--
-- Indexes for table `monthly_emp_salesplan_details`
--
ALTER TABLE `monthly_emp_salesplan_details`
  ADD PRIMARY KEY (`monthly_emp_salesplan_id`);

--
-- Indexes for table `monthly_planner`
--
ALTER TABLE `monthly_planner`
  ADD PRIMARY KEY (`monthly_planner_id`);

--
-- Indexes for table `monthly_resourceengplan_details`
--
ALTER TABLE `monthly_resourceengplan_details`
  ADD PRIMARY KEY (`monthly_resourceengplan_id`);

--
-- Indexes for table `monthly_salestargetplan`
--
ALTER TABLE `monthly_salestargetplan`
  ADD PRIMARY KEY (`monthly_sales_id`);

--
-- Indexes for table `monthly_salestargetplan_details`
--
ALTER TABLE `monthly_salestargetplan_details`
  ADD PRIMARY KEY (`mnthly_salestrgtplan_id`);

--
-- Indexes for table `monthly_salestargetproduct_details`
--
ALTER TABLE `monthly_salestargetproduct_details`
  ADD PRIMARY KEY (`monthly_salestargetproduct_id`);

--
-- Indexes for table `norms`
--
ALTER TABLE `norms`
  ADD PRIMARY KEY (`norm_id`);

--
-- Indexes for table `norms_type`
--
ALTER TABLE `norms_type`
  ADD PRIMARY KEY (`norm_type_id`);

--
-- Indexes for table `order_document`
--
ALTER TABLE `order_document`
  ADD PRIMARY KEY (`order_document_id`);

--
-- Indexes for table `order_payment`
--
ALTER TABLE `order_payment`
  ADD PRIMARY KEY (`order_payment_id`);

--
-- Indexes for table `order_product`
--
ALTER TABLE `order_product`
  ADD PRIMARY KEY (`order_product_id`);

--
-- Indexes for table `order_product_validation`
--
ALTER TABLE `order_product_validation`
  ADD PRIMARY KEY (`order_validation_id`);

--
-- Indexes for table `order_questionarrie`
--
ALTER TABLE `order_questionarrie`
  ADD PRIMARY KEY (`order_question_id`);

--
-- Indexes for table `order_request`
--
ALTER TABLE `order_request`
  ADD PRIMARY KEY (`order_id`);

--
-- Indexes for table `payment_mode`
--
ALTER TABLE `payment_mode`
  ADD PRIMARY KEY (`id`);

--
-- Indexes for table `payment_mode_datatype`
--
ALTER TABLE `payment_mode_datatype`
  ADD PRIMARY KEY (`paymnt_datatype_id`);

--
-- Indexes for table `permission`
--
ALTER TABLE `permission`
  ADD PRIMARY KEY (`permission_id`);

--
-- Indexes for table `permission_screen`
--
ALTER TABLE `permission_screen`
  ADD PRIMARY KEY (`screen_id`);

--
-- Indexes for table `pincode`
--
ALTER TABLE `pincode`
  ADD PRIMARY KEY (`pincode_id`);

--
-- Indexes for table `planner`
--
ALTER TABLE `planner`
  ADD PRIMARY KEY (`planner_id`);

--
-- Indexes for table `price_discount`
--
ALTER TABLE `price_discount`
  ADD PRIMARY KEY (`price_discount_id`);

--
-- Indexes for table `price_other_charges`
--
ALTER TABLE `price_other_charges`
  ADD PRIMARY KEY (`price_otherchrgs_id`);

--
-- Indexes for table `price_scheme`
--
ALTER TABLE `price_scheme`
  ADD PRIMARY KEY (`price_scheme_id`);

--
-- Indexes for table `price_scheme_otherchrgs`
--
ALTER TABLE `price_scheme_otherchrgs`
  ADD PRIMARY KEY (`price_scheme_oc_id`);

--
-- Indexes for table `price_scheme_tax`
--
ALTER TABLE `price_scheme_tax`
  ADD PRIMARY KEY (`price_scheme_tax_id`);

--
-- Indexes for table `price_scheme_type`
--
ALTER TABLE `price_scheme_type`
  ADD PRIMARY KEY (`price_scheme_type_id`);

--
-- Indexes for table `price_tax`
--
ALTER TABLE `price_tax`
  ADD PRIMARY KEY (`price_tax_id`);

--
-- Indexes for table `price_type`
--
ALTER TABLE `price_type`
  ADD PRIMARY KEY (`price_type_id`);

--
-- Indexes for table `product_catalog`
--
ALTER TABLE `product_catalog`
  ADD PRIMARY KEY (`productcatalog_id`);

--
-- Indexes for table `product_catalog_type`
--
ALTER TABLE `product_catalog_type`
  ADD PRIMARY KEY (`prdct_ctlg_typeid`);

--
-- Indexes for table `product_master`
--
ALTER TABLE `product_master`
  ADD PRIMARY KEY (`product_id`);

--
-- Indexes for table `product_specification`
--
ALTER TABLE `product_specification`
  ADD PRIMARY KEY (`id`);

--
-- Indexes for table `product_stock`
--
ALTER TABLE `product_stock`
  ADD PRIMARY KEY (`product_stock_id`);

--
-- Indexes for table `product_validation_map`
--
ALTER TABLE `product_validation_map`
  ADD PRIMARY KEY (`id`);

--
-- Indexes for table `prospects`
--
ALTER TABLE `prospects`
  ADD PRIMARY KEY (`id`);

--
-- Indexes for table `prospects_upload`
--
ALTER TABLE `prospects_upload`
  ADD PRIMARY KEY (`upload_id`);

--
-- Indexes for table `prospects_upload_details`
--
ALTER TABLE `prospects_upload_details`
  ADD PRIMARY KEY (`id`);

--
-- Indexes for table `prospect_chats`
--
ALTER TABLE `prospect_chats`
  ADD PRIMARY KEY (`chatid`);

--
-- Indexes for table `questionaire`
--
ALTER TABLE `questionaire`
  ADD PRIMARY KEY (`id`);

--
-- Indexes for table `questionaire_options`
--
ALTER TABLE `questionaire_options`
  ADD PRIMARY KEY (`id`);

--
-- Indexes for table `questionaire_valuetype`
--
ALTER TABLE `questionaire_valuetype`
  ADD PRIMARY KEY (`id`);

--
-- Indexes for table `related_party_reference`
--
ALTER TABLE `related_party_reference`
  ADD PRIMARY KEY (`id`);

--
-- Indexes for table `resource_master`
--
ALTER TABLE `resource_master`
  ADD PRIMARY KEY (`id`);

--
-- Indexes for table `settings`
--
ALTER TABLE `settings`
  ADD PRIMARY KEY (`settings_id`);

--
-- Indexes for table `state`
--
ALTER TABLE `state`
  ADD PRIMARY KEY (`id`),
  ADD UNIQUE KEY `statename` (`statename`),
  ADD KEY `countryid` (`country_id`);

--
-- Indexes for table `sys_conf`
--
ALTER TABLE `sys_conf`
  ADD PRIMARY KEY (`id`);

--
-- Indexes for table `tickler`
--
ALTER TABLE `tickler`
  ADD PRIMARY KEY (`ticklerid`);

--
-- Indexes for table `tsq_login`
--
ALTER TABLE `tsq_login`
  ADD PRIMARY KEY (`id`);

--
-- Indexes for table `users`
--
ALTER TABLE `users`
  ADD PRIMARY KEY (`id`);

--
-- Indexes for table `user_roles`
--
ALTER TABLE `user_roles`
  ADD PRIMARY KEY (`id`);

--
-- Indexes for table `validation_master`
--
ALTER TABLE `validation_master`
  ADD PRIMARY KEY (`id`);

--
-- AUTO_INCREMENT for dumped tables
--

--
-- AUTO_INCREMENT for table `activity_master`
--
ALTER TABLE `activity_master`
  MODIFY `id` int(11) NOT NULL AUTO_INCREMENT, AUTO_INCREMENT=10;
--
-- AUTO_INCREMENT for table `activity_master_datafield`
--
ALTER TABLE `activity_master_datafield`
  MODIFY `activity_datafield_id` int(11) NOT NULL AUTO_INCREMENT;
--
-- AUTO_INCREMENT for table `activity_outcome`
--
ALTER TABLE `activity_outcome`
  MODIFY `id` int(11) NOT NULL AUTO_INCREMENT;
--
-- AUTO_INCREMENT for table `activity_status`
--
ALTER TABLE `activity_status`
  MODIFY `id` int(11) NOT NULL AUTO_INCREMENT;
--
-- AUTO_INCREMENT for table `activity_types`
--
ALTER TABLE `activity_types`
  MODIFY `id` int(11) NOT NULL AUTO_INCREMENT;
--
-- AUTO_INCREMENT for table `apikey`
--
ALTER TABLE `apikey`
  MODIFY `id` int(11) NOT NULL AUTO_INCREMENT, AUTO_INCREMENT=4;
--
-- AUTO_INCREMENT for table `appointments`
--
ALTER TABLE `appointments`
  MODIFY `id` int(11) NOT NULL AUTO_INCREMENT, AUTO_INCREMENT=91;
--
-- AUTO_INCREMENT for table `area`
--
ALTER TABLE `area`
  MODIFY `area_id` int(11) NOT NULL AUTO_INCREMENT;
--
-- AUTO_INCREMENT for table `attendance_entry`
--
ALTER TABLE `attendance_entry`
  MODIFY `id` int(11) NOT NULL AUTO_INCREMENT, AUTO_INCREMENT=80;
--
-- AUTO_INCREMENT for table `bank`
--
ALTER TABLE `bank`
  MODIFY `bank_id` int(11) NOT NULL AUTO_INCREMENT, AUTO_INCREMENT=3;
--
-- AUTO_INCREMENT for table `bank_ifsc`
--
ALTER TABLE `bank_ifsc`
  MODIFY `ifsc_id` int(11) NOT NULL AUTO_INCREMENT;
--
-- AUTO_INCREMENT for table `city`
--
ALTER TABLE `city`
  MODIFY `id` int(11) NOT NULL AUTO_INCREMENT COMMENT 'Primary key for table';
--
-- AUTO_INCREMENT for table `company`
--
ALTER TABLE `company`
  MODIFY `id` int(11) NOT NULL AUTO_INCREMENT;
--
-- AUTO_INCREMENT for table `contest`
--
ALTER TABLE `contest`
  MODIFY `contest_id` int(11) NOT NULL AUTO_INCREMENT, AUTO_INCREMENT=7;
--
-- AUTO_INCREMENT for table `country`
--
ALTER TABLE `country`
  MODIFY `id` int(11) NOT NULL AUTO_INCREMENT COMMENT 'Primary key for table';
--
-- AUTO_INCREMENT for table `daily_planner`
--
ALTER TABLE `daily_planner`
  MODIFY `daily_planner_id` int(11) NOT NULL AUTO_INCREMENT, AUTO_INCREMENT=273;
--
-- AUTO_INCREMENT for table `dashboard_chart_five`
--
ALTER TABLE `dashboard_chart_five`
  MODIFY `id` int(11) NOT NULL AUTO_INCREMENT, AUTO_INCREMENT=5;
--
-- AUTO_INCREMENT for table `dashboard_chart_four`
--
ALTER TABLE `dashboard_chart_four`
  MODIFY `Id_login` int(11) NOT NULL AUTO_INCREMENT, AUTO_INCREMENT=12;
--
-- AUTO_INCREMENT for table `dashboard_chart_one`
--
ALTER TABLE `dashboard_chart_one`
  MODIFY `Id_Dept` int(11) NOT NULL AUTO_INCREMENT, AUTO_INCREMENT=7;
--
-- AUTO_INCREMENT for table `dashboard_chart_six`
--
ALTER TABLE `dashboard_chart_six`
  MODIFY `Id` int(11) NOT NULL AUTO_INCREMENT, AUTO_INCREMENT=7;
--
-- AUTO_INCREMENT for table `dashboard_chart_three`
--
ALTER TABLE `dashboard_chart_three`
  MODIFY `Id_activity` int(11) NOT NULL AUTO_INCREMENT, AUTO_INCREMENT=5;
--
-- AUTO_INCREMENT for table `data_type`
--
ALTER TABLE `data_type`
  MODIFY `datatype_id` int(11) NOT NULL AUTO_INCREMENT, AUTO_INCREMENT=8;
--
-- AUTO_INCREMENT for table `deliverer_list`
--
ALTER TABLE `deliverer_list`
  MODIFY `deliverer_id` int(11) NOT NULL AUTO_INCREMENT;
--
-- AUTO_INCREMENT for table `deliverer_mapping`
--
ALTER TABLE `deliverer_mapping`
  MODIFY `delivery_map_id` int(11) NOT NULL AUTO_INCREMENT;
--
-- AUTO_INCREMENT for table `delivery_type`
--
ALTER TABLE `delivery_type`
  MODIFY `delivery_type_id` int(11) NOT NULL AUTO_INCREMENT, AUTO_INCREMENT=3;
--
-- AUTO_INCREMENT for table `department_list`
--
ALTER TABLE `department_list`
  MODIFY `department_id` int(11) NOT NULL AUTO_INCREMENT, AUTO_INCREMENT=3;
--
-- AUTO_INCREMENT for table `document_master`
--
ALTER TABLE `document_master`
  MODIFY `document_id` int(11) NOT NULL AUTO_INCREMENT, AUTO_INCREMENT=3;
--
-- AUTO_INCREMENT for table `document_type`
--
ALTER TABLE `document_type`
  MODIFY `idDocumentType` int(11) NOT NULL AUTO_INCREMENT, AUTO_INCREMENT=3;
--
-- AUTO_INCREMENT for table `emicode`
--
ALTER TABLE `emicode`
  MODIFY `emicodeid` int(11) NOT NULL AUTO_INCREMENT;
--
-- AUTO_INCREMENT for table `employee_details`
--
ALTER TABLE `employee_details`
  MODIFY `employee_id` int(11) NOT NULL AUTO_INCREMENT, AUTO_INCREMENT=344;
--
-- AUTO_INCREMENT for table `employee_login_details`
--
ALTER TABLE `employee_login_details`
  MODIFY `id` int(11) NOT NULL AUTO_INCREMENT, AUTO_INCREMENT=270;
--
-- AUTO_INCREMENT for table `employee_type`
--
ALTER TABLE `employee_type`
  MODIFY `id` int(11) NOT NULL AUTO_INCREMENT;
--
-- AUTO_INCREMENT for table `engagement_plantype`
--
ALTER TABLE `engagement_plantype`
  MODIFY `plantype_id` int(11) NOT NULL AUTO_INCREMENT, AUTO_INCREMENT=4;
--
-- AUTO_INCREMENT for table `engagement_plantype_data`
--
ALTER TABLE `engagement_plantype_data`
  MODIFY `engplantype_data_id` int(11) NOT NULL AUTO_INCREMENT, AUTO_INCREMENT=3;
--
-- AUTO_INCREMENT for table `field_coach_head`
--
ALTER TABLE `field_coach_head`
  MODIFY `field_id` int(11) NOT NULL AUTO_INCREMENT, AUTO_INCREMENT=6;
--
-- AUTO_INCREMENT for table `field_coach_master`
--
ALTER TABLE `field_coach_master`
  MODIFY `coach_id` int(11) NOT NULL AUTO_INCREMENT, AUTO_INCREMENT=2;
--
-- AUTO_INCREMENT for table `field_coach_training`
--
ALTER TABLE `field_coach_training`
  MODIFY `id` int(11) NOT NULL AUTO_INCREMENT, AUTO_INCREMENT=3;
--
-- AUTO_INCREMENT for table `funnel_stages`
--
ALTER TABLE `funnel_stages`
  MODIFY `idFunnelStage` int(11) NOT NULL AUTO_INCREMENT, AUTO_INCREMENT=4;
--
-- AUTO_INCREMENT for table `hierarchy_address`
--
ALTER TABLE `hierarchy_address`
  MODIFY `address_id` int(11) NOT NULL AUTO_INCREMENT;
--
-- AUTO_INCREMENT for table `hierarchy_mapping`
--
ALTER TABLE `hierarchy_mapping`
  MODIFY `hierarchymapping_id` int(11) NOT NULL AUTO_INCREMENT, AUTO_INCREMENT=5;
--
-- AUTO_INCREMENT for table `hierarchy_master`
--
ALTER TABLE `hierarchy_master`
  MODIFY `idHierarchy` int(11) NOT NULL AUTO_INCREMENT, AUTO_INCREMENT=9;
--
-- AUTO_INCREMENT for table `hierarchy_title`
--
ALTER TABLE `hierarchy_title`
  MODIFY `idHierarchyTitle` int(11) NOT NULL AUTO_INCREMENT, AUTO_INCREMENT=17;
--
-- AUTO_INCREMENT for table `holiday_approved_list`
--
ALTER TABLE `holiday_approved_list`
  MODIFY `id_holiday` int(11) NOT NULL AUTO_INCREMENT, AUTO_INCREMENT=14;
--
-- AUTO_INCREMENT for table `holiday_list`
--
ALTER TABLE `holiday_list`
  MODIFY `id` int(11) NOT NULL AUTO_INCREMENT, AUTO_INCREMENT=4;
--
-- AUTO_INCREMENT for table `lead_resource_mapping`
--
ALTER TABLE `lead_resource_mapping`
  MODIFY `leadresource_id` int(11) NOT NULL AUTO_INCREMENT;
--
-- AUTO_INCREMENT for table `lead_source_master`
--
ALTER TABLE `lead_source_master`
  MODIFY `leadsource_id` int(11) NOT NULL AUTO_INCREMENT, AUTO_INCREMENT=5;
--
-- AUTO_INCREMENT for table `monthly_emp_salesplan_details`
--
ALTER TABLE `monthly_emp_salesplan_details`
  MODIFY `monthly_emp_salesplan_id` int(11) NOT NULL AUTO_INCREMENT;
--
-- AUTO_INCREMENT for table `monthly_planner`
--
ALTER TABLE `monthly_planner`
  MODIFY `monthly_planner_id` int(11) NOT NULL AUTO_INCREMENT, AUTO_INCREMENT=15;
--
-- AUTO_INCREMENT for table `monthly_resourceengplan_details`
--
ALTER TABLE `monthly_resourceengplan_details`
  MODIFY `monthly_resourceengplan_id` int(11) NOT NULL AUTO_INCREMENT, AUTO_INCREMENT=71;
--
-- AUTO_INCREMENT for table `monthly_salestargetplan`
--
ALTER TABLE `monthly_salestargetplan`
  MODIFY `monthly_sales_id` int(11) NOT NULL AUTO_INCREMENT, AUTO_INCREMENT=35;
--
-- AUTO_INCREMENT for table `monthly_salestargetplan_details`
--
ALTER TABLE `monthly_salestargetplan_details`
  MODIFY `mnthly_salestrgtplan_id` int(11) NOT NULL AUTO_INCREMENT, AUTO_INCREMENT=211;
--
-- AUTO_INCREMENT for table `monthly_salestargetproduct_details`
--
ALTER TABLE `monthly_salestargetproduct_details`
  MODIFY `monthly_salestargetproduct_id` int(11) NOT NULL AUTO_INCREMENT, AUTO_INCREMENT=91;
--
-- AUTO_INCREMENT for table `norms`
--
ALTER TABLE `norms`
  MODIFY `norm_id` int(11) NOT NULL AUTO_INCREMENT, AUTO_INCREMENT=13;
--
-- AUTO_INCREMENT for table `norms_type`
--
ALTER TABLE `norms_type`
  MODIFY `norm_type_id` int(11) NOT NULL AUTO_INCREMENT, AUTO_INCREMENT=3;
--
-- AUTO_INCREMENT for table `order_document`
--
ALTER TABLE `order_document`
  MODIFY `order_document_id` int(11) NOT NULL AUTO_INCREMENT, AUTO_INCREMENT=538;
--
-- AUTO_INCREMENT for table `order_payment`
--
ALTER TABLE `order_payment`
  MODIFY `order_payment_id` int(11) NOT NULL AUTO_INCREMENT, AUTO_INCREMENT=154;
--
-- AUTO_INCREMENT for table `order_product`
--
ALTER TABLE `order_product`
  MODIFY `order_product_id` int(11) NOT NULL AUTO_INCREMENT, AUTO_INCREMENT=813;
--
-- AUTO_INCREMENT for table `order_product_validation`
--
ALTER TABLE `order_product_validation`
  MODIFY `order_validation_id` int(11) NOT NULL AUTO_INCREMENT;
--
-- AUTO_INCREMENT for table `order_questionarrie`
--
ALTER TABLE `order_questionarrie`
  MODIFY `order_question_id` int(11) NOT NULL AUTO_INCREMENT, AUTO_INCREMENT=11;
--
-- AUTO_INCREMENT for table `order_request`
--
ALTER TABLE `order_request`
  MODIFY `order_id` int(11) NOT NULL AUTO_INCREMENT, AUTO_INCREMENT=423;
--
-- AUTO_INCREMENT for table `payment_mode`
--
ALTER TABLE `payment_mode`
  MODIFY `id` int(11) NOT NULL AUTO_INCREMENT, AUTO_INCREMENT=4;
--
-- AUTO_INCREMENT for table `payment_mode_datatype`
--
ALTER TABLE `payment_mode_datatype`
  MODIFY `paymnt_datatype_id` int(11) NOT NULL AUTO_INCREMENT, AUTO_INCREMENT=6;
--
-- AUTO_INCREMENT for table `permission`
--
ALTER TABLE `permission`
  MODIFY `permission_id` int(11) NOT NULL AUTO_INCREMENT;
--
-- AUTO_INCREMENT for table `permission_screen`
--
ALTER TABLE `permission_screen`
  MODIFY `screen_id` int(11) NOT NULL AUTO_INCREMENT;
--
-- AUTO_INCREMENT for table `pincode`
--
ALTER TABLE `pincode`
  MODIFY `pincode_id` int(11) NOT NULL AUTO_INCREMENT;
--
-- AUTO_INCREMENT for table `planner`
--
ALTER TABLE `planner`
  MODIFY `planner_id` int(11) NOT NULL AUTO_INCREMENT;
--
-- AUTO_INCREMENT for table `price_discount`
--
ALTER TABLE `price_discount`
  MODIFY `price_discount_id` int(11) NOT NULL AUTO_INCREMENT, AUTO_INCREMENT=3;
--
-- AUTO_INCREMENT for table `price_other_charges`
--
ALTER TABLE `price_other_charges`
  MODIFY `price_otherchrgs_id` int(11) NOT NULL AUTO_INCREMENT, AUTO_INCREMENT=2;
--
-- AUTO_INCREMENT for table `price_scheme`
--
ALTER TABLE `price_scheme`
  MODIFY `price_scheme_id` int(11) NOT NULL AUTO_INCREMENT, AUTO_INCREMENT=11;
--
-- AUTO_INCREMENT for table `price_scheme_otherchrgs`
--
ALTER TABLE `price_scheme_otherchrgs`
  MODIFY `price_scheme_oc_id` int(11) NOT NULL AUTO_INCREMENT, AUTO_INCREMENT=11;
--
-- AUTO_INCREMENT for table `price_scheme_tax`
--
ALTER TABLE `price_scheme_tax`
  MODIFY `price_scheme_tax_id` int(11) NOT NULL AUTO_INCREMENT, AUTO_INCREMENT=19;
--
-- AUTO_INCREMENT for table `price_scheme_type`
--
ALTER TABLE `price_scheme_type`
  MODIFY `price_scheme_type_id` int(11) NOT NULL AUTO_INCREMENT;
--
-- AUTO_INCREMENT for table `price_tax`
--
ALTER TABLE `price_tax`
  MODIFY `price_tax_id` int(11) NOT NULL AUTO_INCREMENT, AUTO_INCREMENT=3;
--
-- AUTO_INCREMENT for table `price_type`
--
ALTER TABLE `price_type`
  MODIFY `price_type_id` int(11) NOT NULL AUTO_INCREMENT;
--
-- AUTO_INCREMENT for table `product_catalog`
--
ALTER TABLE `product_catalog`
  MODIFY `productcatalog_id` int(11) NOT NULL AUTO_INCREMENT, AUTO_INCREMENT=6;
--
-- AUTO_INCREMENT for table `product_catalog_type`
--
ALTER TABLE `product_catalog_type`
  MODIFY `prdct_ctlg_typeid` int(11) NOT NULL AUTO_INCREMENT, AUTO_INCREMENT=7;
--
-- AUTO_INCREMENT for table `product_master`
--
ALTER TABLE `product_master`
  MODIFY `product_id` int(11) NOT NULL AUTO_INCREMENT, AUTO_INCREMENT=8;
--
-- AUTO_INCREMENT for table `product_specification`
--
ALTER TABLE `product_specification`
  MODIFY `id` int(11) NOT NULL AUTO_INCREMENT, AUTO_INCREMENT=8;
--
-- AUTO_INCREMENT for table `product_stock`
--
ALTER TABLE `product_stock`
  MODIFY `product_stock_id` int(11) NOT NULL AUTO_INCREMENT;
--
-- AUTO_INCREMENT for table `product_validation_map`
--
ALTER TABLE `product_validation_map`
  MODIFY `id` int(11) NOT NULL AUTO_INCREMENT, AUTO_INCREMENT=2;
--
-- AUTO_INCREMENT for table `prospects`
--
ALTER TABLE `prospects`
  MODIFY `id` int(11) NOT NULL AUTO_INCREMENT, AUTO_INCREMENT=172;
--
-- AUTO_INCREMENT for table `prospects_upload`
--
ALTER TABLE `prospects_upload`
  MODIFY `upload_id` int(11) NOT NULL AUTO_INCREMENT, AUTO_INCREMENT=8;
--
-- AUTO_INCREMENT for table `prospects_upload_details`
--
ALTER TABLE `prospects_upload_details`
  MODIFY `id` int(11) NOT NULL AUTO_INCREMENT, AUTO_INCREMENT=77;
--
-- AUTO_INCREMENT for table `prospect_chats`
--
ALTER TABLE `prospect_chats`
  MODIFY `chatid` int(11) NOT NULL AUTO_INCREMENT, AUTO_INCREMENT=11;
--
-- AUTO_INCREMENT for table `questionaire`
--
ALTER TABLE `questionaire`
  MODIFY `id` int(11) NOT NULL AUTO_INCREMENT, AUTO_INCREMENT=4;
--
-- AUTO_INCREMENT for table `questionaire_options`
--
ALTER TABLE `questionaire_options`
  MODIFY `id` int(11) NOT NULL AUTO_INCREMENT, AUTO_INCREMENT=3;
--
-- AUTO_INCREMENT for table `questionaire_valuetype`
--
ALTER TABLE `questionaire_valuetype`
  MODIFY `id` int(11) NOT NULL AUTO_INCREMENT, AUTO_INCREMENT=3;
--
-- AUTO_INCREMENT for table `related_party_reference`
--
ALTER TABLE `related_party_reference`
  MODIFY `id` int(11) NOT NULL AUTO_INCREMENT;
--
-- AUTO_INCREMENT for table `resource_master`
--
ALTER TABLE `resource_master`
  MODIFY `id` int(11) NOT NULL AUTO_INCREMENT, AUTO_INCREMENT=5;
--
-- AUTO_INCREMENT for table `settings`
--
ALTER TABLE `settings`
  MODIFY `settings_id` int(11) NOT NULL AUTO_INCREMENT;
--
-- AUTO_INCREMENT for table `state`
--
ALTER TABLE `state`
  MODIFY `id` int(11) NOT NULL AUTO_INCREMENT COMMENT 'Primary key for table';
--
-- AUTO_INCREMENT for table `sys_conf`
--
ALTER TABLE `sys_conf`
  MODIFY `id` int(11) NOT NULL AUTO_INCREMENT, AUTO_INCREMENT=2;
--
-- AUTO_INCREMENT for table `tickler`
--
ALTER TABLE `tickler`
  MODIFY `ticklerid` int(11) NOT NULL AUTO_INCREMENT, AUTO_INCREMENT=28;
--
-- AUTO_INCREMENT for table `tsq_login`
--
ALTER TABLE `tsq_login`
  MODIFY `id` int(11) NOT NULL AUTO_INCREMENT, AUTO_INCREMENT=2;
--
-- AUTO_INCREMENT for table `users`
--
ALTER TABLE `users`
  MODIFY `id` int(5) NOT NULL AUTO_INCREMENT;
--
-- AUTO_INCREMENT for table `user_roles`
--
ALTER TABLE `user_roles`
  MODIFY `id` int(11) NOT NULL AUTO_INCREMENT, AUTO_INCREMENT=7;
--
-- AUTO_INCREMENT for table `validation_master`
--
ALTER TABLE `validation_master`
  MODIFY `id` int(11) NOT NULL AUTO_INCREMENT, AUTO_INCREMENT=2;
/*!40101 SET CHARACTER_SET_CLIENT=@OLD_CHARACTER_SET_CLIENT */;
/*!40101 SET CHARACTER_SET_RESULTS=@OLD_CHARACTER_SET_RESULTS */;
/*!40101 SET COLLATION_CONNECTION=@OLD_COLLATION_CONNECTION */;
